system:index,DEM,MNDWI,NDVI,S2_Valid,VH,VH_diff,VV,VV_diff,VV_ratio,conf_flood,conf_nonflood,label,slope,.geo
0,18,0,0,0,-21.23322617,1.207912734,-11.60271313,0.886478953,1.226444487,0,1,0,0,"{""geodesic"":false,""type"":""Point"",""coordinates"":[114.38360802104383,30.383762770538784]}"
1,25,-0.13380083,0.2785697,1,-14.97242029,0.508068298,-9.478787381,0.619518635,1.153325418,0,2,0,1.4208777,"{""geodesic"":false,""type"":""Point"",""coordinates"":[114.13432552970066,30.531984792418505]}"
2,31,0,0,0,-14.51654538,1.202236695,-6.6084987,-0.994040672,0.795418949,0,1,0,1.4249381,"{""geodesic"":false,""type"":""Point"",""coordinates"":[114.35558058417931,31.009529197456445]}"
3,34,0,0,0,-25.21835927,0.72507769,-20.19182375,1.269597026,1.339552387,0,1,0,0,"{""geodesic"":false,""type"":""Point"",""coordinates"":[114.36932480802633,31.154517284313332]}"
4,43,0,0,0,-16.76884641,-0.283935473,-8.04625212,-1.069236814,0.781765172,0,1,0,3.508027,"{""geodesic"":false,""type"":""Point"",""coordinates"":[114.3908843748452,30.075191470443727]}"
5,56,0,0,0,-14.54017567,1.326019938,-9.314772031,-0.610949965,0.868770376,0,1,0,3.3744628,"{""geodesic"":false,""type"":""Point"",""coordinates"":[114.51161794903086,31.07151295206069]}"
6,38,0,0,0,-13.80398386,1.94172619,-7.135824579,0.167219194,1.039254514,0,1,0,0.92740995,"{""geodesic"":false,""type"":""Point"",""coordinates"":[114.35692805710548,31.164758078552296]}"
7,46,0,0,0,-13.87598315,1.166561548,-8.78284032,1.601591853,1.445969676,0,1,0,2.9819388,"{""geodesic"":false,""type"":""Point"",""coordinates"":[114.33590747945709,30.797975948046297]}"
8,23,0,0,0,-14.40812611,1.057831072,-7.335530479,0.152058232,1.035632863,0,1,0,1.8543341,"{""geodesic"":false,""type"":""Point"",""coordinates"":[114.5442267938444,30.400201940238173]}"
9,24,0,0,0,-16.34019372,0.93380097,-9.66690578,-0.734587137,0.84438651,0,1,0,0,"{""geodesic"":false,""type"":""Point"",""coordinates"":[114.71077444752017,30.769409522011294]}"
10,31,0,0,0,-21.69654926,-0.047770694,-13.1568281,1.361728048,1.36827315,0,1,0,2.3469915,"{""geodesic"":false,""type"":""Point"",""coordinates"":[114.30329863464354,30.7025748648728]}"
11,17,0,0,0,-16.01612744,1.471882997,-9.782945039,1.07808567,1.281765468,0,1,0,1.4200801,"{""geodesic"":false,""type"":""Point"",""coordinates"":[114.53883690213968,30.436583709245014]}"
12,25,-0.4950298,0.7371809,1,-12.57846583,-0.146655051,-8.702681924,-0.896684234,0.813451336,0,2,0,1.8543341,"{""geodesic"":false,""type"":""Point"",""coordinates"":[113.94460134169462,30.63762666983096]}"
13,39,0,0,0,-14.84693125,0.572027593,-8.36337134,1.353068307,1.36554756,0,1,0,1.8543341,"{""geodesic"":false,""type"":""Point"",""coordinates"":[114.33617697404232,30.95967269918781]}"
14,28,0,0,0,-13.24571813,-0.312767953,-7.978043759,0.817579121,1.207140754,0,1,0,4.276317,"{""geodesic"":false,""type"":""Point"",""coordinates"":[114.26556939271053,30.035036777243587]}"
15,24,0,0,0,-10.52505501,0.952499897,-3.739841771,0.095869698,1.022320265,0,1,0,3.7249756,"{""geodesic"":false,""type"":""Point"",""coordinates"":[114.26907282231859,30.7093122295037]}"
16,37,0,0,0,-13.03738486,1.506668136,-6.306967081,0.928264071,1.238301523,0,1,0,2.3533478,"{""geodesic"":false,""type"":""Point"",""coordinates"":[114.44936469984138,31.010068186626913]}"
17,21,0,0,0,-16.22038562,-0.047366572,-9.821572565,0.989142609,1.255782021,0,1,0,3.36417,"{""geodesic"":false,""type"":""Point"",""coordinates"":[114.45205964569374,30.754317825238086]}"
18,51,0,0,0,-16.52494264,-0.684785478,-9.915323636,0.870353785,1.221899195,0,1,0,1.0800213,"{""geodesic"":false,""type"":""Point"",""coordinates"":[114.25101668510779,30.832471254956484]}"
19,50,0,0,0,-23.41962496,-0.575368806,-16.60497191,1.651223623,1.4625892,0,1,0,4.751237,"{""geodesic"":false,""type"":""Point"",""coordinates"":[114.28901542162605,31.054804287776065]}"
20,25,-0.50122935,0.6701847,1,-13.53286531,1.95727584,-9.10023091,-0.079565157,0.981846247,0,2,0,0,"{""geodesic"":false,""type"":""Point"",""coordinates"":[114.14052390516109,30.25332739128463]}"
21,33,-0.49003986,0.59841233,1,-13.32403679,1.722397996,-9.17041915,1.513965984,1.417087275,0,2,0,3.7047918,"{""geodesic"":false,""type"":""Point"",""coordinates"":[114.16208347197995,30.319353564667413]}"
22,27,0,0,0,-11.70412037,1.539924257,-6.499078899,1.208350779,1.320793971,0,1,0,2.1417468,"{""geodesic"":false,""type"":""Point"",""coordinates"":[114.27823563821661,30.146877030116467]}"
23,40,-0.5936436,0.80045164,1,-12.32569132,-0.32417609,-8.042749748,0.028106263,1.006492693,0,2,0,4.6273675,"{""geodesic"":false,""type"":""Point"",""coordinates"":[114.10926253327374,30.36193370913468]}"
24,87,0,0,0,-12.80854929,2.156828129,-7.265899221,0.150027735,1.035148777,0,1,0,4.4248033,"{""geodesic"":false,""type"":""Point"",""coordinates"":[114.4652648803703,31.16125464894423]}"
25,23,0,0,0,-20.6134195,0.735405185,-12.4971268,-0.627995574,0.865367225,0,1,0,1.4233785,"{""geodesic"":false,""type"":""Point"",""coordinates"":[114.38010459143577,30.82762035242224]}"
26,56,0,0,0,-15.1165811,2.022911682,-7.1727275,1.317537386,1.354421187,0,1,0,1.0810924,"{""geodesic"":false,""type"":""Point"",""coordinates"":[114.6442092849669,30.927602843544744]}"
27,94,0,0,0,-16.97801098,1.637881291,-7.968674446,-0.269443317,0.939843773,0,1,0,4.4288526,"{""geodesic"":false,""type"":""Point"",""coordinates"":[114.2577540497387,31.25234381875395]}"
28,39,0,0,0,-13.69139908,-0.548402427,-11.37966086,-0.78858665,0.833952539,0,1,0,0.92740995,"{""geodesic"":false,""type"":""Point"",""coordinates"":[114.46688184788171,31.0332447209572]}"
29,52,0,0,0,-17.6275032,-0.126291055,-11.63173415,-0.073361155,0.98324984,0,1,0,3.7323594,"{""geodesic"":false,""type"":""Point"",""coordinates"":[114.51080946527516,30.962637139625404]}"
30,42,0,0,0,-17.00778837,1.944449154,-10.34952902,0.269843372,1.064104641,0,1,0,1.0799525,"{""geodesic"":false,""type"":""Point"",""coordinates"":[114.25694556598297,30.82627287949606]}"
31,26,0,0,0,-15.44512922,-0.594254997,-8.275366529,-0.566529424,0.877701939,0,1,0,2.141969,"{""geodesic"":false,""type"":""Point"",""coordinates"":[114.48035657714351,30.187840207072316]}"
32,26,0,0,0,-10.89125039,1.057137083,-3.208143102,1.631234306,1.455872794,0,1,0,1.0786537,"{""geodesic"":false,""type"":""Point"",""coordinates"":[114.5396453858954,30.71065970242988]}"
33,26,0,0,0,-14.1864274,0.158065468,-7.418640273,1.207128769,1.320422381,0,1,0,4.3018928,"{""geodesic"":false,""type"":""Point"",""coordinates"":[114.5021856385476,30.595585514534168]}"
34,58,0,0,0,-17.25107844,0.248813698,-10.95385833,0.070272383,1.016312432,0,1,0,3.7342966,"{""geodesic"":false,""type"":""Point"",""coordinates"":[114.93068202907261,31.028393818422952]}"
35,40,0,0,0,-15.57430768,0.434014063,-6.765011885,1.520374199,1.419179796,0,1,0,2.3536837,"{""geodesic"":false,""type"":""Point"",""coordinates"":[114.4412798622843,31.026237861741066]}"
36,42,0,0,0,-12.66031989,1.627268601,-6.930225454,0.54192175,1.132901561,0,1,0,1.0837101,"{""geodesic"":false,""type"":""Point"",""coordinates"":[114.33779394155374,31.157751219336163]}"
37,50,0,0,0,-16.99935622,-0.437150902,-9.946256122,0.823929951,1.208907286,0,1,0,4.7504277,"{""geodesic"":false,""type"":""Point"",""coordinates"":[114.58788491665261,30.736800677197756]}"
38,69,0,0,0,-23.28767927,0.496818724,-17.95677052,0.032922856,1.007609575,0,1,0,1.4267092,"{""geodesic"":false,""type"":""Point"",""coordinates"":[114.2954832916717,31.213806093065223]}"
39,42,0,0,0,-16.29681771,0.896762125,-9.511272859,0.026507692,1.006122287,0,1,0,2.1674073,"{""geodesic"":false,""type"":""Point"",""coordinates"":[114.39977769615798,31.19116854790541]}"
40,24,-0.5640345,0.86640626,1,-21.53286159,1.904147877,-15.41663848,-0.325325078,0.927828038,0,2,0,0.92740995,"{""geodesic"":false,""type"":""Point"",""coordinates"":[113.82548473502037,30.475660424104213]}"
41,29,0,0,0,-13.70099105,0.887404069,-8.722605792,0.022558625,1.005207829,0,1,0,3.7311287,"{""geodesic"":false,""type"":""Point"",""coordinates"":[114.7584749891069,30.92059598432861]}"
42,33,0,0,0,-15.80664068,1.080253817,-5.456037493,1.2620871,1.337238002,0,1,0,3.8580775,"{""geodesic"":false,""type"":""Point"",""coordinates"":[114.33644646862756,30.804443818091958]}"
43,18,0,0,0,-13.42295832,0.52570169,-6.681140981,0.223019638,1.052693554,0,1,0,3.857963,"{""geodesic"":false,""type"":""Point"",""coordinates"":[114.44181885145477,30.76779255449988]}"
44,24,0,0,0,-14.93024031,1.791894102,-6.531596578,-0.984057121,0.797249559,0,1,0,1.8543341,"{""geodesic"":false,""type"":""Point"",""coordinates"":[114.70942697459398,30.60771277086978]}"
45,27,0,0,0,-14.05494231,1.444116063,-8.509372789,-0.666112453,0.857805358,0,1,0,2.1441545,"{""geodesic"":false,""type"":""Point"",""coordinates"":[114.48817192011535,30.14795500845741]}"
46,29,0,0,0,-11.79856446,2.034080365,-5.28818925,0.321400407,1.076812382,0,1,0,2.8455088,"{""geodesic"":false,""type"":""Point"",""coordinates"":[114.8013246281594,30.857264756798184]}"
47,53,0,0,0,-14.04112174,2.021115676,-9.113556204,0.047874901,1.011084587,0,1,0,2.3525558,"{""geodesic"":false,""type"":""Point"",""coordinates"":[114.56336090939615,30.97206945010866]}"
48,20,0,0,0,-25.78837369,1.027505378,-19.5711922,0.071316491,1.016556798,0,1,0,2.9817388,"{""geodesic"":false,""type"":""Point"",""coordinates"":[114.73718491687328,30.748658438948134]}"
49,30,0,0,0,-15.07416036,0.797506096,-8.005852429,0.658760072,1.163793714,0,1,0,1.4246942,"{""geodesic"":false,""type"":""Point"",""coordinates"":[114.78946686640903,30.98123226600668]}"
50,30,0,0,0,-1.295430098,0.376594261,2.924365045,0.975944697,1.251971578,0,1,0,2.3448894,"{""geodesic"":false,""type"":""Point"",""coordinates"":[114.35126867081553,30.599627933312703]}"
51,29,-0.58032215,0.4340949,1,-12.7567957,-0.567064492,-9.664421203,0.677231385,1.168754076,0,2,0,4.7489815,"{""geodesic"":false,""type"":""Point"",""coordinates"":[114.16450892324708,30.152805910991656]}"
52,40,0,0,0,-13.3167152,1.522383963,-7.045124539,1.324811233,1.35669156,0,1,0,0.92740995,"{""geodesic"":false,""type"":""Point"",""coordinates"":[114.28578148660321,30.799862410142946]}"
53,25,0,0,0,-24.66191443,0.932564968,-21.29365976,-0.878851406,0.816798364,0,1,0,0,"{""geodesic"":false,""type"":""Point"",""coordinates"":[114.77302769670965,30.89472450414597]}"
54,21,0,0,0,-17.24772238,-0.691821846,-9.456154011,0.559710282,1.137551397,0,1,0,2.8419616,"{""geodesic"":false,""type"":""Point"",""coordinates"":[114.27958311114278,30.648136958655158]}"
55,28,0,0,0,-17.02212658,1.544097706,-11.30000508,-0.600617222,0.870839817,0,1,0,2.3522496,"{""geodesic"":false,""type"":""Point"",""coordinates"":[114.80563654152319,30.957247247920687]}"
56,23,0,0,0,-14.54617505,-0.070166819,-6.478900952,0.722768446,1.181073281,0,1,0,1.079475,"{""geodesic"":false,""type"":""Point"",""coordinates"":[113.99607480747467,30.78396222961403]}"
57,23,-0.055243447,0.19685039,1,-16.87257391,1.350371909,-10.47093625,0.742931342,1.186569372,0,2,0,0.92740995,"{""geodesic"":false,""type"":""Point"",""coordinates"":[113.79503184688872,30.24227811328996]}"
58,36,0,0,0,-15.28816142,2.120329171,-9.844795996,-0.095784736,0.978186188,0,1,0,2.8453808,"{""geodesic"":false,""type"":""Point"",""coordinates"":[114.46418690202935,30.84971890841158]}"
59,26,0,0,0,-18.39755093,1.665990665,-12.9911806,-1.162603294,0.765137822,0,1,0,2.1456857,"{""geodesic"":false,""type"":""Point"",""coordinates"":[114.36393491632161,30.856995262212948]}"
60,29,-0.3929961,0.6086956,1,-19.76764956,0.395211425,-12.61494389,-0.99229649,0.795738463,0,2,0,2.834096,"{""geodesic"":false,""type"":""Point"",""coordinates"":[114.19415332762303,30.175443456151466]}"
61,28,0,0,0,-16.2462089,0.98326881,-12.24039022,0.127209423,1.029724254,0,1,0,1.8543341,"{""geodesic"":false,""type"":""Point"",""coordinates"":[114.89322228172483,30.88421421532177]}"
62,25,0,0,0,-16.81885797,0.996487337,-10.05001343,-0.379281687,0.916372043,0,1,0,4.9056144,"{""geodesic"":false,""type"":""Point"",""coordinates"":[114.3585450246169,30.457334792308174]}"
63,27,0,0,0,-16.16228228,1.636513622,-10.1752287,0.987375187,1.255271067,0,1,0,1.0812149,"{""geodesic"":false,""type"":""Point"",""coordinates"":[114.74769520569747,30.938382626954176]}"
64,38,0,0,0,-17.82329896,-0.652138826,-8.549772657,0.047230148,1.010934493,0,1,0,1.4240552,"{""geodesic"":false,""type"":""Point"",""coordinates"":[114.61672083727285,30.906582265896347]}"
65,24,0,0,0,-14.59680891,0.176548754,-5.935736393,1.160248042,1.30624549,0,1,0,2.98185,"{""geodesic"":false,""type"":""Point"",""coordinates"":[113.98556451865048,30.77614688664219]}"
66,57,0,0,0,-19.37914985,0.088839459,-13.90636581,0.095238105,1.0221716,0,1,0,2.9824893,"{""geodesic"":false,""type"":""Point"",""coordinates"":[114.9244836536122,30.933262229834696]}"
67,60,0,0,0,-15.50445633,2.114634006,-9.316340296,0.608137861,1.150307062,0,1,0,2.7802885,"{""geodesic"":false,""type"":""Point"",""coordinates"":[114.57764412241364,30.95374381831262]}"
68,18,0,0,0,-16.18484451,1.615413191,-11.34222403,-0.49707256,0.891851904,0,1,0,3.7251124,"{""geodesic"":false,""type"":""Point"",""coordinates"":[114.742574808578,30.714163132037942]}"
69,26,0,0,0,-14.52178347,0.666872595,-9.166497869,1.032747643,1.268454123,0,1,0,1.0797371,"{""geodesic"":false,""type"":""Point"",""coordinates"":[114.74284430316322,30.807138763944316]}"
70,21,0,0,0,-17.39360089,-0.221022217,-11.37989427,-0.244575193,0.945240847,0,1,0,3.3661149,"{""geodesic"":false,""type"":""Point"",""coordinates"":[114.51646885156511,30.814684612330918]}"
71,24,-0.2679524,0.5767511,1,-15.15249878,0.89524041,-10.64305355,-0.458995574,0.899705639,0,2,0,2.142178,"{""geodesic"":false,""type"":""Point"",""coordinates"":[113.7745502584108,30.226108438175807]}"
72,26,-0.45678252,0.82427925,1,-11.88287935,1.659309066,-8.789529785,-0.047129212,0.989206767,0,2,0,1.4197673,"{""geodesic"":false,""type"":""Point"",""coordinates"":[114.02356325516872,30.399123961897228]}"
73,33,0,0,0,-16.1959526,0.605366031,-7.325369717,0.285568248,1.06796452,0,1,0,2.8326254,"{""geodesic"":false,""type"":""Point"",""coordinates"":[114.3698637971968,30.085701759267927]}"
74,30,0,0,0,-13.13664945,1.525503536,-9.890152105,0.278819874,1.06630633,0,1,0,2.1458044,"{""geodesic"":false,""type"":""Point"",""coordinates"":[114.22891812911845,30.22395248149392]}"
75,19,0,0,0,-10.30061692,1.383062997,-8.120551437,1.342523841,1.362236097,0,1,0,3.725475,"{""geodesic"":false,""type"":""Point"",""coordinates"":[114.36797733510015,30.726559882958792]}"
76,50,0,0,0,-15.34590405,1.967556077,-7.532503586,0.403293048,1.097309918,0,1,0,0.92740995,"{""geodesic"":false,""type"":""Point"",""coordinates"":[114.59866470006205,30.91736204930578]}"
77,22,0,0,0,-15.33616292,0.921679868,-8.270381956,0.287025634,1.068322963,0,1,0,2.845556,"{""geodesic"":false,""type"":""Point"",""coordinates"":[114.47873960963209,30.859959702650542]}"
78,16,0,0,0,-24.5623086,-0.120123426,-15.7517129,1.518013123,1.418408458,0,1,0,0.92740995,"{""geodesic"":false,""type"":""Point"",""coordinates"":[114.70107264245166,30.671313492985444]}"
79,42,0,0,0,-16.48447094,1.918741328,-2.111188164,0.571233724,1.140573751,0,1,0,2.3485897,"{""geodesic"":false,""type"":""Point"",""coordinates"":[114.21813834570902,30.78018930542073]}"
80,21,0,0,0,-16.21267173,0.805265339,-8.816816936,-0.56609305,0.877790134,0,1,0,1.4200685,"{""geodesic"":false,""type"":""Point"",""coordinates"":[114.24266235296548,30.435236236318833]}"
81,46,0,0,0,-12.8248365,1.450157215,-8.670082536,1.272614436,1.34048341,0,1,0,2.3380094,"{""geodesic"":false,""type"":""Point"",""coordinates"":[114.28200856240991,30.259525766745053]}"
82,39,0,0,0,-14.1697386,0.065510328,-7.920812595,-0.175665011,0.960358753,0,1,0,3.3678496,"{""geodesic"":false,""type"":""Point"",""coordinates"":[114.19388383303779,30.868314034792853]}"
83,19,0,0,0,-17.37351481,-0.728771362,-11.26085687,0.345498825,1.082804077,0,1,0,1.0746009,"{""geodesic"":false,""type"":""Point"",""coordinates"":[114.47873960963209,30.344686055679585]}"
84,18,0,0,0,-16.73361517,1.404045775,-6.969927085,-0.052985562,0.987873746,0,1,0,2.1445177,"{""geodesic"":false,""type"":""Point"",""coordinates"":[114.78057354509625,30.64948443158134]}"
85,31,0,0,0,-13.68875368,-0.585383885,-6.53618832,-0.722528792,0.846734238,0,1,0,2.9821656,"{""geodesic"":false,""type"":""Point"",""coordinates"":[114.49733473601336,30.853761327190117]}"
86,22,0,0,0,-14.76717308,2.124208335,-10.19653911,0.412345591,1.099599564,0,1,0,0.92740995,"{""geodesic"":false,""type"":""Point"",""coordinates"":[114.55689303935048,30.364359160401804]}"
87,41,0,0,0,-14.32323478,2.075881428,-8.957411553,0.668229819,1.166334123,0,1,0,2.3388677,"{""geodesic"":false,""type"":""Point"",""coordinates"":[114.5013771547919,30.30210591121232]}"
88,28,0,0,0,-10.32352284,1.419693903,-5.716322356,0.118453841,1.027650373,0,1,0,4.7497168,"{""geodesic"":false,""type"":""Point"",""coordinates"":[114.37552318348675,30.45221439518869]}"
89,31,-0.39154267,0.578013,1,-13.8386839,1.722261408,-6.56532991,-0.012480181,0.997130457,0,2,0,1.8543341,"{""geodesic"":false,""type"":""Point"",""coordinates"":[114.15238166691147,30.503418366383503]}"
90,45,0,0,0,-15.45956214,2.225150766,-10.14074674,0.725266412,1.181752803,0,1,0,3.3685248,"{""geodesic"":false,""type"":""Point"",""coordinates"":[114.57791361699888,30.889065117856013]}"
91,58,0,0,0,-22.55884263,1.02592612,-16.15563203,-0.175243412,0.960451986,0,1,0,3.8581393,"{""geodesic"":false,""type"":""Point"",""coordinates"":[114.29332733498983,30.824116922814174]}"
92,21,0,0,0,-16.52527046,-0.034989804,-9.676179237,1.192972509,1.31612534,0,1,0,3.858434,"{""geodesic"":false,""type"":""Point"",""coordinates"":[114.34291433867321,30.918170533061488]}"
93,32,0,0,0,-12.57169609,0.235465263,-5.020249462,0.539906163,1.132375896,0,1,0,2.143588,"{""geodesic"":false,""type"":""Point"",""coordinates"":[114.43050007887487,30.482397788735106]}"
94,23,0,0,0,-14.573359,-0.543392759,-10.72801356,0.115626526,1.026981576,0,1,0,1.8543341,"{""geodesic"":false,""type"":""Point"",""coordinates"":[114.84147932135956,30.799053926387238]}"
95,23,0,0,0,-12.53952007,0.733986732,-9.19891392,-0.839265303,0.824277546,0,1,0,1.4228227,"{""geodesic"":false,""type"":""Point"",""coordinates"":[114.80375007942654,30.762133168209928]}"
96,28,0,0,0,-13.88200676,0.56172053,-8.729078442,1.567593968,1.434694379,0,1,0,1.8543341,"{""geodesic"":false,""type"":""Point"",""coordinates"":[114.56201343646997,30.381606813856898]}"
97,49,0,0,0,-13.76826069,2.217013832,-9.201895704,-0.767738468,0.837965528,0,1,0,3.5204172,"{""geodesic"":false,""type"":""Point"",""coordinates"":[114.32917011482618,30.991742554830875]}"
98,32,0,0,0,-12.55055221,0.572371832,-4.981136218,0.894779151,1.228790698,0,1,0,1.8543341,"{""geodesic"":false,""type"":""Point"",""coordinates"":[114.35369412208266,30.718744539986954]}"
99,22,0,0,0,-12.94855791,1.106520534,-7.939847452,-0.508274458,0.889554486,0,1,0,1.0797496,"{""geodesic"":false,""type"":""Point"",""coordinates"":[114.39923870698752,30.808216742285257]}"
100,56,0,0,0,-14.30721665,0.916398623,-11.88766318,1.245967645,1.332283853,0,1,0,1.081759,"{""geodesic"":false,""type"":""Point"",""coordinates"":[114.89214430338389,30.98635266312616]}"
101,23,0,0,0,-15.27994825,0.947907139,-8.858300712,0.413945914,1.100004828,0,1,0,2.844487,"{""geodesic"":false,""type"":""Point"",""coordinates"":[114.47308022334214,30.797167464290588]}"
102,37,0,0,0,-14.35312346,0.767182248,-6.365809354,-0.127653361,0.971034508,0,1,0,2.145906,"{""geodesic"":false,""type"":""Point"",""coordinates"":[114.47712264212068,30.89580248248691]}"
103,49,0,0,0,-19.14682336,-0.394793227,-11.29506594,0.502645407,1.122702115,0,1,0,1.8543341,"{""geodesic"":false,""type"":""Point"",""coordinates"":[114.36097047588402,30.956169269579743]}"
104,52,0,0,0,-12.8654066,1.077712991,-8.02666526,-1.129860524,0.770928227,0,1,0,4.7509427,"{""geodesic"":false,""type"":""Point"",""coordinates"":[114.7215542309296,30.939730099880357]}"
105,28,-0.5129566,0.7839948,1,-16.96270587,0.947192675,-9.825796859,-0.463012969,0.898873761,0,2,0,0,"{""geodesic"":false,""type"":""Point"",""coordinates"":[113.90902805644349,30.460568727331005]}"
106,27,0,0,0,-14.89201686,0.290218695,-4.687373943,0.736118373,1.184709408,0,1,0,3.5180929,"{""geodesic"":false,""type"":""Point"",""coordinates"":[114.37336722680487,30.823308439058465]}"
107,25,0,0,0,-8.628692475,0.896009227,-1.94564288,-0.270309247,0.939656398,0,1,0,0.92740995,"{""geodesic"":false,""type"":""Point"",""coordinates"":[114.41891181170973,30.705000316139927]}"
108,29,0,0,0,-13.1494213,1.851866356,-9.831064647,1.229030213,1.327098081,0,1,0,1.078362,"{""geodesic"":false,""type"":""Point"",""coordinates"":[114.35342462749742,30.684518727662]}"
109,28,0,0,0,-15.48121384,1.841539213,-9.075900438,0.310342841,1.074074199,0,1,0,2.8346353,"{""geodesic"":false,""type"":""Point"",""coordinates"":[114.2871289595294,30.20832179555024]}"
110,34,-0.62027836,0.7390808,1,-12.60707043,1.651890246,-8.265812864,-0.443244224,0.90297469,0,2,0,2.8380334,"{""geodesic"":false,""type"":""Point"",""coordinates"":[114.01008852590694,30.413676669499964]}"
111,24,0,0,0,-13.2704096,0.955003316,-6.915225651,1.510253796,1.41587652,0,1,0,4.6273675,"{""geodesic"":false,""type"":""Point"",""coordinates"":[114.57980007909553,30.331750315588263]}"
112,28,0,0,0,-13.84853294,1.678872928,-8.002007852,-0.260833139,0.941708924,0,1,0,0,"{""geodesic"":false,""type"":""Point"",""coordinates"":[114.79216181226138,30.97260843927913]}"
113,41,0,0,0,-13.12249268,1.504124904,-6.678835412,1.130974018,1.29747023,0,1,0,3.349707,"{""geodesic"":false,""type"":""Point"",""coordinates"":[114.48493798509251,30.30021944911567]}"
114,30,0,0,0,-15.86456237,0.972986906,-10.86023392,1.643153833,1.459874031,0,1,0,1.4248161,"{""geodesic"":false,""type"":""Point"",""coordinates"":[114.43993238935812,30.99524598443894]}"
115,23,0,0,0,-12.55981145,1.223891262,-8.360577525,-0.009311962,0.997858139,0,1,0,0,"{""geodesic"":false,""type"":""Point"",""coordinates"":[114.83878437550719,30.78018930542073]}"
116,30,0,0,0,-12.75455713,1.410550678,-8.578480729,0.141516917,1.033122195,0,1,0,2.979137,"{""geodesic"":false,""type"":""Point"",""coordinates"":[114.28173906782467,30.092169629313588]}"
117,61,0,0,0,-15.50653182,0.779408234,-9.802701124,0.943484536,1.24264894,0,1,0,2.3525846,"{""geodesic"":false,""type"":""Point"",""coordinates"":[114.72317119844101,30.973416923034836]}"
118,37,0,0,0,-15.15434455,-0.34714025,-7.810953817,-0.394449844,0.913177108,0,1,0,0.92740995,"{""geodesic"":false,""type"":""Point"",""coordinates"":[114.8719322094912,30.930836778567574]}"
119,22,0,0,0,-17.65921388,-0.662490226,-9.516446264,-0.624538636,0.866056322,0,1,0,2.157009,"{""geodesic"":false,""type"":""Point"",""coordinates"":[114.45394610779039,30.73141078549304]}"
120,33,0,0,0,-11.2168799,1.656272547,-6.216239916,0.579473168,1.142739703,0,1,0,2.7802885,"{""geodesic"":false,""type"":""Point"",""coordinates"":[114.46122246159176,30.59477703077846]}"
121,22,0,0,0,-12.69978265,1.945425195,-8.595298419,1.29018531,1.345917782,0,1,0,2.3485556,"{""geodesic"":false,""type"":""Point"",""coordinates"":[114.75200711906125,30.778572337909313]}"
122,27,0,0,0,-14.93017637,0.852922129,-10.73302389,-0.170488882,0.961504037,0,1,0,4.9122915,"{""geodesic"":false,""type"":""Point"",""coordinates"":[114.81237390615408,30.76375013572134]}"
123,49,0,0,0,-14.50156949,1.00589551,-8.001738243,0.107957303,1.025169626,0,1,0,1.4247253,"{""geodesic"":false,""type"":""Point"",""coordinates"":[114.28658997035892,30.984735695614745]}"
124,38,0,0,0,-16.94652412,1.635648598,-9.858027517,0.093038545,1.021654035,0,1,0,1.8543341,"{""geodesic"":false,""type"":""Point"",""coordinates"":[114.71050495293493,30.965332085477762]}"
125,57,0,0,0,-14.06233578,0.321274362,-7.386351837,0.834787258,1.21193332,0,1,0,4.268758,"{""geodesic"":false,""type"":""Point"",""coordinates"":[114.46876830997836,31.047258439389463]}"
126,35,0,0,0,-17.7816841,0.52416725,-10.45355923,-0.684335406,0.854213556,0,1,0,3.3634546,"{""geodesic"":false,""type"":""Point"",""coordinates"":[114.57036776861229,30.732219269248745]}"
127,20,0,0,0,-25.69005009,-0.390579999,-22.15170809,-0.488846025,0.893542878,0,1,0,4.3836627,"{""geodesic"":false,""type"":""Point"",""coordinates"":[114.49410080099054,30.21425067642543]}"
128,26,0,0,0,-16.72949785,1.133348116,-11.01632125,-0.158533069,0.964154634,0,1,0,1.4230187,"{""geodesic"":false,""type"":""Point"",""coordinates"":[114.55608455559478,30.78530970254021]}"
129,28,0,0,0,-14.15880141,1.379392322,-8.782268743,-0.889841255,0.814734064,0,1,0,0.92740995,"{""geodesic"":false,""type"":""Point"",""coordinates"":[114.41891181170973,30.732219269248745]}"
130,28,-0.21027923,0.19552796,1,-15.93045659,0.921903545,-10.05315785,0.067671246,1.015703911,0,2,0,2.147333,"{""geodesic"":false,""type"":""Point"",""coordinates"":[114.11007101702944,30.294021073655244]}"
131,22,0,0,0,-14.13312851,-0.596180534,-6.756128573,0.897738546,1.229628313,0,1,0,4.284841,"{""geodesic"":false,""type"":""Point"",""coordinates"":[114.38576397772572,30.81010320438191]}"
132,28,-0.42771265,0.5651679,1,-14.67156863,-0.125061754,-4.954532291,0.747722722,1.187879185,0,2,0,2.840457,"{""geodesic"":false,""type"":""Point"",""coordinates"":[114.12893563799595,30.558664756356855]}"
133,31,0,0,0,-13.59884105,-0.097066154,-7.377893454,-0.427826961,0.906185907,0,1,0,4.901126,"{""geodesic"":false,""type"":""Point"",""coordinates"":[114.24023690169835,30.247937499579912]}"
134,66,0,0,0,-16.0315589,0.423078236,-9.12959494,1.51843856,1.418547413,0,1,0,1.0814569,"{""geodesic"":false,""type"":""Point"",""coordinates"":[114.57467968197605,30.95967269918781]}"
135,25,-0.4236632,0.5672695,1,-24.90070743,-0.038487662,-16.71749976,-0.192258009,0.956696531,0,2,0,3.3490338,"{""geodesic"":false,""type"":""Point"",""coordinates"":[113.88261758709038,30.278929376882036]}"
136,25,-0.33827344,0.5237819,1,-14.88901559,-0.498824037,-10.68135577,0.880284902,1.224696538,0,2,0,0.92740995,"{""geodesic"":false,""type"":""Point"",""coordinates"":[113.76430946417183,30.32609092929831]}"
137,53,0,0,0,-15.61478561,1.269763702,-10.26331027,-0.735507592,0.844207567,0,1,0,4.6273675,"{""geodesic"":false,""type"":""Point"",""coordinates"":[114.49679574684289,30.497219990923078]}"
138,34,0,0,0,-3.978890098,1.80077953,-1.650449086,1.0016891,1.25941514,0,1,0,2.9806938,"{""geodesic"":false,""type"":""Point"",""coordinates"":[114.39735224489085,30.48805717502506]}"
139,37,0,0,0,-14.16312969,1.716088179,-6.426204949,1.306861865,1.351095932,0,1,0,1.8543341,"{""geodesic"":false,""type"":""Point"",""coordinates"":[114.55877950144713,30.650292915337047]}"
140,27,0,0,0,-11.53571149,1.97570852,-7.194209259,-0.501524187,0.890938202,0,1,0,1.077792,"{""geodesic"":false,""type"":""Point"",""coordinates"":[114.40462859869223,30.633314756467186]}"
141,60,0,0,0,-12.32730459,2.076833125,-8.51959748,0.613041455,1.151606601,0,1,0,1.8543341,"{""geodesic"":false,""type"":""Point"",""coordinates"":[114.92960405073168,30.930028294811866]}"
142,38,0,0,0,-14.73346907,1.295056507,-9.963687575,0.346880408,1.083148595,0,1,0,0,"{""geodesic"":false,""type"":""Point"",""coordinates"":[114.44586127023331,31.030819269690074]}"
143,39,0,0,0,-17.16561927,0.017201082,-11.41569253,1.131538201,1.297638792,0,1,0,1.4240314,"{""geodesic"":false,""type"":""Point"",""coordinates"":[114.68598094567847,30.90388732004399]}"
144,39,0,0,0,-16.8303256,-0.198688342,-8.279021633,1.571885902,1.436112923,0,1,0,2.1422963,"{""geodesic"":false,""type"":""Point"",""coordinates"":[114.34992119788934,30.247668004994676]}"
145,21,0,0,0,-11.40785481,0.90987921,-6.747312356,0.682343238,1.170130565,0,1,0,0,"{""geodesic"":false,""type"":""Point"",""coordinates"":[114.75416307574314,30.769948511181767]}"
146,51,0,0,0,-16.04369082,-0.077299135,-8.057151405,0.978478854,1.25270233,0,1,0,0,"{""geodesic"":false,""type"":""Point"",""coordinates"":[114.9605959280338,30.870469991474742]}"
147,102,0,0,0,-14.88792855,-0.034970518,-5.951367666,1.273610466,1.340790878,0,1,0,3.2466106,"{""geodesic"":false,""type"":""Point"",""coordinates"":[114.43103906804534,31.11624905320984]}"
148,24,-0.56121045,0.68389225,1,-14.32902187,-0.493114509,-10.03678327,-0.933838401,0.806521891,0,2,0,1.8543341,"{""geodesic"":false,""type"":""Point"",""coordinates"":[113.8316831104808,30.254944358796045]}"
149,28,0,0,0,-13.18081769,1.5285124,-7.862808725,1.420887748,1.387039327,0,1,0,1.4224995,"{""geodesic"":false,""type"":""Point"",""coordinates"":[114.39681325572039,30.72413443169167]}"
150,23,-0.49510336,0.8014914,1,-14.29102272,0.319942421,-8.107622299,0.893576332,1.22845042,0,2,0,2.1440277,"{""geodesic"":false,""type"":""Point"",""coordinates"":[114.0383854573567,30.56162919679445]}"
151,143,0,0,0,-14.57497963,2.001873713,-9.048211139,1.418828517,1.38638181,0,1,0,0,"{""geodesic"":false,""type"":""Point"",""coordinates"":[114.22918762370368,31.311902122091073]}"
152,31,0,0,0,-15.27384173,1.518749171,-9.715834226,-0.380896144,0.916031452,0,1,0,2.3427367,"{""geodesic"":false,""type"":""Point"",""coordinates"":[114.5892323895788,30.49398605590025]}"
153,22,0,0,0,-15.1165853,-0.733311009,-8.490669337,0.554266818,1.136126479,0,1,0,1.4188672,"{""geodesic"":false,""type"":""Point"",""coordinates"":[114.40705404995936,30.290787138632414]}"
154,45,0,0,0,-14.86931253,1.583714471,-5.27376762,1.661329803,1.465996658,0,1,0,2.8377655,"{""geodesic"":false,""type"":""Point"",""coordinates"":[114.45421560237563,30.397506994385814]}"
155,38,0,0,0,-13.76431072,1.341788084,-8.199896358,1.635703715,1.457371833,0,1,0,1.8543341,"{""geodesic"":false,""type"":""Point"",""coordinates"":[114.41918130629496,30.386188221805906]}"
156,24,0,0,0,-25.46492396,-0.109607859,-16.33250276,-0.071472911,0.983677435,0,1,0,1.0741014,"{""geodesic"":false,""type"":""Point"",""coordinates"":[114.22730116160703,30.299141470774725]}"
157,46,0,0,0,-15.5683272,0.564920122,-7.627076929,1.052769999,1.2743156,0,1,0,4.4133997,"{""geodesic"":false,""type"":""Point"",""coordinates"":[114.51296542195705,30.903348330873516]}"
158,23,-0.5634369,0.745801,1,-14.30720313,-0.626289144,-11.30818257,-0.705530482,0.850054854,0,2,0,1.8543341,"{""geodesic"":false,""type"":""Point"",""coordinates"":[113.80203870610485,30.33525374519633]}"
159,51,0,0,0,-13.17436645,1.08769811,-9.457288123,1.203761936,1.319399131,0,1,0,2.1618047,"{""geodesic"":false,""type"":""Point"",""coordinates"":[114.19981271391298,30.944850496999837]}"
160,18,0,0,0,-17.38615039,0.117677482,-9.615748161,0.910141839,1.233145107,0,1,0,2.3471227,"{""geodesic"":false,""type"":""Point"",""coordinates"":[114.54234033174775,30.708773240333226]}"
161,63,0,0,0,-16.65481116,0.006125436,-8.665541533,0.283236783,1.067391348,0,1,0,2.850364,"{""geodesic"":false,""type"":""Point"",""coordinates"":[114.46068347242128,31.13969508212536]}"
162,41,0,0,0,-14.20435694,1.895310275,-8.367103963,1.221825841,1.324898426,0,1,0,2.9796531,"{""geodesic"":false,""type"":""Point"",""coordinates"":[114.29413581874553,30.224491470664393]}"
163,34,0,0,0,-14.79481689,1.706767724,-5.79181601,1.012540878,1.262565994,0,1,0,2.1411223,"{""geodesic"":false,""type"":""Point"",""coordinates"":[114.28362552992132,30.03153334763552]}"
164,34,0,0,0,-15.93501196,1.462224118,-10.09694126,-0.135738192,0.969228511,0,1,0,2.3515806,"{""geodesic"":false,""type"":""Point"",""coordinates"":[114.2925188512341,30.924907897692385]}"
165,37,-0.20796093,-0.03800116,1,-15.62223251,0.918680517,-3.099219993,1.059459514,1.276279964,0,2,0,1.4202936,"{""geodesic"":false,""type"":""Point"",""coordinates"":[114.11330495205226,30.462185694842418]}"
166,24,-0.41496092,0.69440866,1,-13.63086369,1.509512272,-9.128170498,0.446862234,1.108373729,0,2,0,2.1435204,"{""geodesic"":false,""type"":""Point"",""coordinates"":[113.80284718986056,30.470270532399493]}"
167,16,0,0,0,-26.7540951,0.287037624,-20.24960606,0.761024446,1.19152304,0,1,0,0,"{""geodesic"":false,""type"":""Point"",""coordinates"":[114.52266722702554,30.43146331212553]}"
168,26,0,0,0,-14.97478031,0.201935381,-0.688340497,0.796986622,1.201430526,0,1,0,4.2540035,"{""geodesic"":false,""type"":""Point"",""coordinates"":[114.42376271424398,30.465689124450485]}"
169,24,-0.5263572,0.6219479,1,-16.76353322,0.937737923,-10.6945383,-0.626797281,0.865606028,0,2,0,1.0749885,"{""geodesic"":false,""type"":""Point"",""coordinates"":[113.83356957257745,30.37998984634548]}"
170,28,-0.47759363,0.5934633,1,-16.07537621,1.611093664,-9.909503955,-0.466281608,0.898197494,0,2,0,3.7216604,"{""geodesic"":false,""type"":""Point"",""coordinates"":[114.12651018672882,30.59477703077846]}"
171,44,0,0,0,-18.94518343,1.903683961,-12.39853774,-0.816761976,0.828559693,0,1,0,0.92740995,"{""geodesic"":false,""type"":""Point"",""coordinates"":[114.3156953855644,30.102140928967316]}"
172,42,0,0,0,-13.04622017,2.180913416,-6.2428277,0.083189634,1.019339757,0,1,0,2.3503208,"{""geodesic"":false,""type"":""Point"",""coordinates"":[114.29656127001265,30.864271616014317]}"
173,37,0,0,0,-7.532618717,1.185138768,-1.357392968,0.52277136,1.127916983,0,1,0,2.1549702,"{""geodesic"":false,""type"":""Point"",""coordinates"":[114.44747823774473,30.640052121098083]}"
174,19,0,0,0,-14.1736142,1.198011495,-8.171170803,1.406711246,1.382519051,0,1,0,1.8543341,"{""geodesic"":false,""type"":""Point"",""coordinates"":[114.58438148704454,30.81522360150139]}"
175,24,-0.5070769,0.57230943,1,-14.59401693,1.298325084,-9.225721359,0.474798878,1.11552649,0,2,0,1.4202518,"{""geodesic"":false,""type"":""Point"",""coordinates"":[113.81793888663377,30.457334792308174]}"
176,38,0,0,0,-14.70101644,0.446450141,-8.2544358,0.777031779,1.195922889,0,1,0,1.8543341,"{""geodesic"":false,""type"":""Point"",""coordinates"":[114.65445007920587,30.63304526188195]}"
177,23,0,0,0,-18.44107569,0.599260803,-10.33622309,-0.333295386,0.92612682,0,1,0,1.8543341,"{""geodesic"":false,""type"":""Point"",""coordinates"":[114.57629664948747,30.799862410142946]}"
178,24,0,0,0,-24.20174115,2.058950867,-18.84341909,0.772070916,1.194557589,0,1,0,3.5197935,"{""geodesic"":false,""type"":""Point"",""coordinates"":[114.40759303912982,30.946736959096487]}"
179,34,0,0,0,-13.70538618,1.862890578,-5.316460224,1.696448893,1.477899456,0,1,0,1.4240005,"{""geodesic"":false,""type"":""Point"",""coordinates"":[114.18633798465119,30.900383890435922]}"
180,90,0,0,0,-15.2643333,-0.198561034,-9.166197693,0.039054318,1.009033144,0,1,0,2.3591359,"{""geodesic"":false,""type"":""Point"",""coordinates"":[114.26934231690383,31.285761147323196]}"
181,23,0,0,0,-19.18156861,0.402528632,-13.48845526,1.528766825,1.421924976,0,1,0,1.8543341,"{""geodesic"":false,""type"":""Point"",""coordinates"":[114.31057498844491,30.702844359458037]}"
182,20,0,0,0,-14.56919748,1.567348194,-9.029754826,-0.610054906,0.868949443,0,1,0,1.4226505,"{""geodesic"":false,""type"":""Point"",""coordinates"":[114.00550711795792,30.741921074317236]}"
183,31,0,0,0,-14.60420164,-0.223879963,-9.064295031,-0.068183907,0.984422677,0,1,0,3.3647878,"{""geodesic"":false,""type"":""Point"",""coordinates"":[114.30249015088783,30.77372143537507]}"
184,28,-0.47212797,0.59655875,1,-16.04710203,1.788714766,-13.14616196,-0.918833137,0.809313316,0,2,0,2.7802885,"{""geodesic"":false,""type"":""Point"",""coordinates"":[114.1669343745142,30.386996705561614]}"
185,38,0,0,0,-15.59911332,-0.082607421,-9.003225016,-0.036532035,0.991623468,0,1,0,1.8543341,"{""geodesic"":false,""type"":""Point"",""coordinates"":[114.34533978994034,30.954013312897857]}"
186,23,0,0,0,-13.09864193,2.193993373,-7.508310428,-0.644085206,0.862167166,0,1,0,1.079201,"{""geodesic"":false,""type"":""Point"",""coordinates"":[114.0804266126535,30.759438222357566]}"
187,34,0,0,0,-17.35723217,0.989415894,-8.55588957,1.015455074,1.263413483,0,1,0,3.5091128,"{""geodesic"":false,""type"":""Point"",""coordinates"":[114.21948581863519,30.157387318940664]}"
188,34,0,0,0,-20.95806187,0.702927835,-12.09810782,1.74326193,1.493916049,0,1,0,0.92740995,"{""geodesic"":false,""type"":""Point"",""coordinates"":[114.41540838210166,30.40154941316435]}"
189,35,0,0,0,-18.96907233,1.241769933,-12.81105786,0.498517237,1.121635441,0,1,0,3.2136445,"{""geodesic"":false,""type"":""Point"",""coordinates"":[114.33429051194567,30.126125947053307]}"
190,57,0,0,0,-14.80075414,1.312337631,-10.02973674,0.05772892,1.013381314,0,1,0,2.8466477,"{""geodesic"":false,""type"":""Point"",""coordinates"":[114.60567155927818,30.92382991935144]}"
191,20,0,0,0,-26.37082889,1.342302557,-19.04000989,-0.453896488,0.900762611,0,1,0,0.92740995,"{""geodesic"":false,""type"":""Point"",""coordinates"":[114.40678455537412,30.811720171893324]}"
192,25,-0.33254647,0.40882817,1,-15.19706262,1.633381511,-6.53928767,0.206475634,1.048691054,0,2,0,2.7802885,"{""geodesic"":false,""type"":""Point"",""coordinates"":[114.16585639617325,30.5492324458736]}"
193,71,0,0,0,-13.97185792,1.826622669,-7.246520996,-0.345272182,0.923576304,0,1,0,2.9824066,"{""geodesic"":false,""type"":""Point"",""coordinates"":[114.99239628909163,30.913050135942008]}"
194,29,0,0,0,-15.22378635,-0.506666405,-9.605445485,0.342957214,1.082170576,0,1,0,0,"{""geodesic"":false,""type"":""Point"",""coordinates"":[114.79162282309092,30.983927211859037]}"
195,39,0,0,0,-11.69166601,0.520297803,-5.778110448,1.324938826,1.356731419,0,1,0,1.4197071,"{""geodesic"":false,""type"":""Point"",""coordinates"":[114.44289682979571,30.39184760809586]}"
196,34,0,0,0,-16.73768677,-0.433200675,-7.831166944,1.29068366,1.346072234,0,1,0,2.1458824,"{""geodesic"":false,""type"":""Point"",""coordinates"":[114.18957191967401,30.891760063708375]}"
197,34,0,0,0,-13.70703265,-0.623551587,-5.873229893,-0.97483469,0.798944352,0,1,0,2.1456714,"{""geodesic"":false,""type"":""Point"",""coordinates"":[114.45987498866558,30.854569810945826]}"
198,26,0,0,0,-14.4434866,0.251735663,-10.22630058,0.90902231,1.232827266,0,1,0,1.0816456,"{""geodesic"":false,""type"":""Point"",""coordinates"":[114.43427300306817,30.97638136347243]}"
199,19,0,0,0,-14.83229506,0.845193852,-7.566841063,-0.852251341,0.821816518,0,1,0,0,"{""geodesic"":false,""type"":""Point"",""coordinates"":[114.4013946636694,30.600436417068412]}"
200,35,-0.63512635,0.67958516,1,-14.58842625,2.015474495,-9.447423964,-0.261655204,0.941530687,0,2,0,1.8543341,"{""geodesic"":false,""type"":""Point"",""coordinates"":[113.96535242475778,30.501262409701617]}"
201,35,0,0,0,-9.053835238,0.958298855,-2.016917219,0.365738594,1.087862132,0,1,0,4.672179,"{""geodesic"":false,""type"":""Point"",""coordinates"":[114.30707155883685,30.357621795770907]}"
202,28,0,0,0,-17.25257148,1.234643457,-9.363321241,1.656073129,1.464223298,0,1,0,2.843869,"{""geodesic"":false,""type"":""Point"",""coordinates"":[114.62803960985275,30.760785695283747]}"
203,44,0,0,0,-13.7268945,0.381954007,-8.680370199,1.600654573,1.445657645,0,1,0,0,"{""geodesic"":false,""type"":""Point"",""coordinates"":[114.3337515227752,30.893646525805025]}"
204,30,0,0,0,-14.97029782,0.561182743,-10.9086201,-1.063115114,0.782867905,0,1,0,2.1457753,"{""geodesic"":false,""type"":""Point"",""coordinates"":[114.64932968208639,30.872895442741864]}"
205,25,-0.24256177,0.5910931,1,-13.41782924,0.826127484,-9.420173656,0.368981689,1.088674797,0,2,0,2.150706,"{""geodesic"":false,""type"":""Point"",""coordinates"":[113.8774971899709,30.447363492654446]}"
206,46,0,0,0,-15.84766244,-0.090049196,-9.073408526,0.33061333,1.079099107,0,1,0,2.1606698,"{""geodesic"":false,""type"":""Point"",""coordinates"":[114.72505766053766,30.894455009560733]}"
207,23,-0.2284069,-0.002217295,1,-16.98440524,0.833596519,-9.695779702,0.500873501,1.12224415,0,2,0,1.8543341,"{""geodesic"":false,""type"":""Point"",""coordinates"":[114.16450892324708,30.423378474568455]}"
208,46,0,0,0,-14.87837823,1.027931825,-9.341001609,0.80979025,1.204977743,0,1,0,2.350982,"{""geodesic"":false,""type"":""Point"",""coordinates"":[114.45906650490987,30.896071977072147]}"
209,32,0,0,0,-15.68932067,2.095072219,-9.487145131,1.191153503,1.315574207,0,1,0,2.3493855,"{""geodesic"":false,""type"":""Point"",""coordinates"":[114.22245025907279,30.818996525694693]}"
210,26,-0.41668978,0.60792637,1,-14.46611489,0.509419312,-7.852194784,1.171867774,1.309745085,0,2,0,2.1439583,"{""geodesic"":false,""type"":""Point"",""coordinates"":[114.11761686541604,30.5492324458736]}"
211,38,0,0,0,-13.30587367,0.541748933,2.432092469,0.974764366,1.251631362,0,1,0,3.722269,"{""geodesic"":false,""type"":""Point"",""coordinates"":[114.45987498866558,30.615797608426856]}"
212,28,0,0,0,-3.343491565,1.21041766,-0.86735439,-0.536816953,0.883727368,0,1,0,1.077693,"{""geodesic"":false,""type"":""Point"",""coordinates"":[114.37525368890152,30.624421435154403]}"
213,38,0,0,0,-11.28065236,1.617434824,-2.050747118,0.362125453,1.086957454,0,1,0,1.4214336,"{""geodesic"":false,""type"":""Point"",""coordinates"":[114.45340711861992,30.59801096580129]}"
214,59,0,0,0,-17.30255395,-0.278335537,-10.71390494,-1.085754173,0.778797561,0,1,0,4.4159036,"{""geodesic"":false,""type"":""Point"",""coordinates"":[114.56389989856662,30.96021168835828]}"
215,20,0,0,0,-18.42928873,2.039823535,-11.78442714,0.38142216,1.091797803,0,1,0,3.8578687,"{""geodesic"":false,""type"":""Point"",""coordinates"":[114.7207457471739,30.737609160953465]}"
216,41,0,0,0,-13.75303246,1.527053107,-8.171532695,-0.425176035,0.90673921,0,1,0,2.7802885,"{""geodesic"":false,""type"":""Point"",""coordinates"":[114.37848762392434,31.143198511733427]}"
217,68,0,0,0,-11.71069307,0.00923374,-6.185722472,0.039523686,1.009142202,0,1,0,4.2859845,"{""geodesic"":false,""type"":""Point"",""coordinates"":[114.99832516996682,30.91143316843059]}"
218,26,0,0,0,-15.21300291,-0.219703208,-8.921964034,-0.33765355,0.925197914,0,1,0,2.8450685,"{""geodesic"":false,""type"":""Point"",""coordinates"":[114.86735080154219,30.831393276615543]}"
219,27,-0.56166476,0.71630436,1,-14.72775326,0.138970558,-6.565996097,0.691528248,1.172607925,0,2,0,2.3383937,"{""geodesic"":false,""type"":""Point"",""coordinates"":[114.01817336346402,30.2786598822968]}"
220,35,0,0,0,-15.22949866,0.71982849,-10.06894704,0.862462221,1.219680898,0,1,0,3.3488505,"{""geodesic"":false,""type"":""Point"",""coordinates"":[114.3421058549175,30.273000496006848]}"
221,36,0,0,0,-14.37649479,0.092615894,-8.267005489,1.71255746,1.483391363,0,1,0,2.7802885,"{""geodesic"":false,""type"":""Point"",""coordinates"":[114.51700784073559,30.006200856623348]}"
222,27,0,0,0,-10.66697659,2.012501653,-6.783878917,-0.303779942,0.932442383,0,1,0,3.3410244,"{""geodesic"":false,""type"":""Point"",""coordinates"":[114.30868852634826,30.0223705317375]}"
223,26,0,0,0,-11.66744106,0.745811613,-6.703616497,-0.540142594,0.883050906,0,1,0,2.1562457,"{""geodesic"":false,""type"":""Point"",""coordinates"":[114.5366809454578,30.697184973168085]}"
224,40,0,0,0,-19.01319274,1.010144772,-12.22611258,-1.097584397,0.776678996,0,1,0,4.750874,"{""geodesic"":false,""type"":""Point"",""coordinates"":[114.52078076492889,30.912780641356772]}"
225,27,0,0,0,-19.88358496,-0.706404486,-14.38095028,-0.832519414,0.82555889,0,1,0,1.0810422,"{""geodesic"":false,""type"":""Point"",""coordinates"":[114.81533834659167,30.923021435595732]}"
226,28,0,0,0,-12.99614846,0.390029309,-8.918377734,0.001441533,1.00033198,0,1,0,1.4210013,"{""geodesic"":false,""type"":""Point"",""coordinates"":[114.34749574662223,30.54653750002124]}"
227,19,0,0,0,-17.23088003,1.182501614,-10.80384421,0.564830542,1.138893342,0,1,0,1.4235799,"{""geodesic"":false,""type"":""Point"",""coordinates"":[114.37525368890152,30.85106638133776]}"
228,24,-0.53590506,0.7426842,1,-11.20823555,2.166038981,-6.639953427,-1.082281857,0.779420482,0,2,0,4.904405,"{""geodesic"":false,""type"":""Point"",""coordinates"":[114.19307534928208,30.401010423993878]}"
229,22,0,0,0,-16.00427194,1.213529017,-8.194736246,0.655528182,1.162927976,0,1,0,0.92740995,"{""geodesic"":false,""type"":""Point"",""coordinates"":[114.69110134279795,30.75297035231191]}"
230,73,0,0,0,-13.69745029,-0.520436774,-5.467140294,-0.666195963,0.857788864,0,1,0,1.4244435,"{""geodesic"":false,""type"":""Point"",""coordinates"":[114.97056722768752,30.95185735621597]}"
231,23,-0.16309576,4.67E-04,1,-7.509171736,0.121971733,-0.197076496,1.512181528,1.416505134,0,2,0,4.4010367,"{""geodesic"":false,""type"":""Point"",""coordinates"":[114.19657877889014,30.619840027205395]}"
232,23,-0.29120976,0.15825458,1,-17.22341731,1.860286005,-12.5380135,0.435762573,1.105544574,0,2,0,1.4217967,"{""geodesic"":false,""type"":""Point"",""coordinates"":[114.02059881473113,30.641130099439028]}"
233,23,-0.44520795,0.7330631,1,-13.90901136,1.478769061,-9.189035751,1.021922258,1.265296264,0,2,0,0,"{""geodesic"":false,""type"":""Point"",""coordinates"":[114.06749087256217,30.495603023411665]}"
234,39,0,0,0,-14.75465184,0.525416988,-8.956394625,-0.685924012,0.853901151,0,1,0,2.9826849,"{""geodesic"":false,""type"":""Point"",""coordinates"":[114.3442618115994,30.98123226600668]}"
235,30,0,0,0,-10.75713054,0.605463626,-5.812148112,1.15721574,1.305333771,0,1,0,1.4203099,"{""geodesic"":false,""type"":""Point"",""coordinates"":[114.40840152288553,30.464072156939068]}"
236,27,-0.5433921,0.8172232,1,-18.18920724,0.344601628,-10.87413783,-0.997681423,0.794752418,0,2,0,3.856897,"{""geodesic"":false,""type"":""Point"",""coordinates"":[113.91037552936967,30.422569990812747]}"
237,22,0,0,0,-21.31517904,1.857788741,-16.34638017,0.735068454,1.184423036,0,1,0,1.0789427,"{""geodesic"":false,""type"":""Point"",""coordinates"":[114.11034051161467,30.736261688027284]}"
238,70,0,0,0,-20.73910419,1.41474588,-14.62860626,-0.495801147,0.892113036,0,1,0,3.3653433,"{""geodesic"":false,""type"":""Point"",""coordinates"":[114.91343437561753,30.790969088830163]}"
239,52,0,0,0,-15.5679642,0.837907337,-10.089343,0.532247894,1.130380845,0,1,0,1.4241338,"{""geodesic"":false,""type"":""Point"",""coordinates"":[114.85953545857035,30.915745081794366]}"
240,30,0,0,0,-14.13363349,2.130393591,-11.44055807,0.260686998,1.061863517,0,1,0,1.071606,"{""geodesic"":false,""type"":""Point"",""coordinates"":[114.35019069247458,30.070071073324247]}"
241,25,0,0,0,-13.92262319,0.914171195,-7.806644771,0.050427775,1.011679099,0,1,0,3.3666894,"{""geodesic"":false,""type"":""Point"",""coordinates"":[114.56416939315186,30.832471254956484]}"
242,23,-0.35674778,0.21845318,1,-14.03207432,1.790495204,-6.769494658,1.576684753,1.43770067,0,2,0,2.142316,"{""geodesic"":false,""type"":""Point"",""coordinates"":[114.09228437440387,30.25144092918798]}"
243,61,0,0,0,-15.62460048,1.958924496,-11.08212187,-0.068342,0.984386842,0,1,0,3.5242543,"{""geodesic"":false,""type"":""Point"",""coordinates"":[114.37687065641293,31.266088042600977]}"
244,25,0,0,0,-12.77465952,2.218924817,-8.700984853,-0.412818028,0.909323044,0,1,0,2.3443968,"{""geodesic"":false,""type"":""Point"",""coordinates"":[114.63504646906888,30.575642915226712]}"
245,34,-0.59601873,0.72861505,1,-14.19276727,0.41590028,-7.003361407,0.760768298,1.191452766,0,2,0,2.3431482,"{""geodesic"":false,""type"":""Point"",""coordinates"":[113.9640049518316,30.51419814979294]}"
246,27,0,0,0,-18.09354086,1.166693333,-11.79529133,1.55693802,1.431178495,0,1,0,2.349873,"{""geodesic"":false,""type"":""Point"",""coordinates"":[114.42430170341444,30.842442554610212]}"
247,19,0,0,0,-26.53371064,0.220878229,-20.3645434,0.525087071,1.128518563,0,1,0,0,"{""geodesic"":false,""type"":""Point"",""coordinates"":[114.25209466344873,30.123161506615713]}"
248,40,0,0,0,-15.31020174,-0.012963851,-9.335695244,0.998716838,1.258553506,0,1,0,1.4242433,"{""geodesic"":false,""type"":""Point"",""coordinates"":[114.23808094501646,30.928680821885685]}"
249,53,0,0,0,-18.59105397,0.361738335,-12.34847892,-0.6587698,0.859256884,0,1,0,0.92740995,"{""geodesic"":false,""type"":""Point"",""coordinates"":[114.73502896019139,30.916014576379602]}"
250,48,0,0,0,-15.34131134,0.864202402,-9.830906856,0.256070186,1.060735292,0,1,0,1.0717024,"{""geodesic"":false,""type"":""Point"",""coordinates"":[114.2803915948985,30.07896439463703]}"
251,21,0,0,0,-16.33480493,0.695828726,-9.376417344,-1.12062609,0.772569202,0,1,0,3.7276795,"{""geodesic"":false,""type"":""Point"",""coordinates"":[114.42780513302252,30.802557355995305]}"
252,26,0,0,0,-14.91676738,-0.638196844,-6.840178324,-0.923808099,0.808386757,0,1,0,2.1520061,"{""geodesic"":false,""type"":""Point"",""coordinates"":[114.23053509662986,30.506382806821097]}"
253,27,0,0,0,-16.32338605,-0.527730602,-10.58997975,-1.058496552,0.783700899,0,1,0,1.4196239,"{""geodesic"":false,""type"":""Point"",""coordinates"":[114.45071217276755,30.381876308442134]}"
254,43,0,0,0,-11.50420447,1.147647949,-7.119520434,-0.683935557,0.854292206,0,1,0,0.92740995,"{""geodesic"":false,""type"":""Point"",""coordinates"":[114.44990368901185,30.931375767738043]}"
255,60,0,0,0,-17.2958086,0.799647163,-11.87566067,0.979676626,1.25304787,0,1,0,0.92740995,"{""geodesic"":false,""type"":""Point"",""coordinates"":[114.97919105441507,30.988508619808044]}"
256,24,-0.35691988,0.66086954,1,-11.62810884,1.554245048,-8.146115271,-1.122777266,0.772186622,0,2,0,2.837955,"{""geodesic"":false,""type"":""Point"",""coordinates"":[113.87668870621519,30.40882576696572]}"
257,20,-0.4192872,0.6652096,1,-11.90552194,1.088960371,-7.345722796,0.300686793,1.071688769,0,2,0,2.1438456,"{""geodesic"":false,""type"":""Point"",""coordinates"":[113.99742228040085,30.52902035198091]}"
258,62,0,0,0,-16.88785648,0.231016935,-8.83415135,0.326995119,1.078200458,0,1,0,4.697137,"{""geodesic"":false,""type"":""Point"",""coordinates"":[114.45394610779039,30.97018298801201]}"
259,25,-0.21459854,-0.008598452,1,-12.13582218,-0.601340483,-6.937916045,0.56113136,1.137923682,0,2,0,0.92740995,"{""geodesic"":false,""type"":""Point"",""coordinates"":[113.95026072798457,30.62388244598393]}"
260,32,0,0,0,-13.59938874,0.282122945,-7.345594252,-0.498088567,0.891643285,0,1,0,3.7198546,"{""geodesic"":false,""type"":""Point"",""coordinates"":[114.49895170352478,30.531984792418505]}"
261,27,-0.23172288,0.14507575,1,-15.77172415,0.404727655,-7.695372557,1.284952352,1.344297018,0,2,0,2.9807801,"{""geodesic"":false,""type"":""Point"",""coordinates"":[114.22676217243657,30.509616741843928]}"
262,24,0,0,0,-13.72396653,1.663112897,-10.01626734,-1.029634264,0.788926553,0,1,0,1.0788556,"{""geodesic"":false,""type"":""Point"",""coordinates"":[114.3585450246169,30.72871583964068]}"
263,28,0,0,0,-12.47858878,0.061254706,-7.944708832,-1.067777284,0.782027944,0,1,0,2.845338,"{""geodesic"":false,""type"":""Point"",""coordinates"":[114.64070585535883,30.847293457144456]}"
264,21,0,0,0,-14.83751295,0.483194106,-5.686447994,1.292489906,1.346632187,0,1,0,1.0799181,"{""geodesic"":false,""type"":""Point"",""coordinates"":[114.36285693798067,30.823308439058465]}"
265,54,0,0,0,-18.2986079,1.154151115,-9.670932716,0.971532911,1.250700407,0,1,0,1.0817558,"{""geodesic"":false,""type"":""Point"",""coordinates"":[114.21679087278284,30.986083168540922]}"
266,36,-0.5581477,0.80525804,1,-14.48762479,1.827092281,-7.793237057,0.919052339,1.23567777,0,2,0,2.3426747,"{""geodesic"":false,""type"":""Point"",""coordinates"":[113.96912534895108,30.49075212087742]}"
267,37,0,0,0,-10.45283803,-0.496978506,-3.104490567,1.235135917,1.328965148,0,1,0,4.4004235,"{""geodesic"":false,""type"":""Point"",""coordinates"":[114.47334971792738,30.605556814187896]}"
268,47,0,0,0,-13.29800381,-0.137838058,-6.172780358,0.422709183,1.102226678,0,1,0,3.7306488,"{""geodesic"":false,""type"":""Point"",""coordinates"":[114.5404538696511,30.90415681462922]}"
269,47,0,0,0,-13.81370343,1.402202715,-10.11110011,-0.839453365,0.824241854,0,1,0,2.7802885,"{""geodesic"":false,""type"":""Point"",""coordinates"":[114.51539087322416,30.065220170790003]}"
270,18,0,0,0,-17.6103011,2.145124739,-11.80554768,-1.006849779,0.793076392,0,1,0,2.8419569,"{""geodesic"":false,""type"":""Point"",""coordinates"":[114.6547195737911,30.647867464069922]}"
271,19,0,0,0,-14.39172212,0.769314525,-8.115710712,1.049205592,1.273270154,0,1,0,1.4224124,"{""geodesic"":false,""type"":""Point"",""coordinates"":[114.77895657758484,30.71389363745271]}"
272,39,0,0,0,-14.33047708,2.050855997,-9.585669899,0.486479334,1.118530764,0,1,0,4.280177,"{""geodesic"":false,""type"":""Point"",""coordinates"":[114.43535098140912,30.390230640584445]}"
273,38,0,0,0,-16.66347149,0.304929091,-8.064021946,1.048591947,1.273090258,0,1,0,3.5173953,"{""geodesic"":false,""type"":""Point"",""coordinates"":[114.31165296678586,30.77237396244889]}"
274,27,0,0,0,-12.30672584,-0.490112464,-5.428962351,-0.660605252,0.858893814,0,1,0,0.92740995,"{""geodesic"":false,""type"":""Point"",""coordinates"":[114.32863112565572,30.585344720295204]}"
275,38,0,0,0,-25.35655965,1.620712997,-18.91148447,-0.880169011,0.816550594,0,1,0,4.9010487,"{""geodesic"":false,""type"":""Point"",""coordinates"":[114.28200856240991,30.244434069971845]}"
276,21,0,0,0,-13.23295939,1.307541764,-8.152991874,0.750570258,1.188658296,0,1,0,1.0759282,"{""geodesic"":false,""type"":""Point"",""coordinates"":[114.5983952054768,30.465150135280012]}"
277,21,0,0,0,-17.07448638,0.010513426,-13.56285236,-1.219753717,0.755135049,0,1,0,1.0782348,"{""geodesic"":false,""type"":""Point"",""coordinates"":[114.42160675756209,30.672930460496858]}"
278,31,0,0,0,-12.54981557,0.918365377,-7.593314671,0.954167573,1.245709445,0,1,0,4.3953447,"{""geodesic"":false,""type"":""Point"",""coordinates"":[114.5261706566336,30.487787680439826]}"
279,25,0,0,0,-14.01504381,0.630398394,-7.231946338,1.709256517,1.48226431,0,1,0,2.3499246,"{""geodesic"":false,""type"":""Point"",""coordinates"":[114.64852119833068,30.844868005877334]}"
280,20,-0.13541284,0.002664299,1,-13.77573605,1.16000607,-5.444734266,1.369563844,1.370744097,0,2,0,4.282348,"{""geodesic"":false,""type"":""Point"",""coordinates"":[114.14294935642822,30.58696168780662]}"
281,24,0,0,0,-7.139023308,1.06808037,-6.434682679,-0.596607094,0.871644292,0,1,0,0.92740995,"{""geodesic"":false,""type"":""Point"",""coordinates"":[114.19873473557203,30.766984070744172]}"
282,24,0,0,0,-7.729824172,0.230652538,-6.024757636,-0.114737689,0.973926608,0,1,0,1.8543341,"{""geodesic"":false,""type"":""Point"",""coordinates"":[114.23161307497081,30.602592373750298]}"
283,45,0,0,0,-17.27512031,1.301524845,-7.343270582,1.083832555,1.283462711,0,1,0,2.8388069,"{""geodesic"":false,""type"":""Point"",""coordinates"":[114.51727733532081,30.460029738160532]}"
284,52,0,0,0,-15.83315788,-0.545329653,-10.4375729,-0.230972239,0.948206168,0,1,0,1.0845277,"{""geodesic"":false,""type"":""Point"",""coordinates"":[114.37121127012298,31.229167284423667]}"
285,58,0,0,0,-12.07509482,0.176729694,-4.736214776,0.99402449,1.257194432,0,1,0,3.24537,"{""geodesic"":false,""type"":""Point"",""coordinates"":[114.3690553134411,31.079597789617765]}"
286,42,0,0,0,-16.91199203,-0.060847322,-9.265083502,-0.545503207,0.881961605,0,1,0,0,"{""geodesic"":false,""type"":""Point"",""coordinates"":[114.94819917711295,30.935148691931346]}"
287,36,0,0,0,-13.02882126,-0.35566653,-6.913885498,-0.318211991,0.929348925,0,1,0,3.857585,"{""geodesic"":false,""type"":""Point"",""coordinates"":[114.44586127023331,30.645981001973272]}"
288,20,0,0,0,-9.113169969,2.119283325,-4.142817754,-0.219871186,0.95063299,0,1,0,0,"{""geodesic"":false,""type"":""Point"",""coordinates"":[114.30383762381402,30.65783876372365]}"
289,54,0,0,0,-14.35730484,1.412071031,-9.72970683,-0.602349538,0.870492525,0,1,0,4.4205637,"{""geodesic"":false,""type"":""Point"",""coordinates"":[114.36285693798067,31.065853565770738]}"
290,45,0,0,0,-17.11445182,0.746984002,-10.97169526,-0.289181389,0.935582007,0,1,0,4.74904,"{""geodesic"":false,""type"":""Point"",""coordinates"":[114.33806343613897,30.177060423662883]}"
291,42,0,0,0,-18.22196753,-0.72030051,-10.71594736,0.795176882,1.200929984,0,1,0,3.7076614,"{""geodesic"":false,""type"":""Point"",""coordinates"":[114.41459989834595,30.10241042355255]}"
292,31,0,0,0,-14.47549902,0.912745169,-11.20387308,-1.022574638,0.790210027,0,1,0,4.2632565,"{""geodesic"":false,""type"":""Point"",""coordinates"":[114.19765675723109,30.832471254956484]}"
293,55,0,0,0,-17.15175736,-0.41893898,-9.359409284,0.432089887,1.104610046,0,1,0,3.516324,"{""geodesic"":false,""type"":""Point"",""coordinates"":[114.60917498888624,30.69422053273049]}"
294,24,-0.49923006,0.83303493,1,-15.05780734,1.456169884,-11.43009612,0.071507759,1.01660157,0,2,0,0.92740995,"{""geodesic"":false,""type"":""Point"",""coordinates"":[113.98772047533235,30.528211868225203]}"
295,23,0,0,0,-19.13846605,1.965279738,-14.56972938,0.970970528,1.25053846,0,1,0,0,"{""geodesic"":false,""type"":""Point"",""coordinates"":[114.69837769659931,30.75297035231191]}"
296,41,0,0,0,-14.5763962,1.99431859,-11.172571,0.785589355,1.198281724,0,1,0,1.4239482,"{""geodesic"":false,""type"":""Point"",""coordinates"":[114.2308045912151,30.894185514975497]}"
297,46,0,0,0,-15.28332596,0.979049078,-11.27253517,0.548146898,1.134526618,0,1,0,4.9153166,"{""geodesic"":false,""type"":""Point"",""coordinates"":[114.8501031480871,30.901192374191627]}"
298,82,0,0,0,-16.56919456,0.305049458,-11.33359822,0.426094798,1.103086272,0,1,0,3.3809886,"{""geodesic"":false,""type"":""Point"",""coordinates"":[114.27392372485284,31.269591472209044]}"
299,29,0,0,0,-14.63419345,0.940406951,-9.708792107,0.332376966,1.079537409,0,1,0,0.92740995,"{""geodesic"":false,""type"":""Point"",""coordinates"":[114.68948437528653,30.93946060529512]}"
300,47,0,0,0,-16.99185366,0.754699289,-5.282782296,-0.486244081,0.894078377,0,1,0,1.4239933,"{""geodesic"":false,""type"":""Point"",""coordinates"":[114.60028166757346,30.899575406680214]}"
301,25,-0.49592835,0.80216,1,-12.01632386,2.250100587,-6.673437841,0.677750886,1.16889389,0,2,0,1.0757504,"{""geodesic"":false,""type"":""Point"",""coordinates"":[113.79179791186588,30.449249954751096]}"
302,22,0,0,0,-13.59583891,-0.179102765,-6.718243734,0.582066019,1.143422152,0,1,0,2.1448274,"{""geodesic"":false,""type"":""Point"",""coordinates"":[114.08150459099444,30.70473082155469]}"
303,27,0,0,0,-17.77933792,0.565360256,-12.50590394,0.169117344,1.039708835,0,1,0,2.980881,"{""geodesic"":false,""type"":""Point"",""coordinates"":[114.3833385264586,30.5349492328561]}"
304,154,0,0,0,-11.3569154,2.067731626,-8.297930278,-0.145737099,0.96699959,0,1,0,4.274686,"{""geodesic"":false,""type"":""Point"",""coordinates"":[114.35989249754307,31.27578984766947]}"
305,24,0,0,0,-14.28913628,0.755131808,-8.082934687,0.237367115,1.056177014,0,1,0,3.3522303,"{""geodesic"":false,""type"":""Point"",""coordinates"":[114.53775892379875,30.380259340930717]}"
306,42,0,0,0,-14.43080379,1.403013802,-8.749612677,1.319444207,1.355015991,0,1,0,2.160626,"{""geodesic"":false,""type"":""Point"",""coordinates"":[114.4938313064053,30.89256854746408]}"
307,43,0,0,0,-14.1772325,-0.14726064,-6.503889526,0.031039281,1.00717266,0,1,0,3.371116,"{""geodesic"":false,""type"":""Point"",""coordinates"":[114.29359682957505,30.96883551508583]}"
308,48,0,0,0,-15.16981836,-0.217583481,-9.590462767,-0.265267916,0.940747794,0,1,0,3.858413,"{""geodesic"":false,""type"":""Point"",""coordinates"":[114.73610693853233,30.91143316843059]}"
309,29,0,0,0,-14.05841236,2.193351833,-9.887909214,0.321324242,1.076793497,0,1,0,4.2586946,"{""geodesic"":false,""type"":""Point"",""coordinates"":[114.26476090895481,30.652448872018933]}"
310,47,0,0,0,-17.59257945,1.638885644,-11.5405871,1.054509592,1.274826138,0,1,0,1.4233334,"{""geodesic"":false,""type"":""Point"",""coordinates"":[114.88998834670201,30.822230460717524]}"
311,26,-0.5245821,0.48379838,1,-9.99053599,-0.659729598,-5.954918515,1.337770278,1.360745879,0,2,0,0.92740995,"{""geodesic"":false,""type"":""Point"",""coordinates"":[113.78748599850212,30.42230049622751]}"
312,63,0,0,0,-19.91304218,0.425503095,-12.27475451,1.43989492,1.393123095,0,1,0,3.3563704,"{""geodesic"":false,""type"":""Point"",""coordinates"":[114.49598726308719,30.51096421477011]}"
313,83,0,0,0,-15.39461327,0.036311571,-9.939970403,-0.991539696,0.79587714,0,1,0,1.4276946,"{""geodesic"":false,""type"":""Point"",""coordinates"":[114.28093058406897,31.326724324279045]}"
314,18,0,0,0,-27.69068685,1.979642032,-20.76367927,0.356692626,1.08559857,0,1,0,0,"{""geodesic"":false,""type"":""Point"",""coordinates"":[114.54961668554913,30.540608619146052]}"
315,46,0,0,0,-12.11012372,-0.023240659,-7.214543595,-0.731516566,0.844983723,0,1,0,4.9065027,"{""geodesic"":false,""type"":""Point"",""coordinates"":[114.51835531366176,30.498297969264023]}"
316,21,0,0,0,-14.99419982,0.463235194,-9.089410389,0.5896936,1.145432127,0,1,0,1.0792508,"{""geodesic"":false,""type"":""Point"",""coordinates"":[114.38360802104383,30.76375013572134]}"
317,38,0,0,0,-14.0407398,2.129267861,-4.804736705,0.740135066,1.185805626,0,1,0,2.9822423,"{""geodesic"":false,""type"":""Point"",""coordinates"":[114.575757660317,30.872895442741864]}"
318,29,0,0,0,-10.47734405,2.091103262,-7.620832514,-0.60698182,0.869564533,0,1,0,3.7284892,"{""geodesic"":false,""type"":""Point"",""coordinates"":[114.84390477262667,30.8303152982746]}"
319,55,0,0,0,-14.25485042,-0.207294362,-7.47161375,0.892797462,1.228230128,0,1,0,1.4241837,"{""geodesic"":false,""type"":""Point"",""coordinates"":[114.99751668621111,30.921673962669555]}"
320,21,0,0,0,-16.12256715,2.063748556,-10.12149056,-0.185056854,0.958284171,0,1,0,1.4232198,"{""geodesic"":false,""type"":""Point"",""coordinates"":[114.7013421370369,30.80875573145573]}"
321,23,0,0,0,-14.21810774,1.183150819,-9.954513354,-0.505782452,0.890065064,0,1,0,1.0765212,"{""geodesic"":false,""type"":""Point"",""coordinates"":[114.42726614385204,30.518779557741947]}"
322,25,-0.4337161,0.377097,1,-15.4349223,-0.037878139,-9.972935561,-0.646473893,0.861693091,0,2,0,0.92740995,"{""geodesic"":false,""type"":""Point"",""coordinates"":[113.93220459077378,30.35330988240713]}"
323,34,0,0,0,-14.42327276,1.551409535,-6.690673325,1.333440146,1.359389824,0,1,0,2.1410415,"{""geodesic"":false,""type"":""Point"",""coordinates"":[114.43076957346011,30.016711145447548]}"
324,20,0,0,0,-13.46130678,1.959054226,-10.15553127,0.811858323,1.205551679,0,1,0,1.8543341,"{""geodesic"":false,""type"":""Point"",""coordinates"":[114.73422047643568,30.615258619256384]}"
325,39,0,0,0,-15.33293444,-0.497367018,-7.193241358,1.489066165,1.408985801,0,1,0,4.2770085,"{""geodesic"":false,""type"":""Point"",""coordinates"":[114.50083816562143,30.099176488529718]}"
326,24,0,0,0,-27.60554829,0.314257639,-23.26734805,1.080744913,1.28255055,0,1,0,3.8575015,"{""geodesic"":false,""type"":""Point"",""coordinates"":[114.50595856274091,30.619301038034923]}"
327,38,0,0,0,-15.17042676,1.249957895,-7.707469758,0.456172714,1.110752428,0,1,0,3.7093172,"{""geodesic"":false,""type"":""Point"",""coordinates"":[114.35072968164506,30.161429737719203]}"
328,21,-0.4841831,0.6867397,1,-13.69988272,1.731184834,-9.155609221,1.363405906,1.368801872,0,2,0,2.1535811,"{""geodesic"":false,""type"":""Point"",""coordinates"":[114.1548071181786,30.577529377323366]}"
329,33,0,0,0,-10.85844386,1.22962968,-7.436962483,0.940547034,1.241808715,0,1,0,1.0781604,"{""geodesic"":false,""type"":""Point"",""coordinates"":[114.34318383325845,30.666462590451196]}"
330,36,0,0,0,-14.78752048,0.649474784,-7.930142193,0.81387219,1.206110835,0,1,0,1.4208404,"{""geodesic"":false,""type"":""Point"",""coordinates"":[114.62399719107421,30.527403384469494]}"
331,33,-0.53117067,0.7197815,1,-12.71815172,0.910511316,-9.190142212,-0.1898608,0.957224752,0,2,0,4.252252,"{""geodesic"":false,""type"":""Point"",""coordinates"":[114.01871235263448,30.395351037703925]}"
332,23,-0.45827815,0.5876411,1,-15.9173739,2.050833059,-11.15882044,0.997167063,1.258104473,0,2,0,1.0760909,"{""geodesic"":false,""type"":""Point"",""coordinates"":[113.99364935620754,30.479972337467984]}"
333,63,0,0,0,-16.16111303,0.667387649,-9.666687015,0.475755062,1.115772122,0,1,0,3.5200205,"{""geodesic"":false,""type"":""Point"",""coordinates"":[114.50353311147379,30.963176128795876]}"
334,48,0,0,0,-16.93145987,0.690610344,-9.852432308,1.496670737,1.411455121,0,1,0,3.3514142,"{""geodesic"":false,""type"":""Point"",""coordinates"":[114.26071849017629,30.354387860748076]}"
335,42,0,0,0,-14.60483735,-0.532561172,-9.103931148,-1.041714728,0.786735101,0,1,0,2.141525,"{""geodesic"":false,""type"":""Point"",""coordinates"":[114.40543708244793,30.10618334774585]}"
336,24,0,0,0,-18.56374776,1.324387632,-11.50956378,0.592860331,1.146267643,0,1,0,1.4227471,"{""geodesic"":false,""type"":""Point"",""coordinates"":[114.0602145187608,30.753239846897145]}"
337,27,0,0,0,-13.04376738,2.195253849,-5.481649169,0.124451658,1.029070588,0,1,0,2.143946,"{""geodesic"":false,""type"":""Point"",""coordinates"":[114.55312011515718,30.546806994606477]}"
338,25,0,0,0,-12.98813056,-0.36727233,-5.220619315,0.720549645,1.180470027,0,1,0,3.2276611,"{""geodesic"":false,""type"":""Point"",""coordinates"":[114.44397480813666,30.553005370066902]}"
339,19,0,0,0,-18.29561612,1.890093637,-11.22104157,0.35774711,1.08586219,0,1,0,2.341263,"{""geodesic"":false,""type"":""Point"",""coordinates"":[114.47415820168308,30.42122251788657]}"
340,28,0,0,0,-14.1032491,1.055396836,-7.578241141,1.319788323,1.355123361,0,1,0,2.3467126,"{""geodesic"":false,""type"":""Point"",""coordinates"":[114.38522498855525,30.688830641025774]}"
341,28,0,0,0,-13.28136984,0.089981707,-8.39759199,-0.628628846,0.86524105,0,1,0,3.8560379,"{""geodesic"":false,""type"":""Point"",""coordinates"":[114.45664105364276,30.13879219255939]}"
342,46,0,0,0,-16.9926651,1.032535784,-11.90755619,-0.472853168,0.896839408,0,1,0,0.92740995,"{""geodesic"":false,""type"":""Point"",""coordinates"":[114.86788979071267,30.874781904838514]}"
343,58,0,0,0,-13.50881698,1.454986861,-6.933208837,-0.173287746,0.960884583,0,1,0,4.751492,"{""geodesic"":false,""type"":""Point"",""coordinates"":[114.35153816540077,31.153708800557627]}"
344,18,0,0,0,-27.16447116,0.874450999,-21.79556842,-0.551684439,0.880707219,0,1,0,0,"{""geodesic"":false,""type"":""Point"",""coordinates"":[114.24778275008497,30.74434652558436]}"
345,59,0,0,0,-15.26208233,1.709923638,-9.8813257,1.301499336,1.349428672,0,1,0,3.3719668,"{""geodesic"":false,""type"":""Point"",""coordinates"":[114.19038040342973,30.994976489853705]}"
346,19,0,0,0,-12.90946147,1.759242575,-8.340140898,0.87259836,1.222530875,0,1,0,0.92740995,"{""geodesic"":false,""type"":""Point"",""coordinates"":[114.53263852667926,30.775068908301247]}"
347,29,0,0,0,-17.3455723,-0.515193678,-3.074653204,0.962032959,1.247967559,0,1,0,3.8575385,"{""geodesic"":false,""type"":""Point"",""coordinates"":[114.294674807916,30.6311587997853]}"
348,33,0,0,0,-15.95354264,0.397418739,-10.0453359,0.819059946,1.207552426,0,1,0,2.8345804,"{""geodesic"":false,""type"":""Point"",""coordinates"":[114.36636036758874,30.20508786052741]}"
349,43,0,0,0,-14.69213919,0.516646247,-9.889193743,1.193598196,1.316314968,0,1,0,3.2438385,"{""geodesic"":false,""type"":""Point"",""coordinates"":[114.35207715457123,31.034592193883377]}"
350,54,0,0,0,-11.12098475,1.714741902,-8.125949854,1.666962098,1.467899119,0,1,0,4.421449,"{""geodesic"":false,""type"":""Point"",""coordinates"":[114.3450702953551,31.08579616507819]}"
351,32,-0.56567043,0.64021164,1,-15.54784099,-0.565939789,-9.694346035,-0.025195933,0.994215219,0,2,0,4.277892,"{""geodesic"":false,""type"":""Point"",""coordinates"":[114.19280585469684,30.180833347856183]}"
352,24,0,0,0,-19.27898385,-0.245803216,-10.19799717,0.975640837,1.251883985,0,1,0,3.8575618,"{""geodesic"":false,""type"":""Point"",""coordinates"":[114.24481830964737,30.638704648171906]}"
353,26,0,0,0,-15.40052209,0.621509609,-10.23321645,-0.870367075,0.818395613,0,1,0,2.145049,"{""geodesic"":false,""type"":""Point"",""coordinates"":[114.40247264201034,30.744077030999126]}"
354,20,0,0,0,-17.79058783,1.278924806,-10.81363458,0.804992477,1.203647305,0,1,0,1.8543341,"{""geodesic"":false,""type"":""Point"",""coordinates"":[114.7555105486693,30.71766656164601]}"
355,30,-0.4796011,0.604599,1,-15.49158928,1.142800949,-10.75673611,-0.560009442,0.879020606,0,2,0,4.2807117,"{""geodesic"":false,""type"":""Point"",""coordinates"":[114.02895314687345,30.439009160512136]}"
356,32,0,0,0,-14.21253775,1.44722771,-10.26749186,0.073784581,1.01713467,0,1,0,3.3642416,"{""geodesic"":false,""type"":""Point"",""coordinates"":[114.61968527771045,30.75674327650521]}"
357,42,0,0,0,-15.89689215,1.546905542,-8.978135789,0.757957814,1.190681981,0,1,0,0,"{""geodesic"":false,""type"":""Point"",""coordinates"":[114.30249015088783,31.004678294922197]}"
358,36,0,0,0,-14.74459093,1.23423544,-7.49557704,1.377516079,1.373256325,0,1,0,2.3500338,"{""geodesic"":false,""type"":""Point"",""coordinates"":[114.89564773299196,30.85025789758205]}"
359,34,-0.57937384,0.8393461,1,-12.18721935,1.273400388,-7.703983331,0.885557745,1.226184366,0,2,0,3.8568504,"{""geodesic"":false,""type"":""Point"",""coordinates"":[114.02814466311774,30.407208799454303]}"
360,28,-0.57897794,0.8658667,1,-15.49049798,0.503483529,-11.47863223,1.385715447,1.375851446,0,2,0,2.3457801,"{""geodesic"":false,""type"":""Point"",""coordinates"":[114.04108040320905,30.643286056120914]}"
361,23,0,0,0,-13.50669398,-0.614264493,-8.002336717,-0.597237776,0.871517721,0,1,0,0.92740995,"{""geodesic"":false,""type"":""Point"",""coordinates"":[114.52266722702554,30.638704648171906]}"
362,32,-0.46309128,0.3256785,1,-9.360051213,1.271620868,-4.699408818,0.737838109,1.185178627,0,2,0,3.2282698,"{""geodesic"":false,""type"":""Point"",""coordinates"":[114.208975529811,30.57133100186294]}"
363,25,0,0,0,-15.3334363,0.399115597,-8.736196359,-1.118591871,0.772931155,0,1,0,1.4168422,"{""geodesic"":false,""type"":""Point"",""coordinates"":[114.28066108948373,30.04473858231208]}"
364,24,-0.27400815,0.7163296,1,-13.0303303,1.836284859,-8.482920936,-0.286255706,0.936212487,0,2,0,2.1455986,"{""geodesic"":false,""type"":""Point"",""coordinates"":[114.21328744317476,30.214520171010665]}"
365,22,0,0,0,-16.06255691,0.544799023,-12.49067779,-0.861042227,0.820154699,0,1,0,2.348687,"{""geodesic"":false,""type"":""Point"",""coordinates"":[114.71697282298058,30.785040207954975]}"
366,46,0,0,0,-16.30301999,0.355913589,-9.494253318,-1.027142054,0.789379411,0,1,0,1.4176503,"{""geodesic"":false,""type"":""Point"",""coordinates"":[114.31704285849058,30.1433736005084]}"
367,38,0,0,0,-13.91615992,1.839725463,-6.814294692,0.992097796,1.256636817,0,1,0,1.4194459,"{""geodesic"":false,""type"":""Point"",""coordinates"":[114.34345332784369,30.3605862362085]}"
368,25,0,0,0,-18.51803177,-0.117710144,-7.612667222,1.658050796,1.46489022,0,1,0,1.4198645,"{""geodesic"":false,""type"":""Point"",""coordinates"":[114.27634917611996,30.41071222906237]}"
369,29,0,0,0,-14.28612194,0.900494566,-7.800653679,-0.359378181,0.92058137,0,1,0,2.7802885,"{""geodesic"":false,""type"":""Point"",""coordinates"":[114.49437029557576,30.405861326528125]}"
370,43,0,0,0,-5.910494394,-0.21605579,-0.392081116,-0.204114726,0.954088206,0,1,0,4.395381,"{""geodesic"":false,""type"":""Point"",""coordinates"":[114.44101036769906,30.48859616419553]}"
371,45,0,0,0,-12.53713071,1.229642689,-7.748230632,0.48810666,1.118949962,0,1,0,4.2467313,"{""geodesic"":false,""type"":""Point"",""coordinates"":[114.27985260572802,30.1719400265434]}"
372,26,0,0,0,-15.673118,2.015505892,-8.895083492,0.779539706,1.1966137,0,1,0,1.423395,"{""geodesic"":false,""type"":""Point"",""coordinates"":[114.76979376168681,30.82950681451889]}"
373,64,0,0,0,-16.01095639,0.071088634,-9.600538075,1.466456412,1.401669558,0,1,0,2.8528562,"{""geodesic"":false,""type"":""Point"",""coordinates"":[114.29790874293883,31.283066201470838]}"
374,40,0,0,0,-14.54278404,0.272992801,-6.155927646,-0.813655742,0.829152522,0,1,0,2.1464593,"{""geodesic"":false,""type"":""Point"",""coordinates"":[114.38549448314048,30.993090027757056]}"
375,19,0,0,0,-14.83538889,0.598979198,-7.853283789,-0.758994639,0.839654338,0,1,0,1.8543341,"{""geodesic"":false,""type"":""Point"",""coordinates"":[114.77087174002776,30.741382085146764]}"
376,68,0,0,0,-17.2165205,2.051283338,-12.53757818,-0.926070178,0.807965808,0,1,0,2.3517766,"{""geodesic"":false,""type"":""Point"",""coordinates"":[114.56174394188473,30.934340208175637]}"
377,22,0,0,0,-12.68170514,0.470033812,-2.255250421,0.247042086,1.058532529,0,1,0,2.9806132,"{""geodesic"":false,""type"":""Point"",""coordinates"":[114.30168166713213,30.46784508113237]}"
378,26,-0.40792337,0.7640786,1,-15.44074497,0.333859669,-10.71237928,-0.779023288,0.835790963,0,2,0,3.7209647,"{""geodesic"":false,""type"":""Point"",""coordinates"":[113.94028942833084,30.570522518107232]}"
379,34,0,0,0,-14.97618442,1.270988442,-11.33209717,-1.163059928,0.765057377,0,1,0,3.3459582,"{""geodesic"":false,""type"":""Point"",""coordinates"":[114.31326993429727,30.180833347856183]}"
380,42,0,0,0,-11.87451357,0.933867747,-6.121529228,1.191861896,1.315788813,0,1,0,4.2548018,"{""geodesic"":false,""type"":""Point"",""coordinates"":[114.42807462760774,30.497489485508314]}"
381,66,0,0,0,-13.95404019,1.903233377,-8.793017579,-0.02852814,0.993452681,0,1,0,4.702765,"{""geodesic"":false,""type"":""Point"",""coordinates"":[114.45071217276755,31.105738764385645]}"
382,21,-0.126841,-0.006946542,1,-11.88241413,0.673752399,-8.668036211,-0.446432065,0.902312125,0,2,0,2.980273,"{""geodesic"":false,""type"":""Point"",""coordinates"":[114.18903293050354,30.381876308442134]}"
383,16,0,0,0,-22.5740221,1.485649394,-13.7594034,1.703240247,1.480212355,0,1,0,3.5173838,"{""geodesic"":false,""type"":""Point"",""coordinates"":[114.5736017036351,30.77156547869318]}"
384,31,0,0,0,-15.00683056,0.253125841,-5.713282003,0.884272069,1.225821423,0,1,0,2.1456542,"{""geodesic"":false,""type"":""Point"",""coordinates"":[114.48871090928581,30.851335875922995]}"
385,21,0,0,0,-22.25502738,0.324151244,-15.99460127,-0.994877099,0.795265771,0,1,0,4.909992,"{""geodesic"":false,""type"":""Point"",""coordinates"":[114.44451379730714,30.658916742064594]}"
386,44,0,0,0,-16.81067538,0.427993742,-11.11752463,-0.707922468,0.849586794,0,1,0,3.5143917,"{""geodesic"":false,""type"":""Point"",""coordinates"":[114.32512769604764,30.551927391725958]}"
387,78,0,0,0,-15.71886228,0.106045263,-10.05968544,1.148346954,1.302670851,0,1,0,2.3558092,"{""geodesic"":false,""type"":""Point"",""coordinates"":[114.42079827380638,31.127837320374983]}"
388,110,0,0,0,-11.92618477,-0.092371362,-5.554688155,1.597230653,1.444518357,0,1,0,4.7113166,"{""geodesic"":false,""type"":""Point"",""coordinates"":[114.34075838199134,31.310015659994423]}"
389,44,0,0,0,-14.50153938,0.936960984,-9.612075065,0.2854392,1.067932787,0,1,0,4.9138317,"{""geodesic"":false,""type"":""Point"",""coordinates"":[114.81857228161451,30.833818727882665]}"
390,35,0,0,0,-14.66681206,1.6432181,-8.040042194,0.668529506,1.16641461,0,1,0,3.2369616,"{""geodesic"":false,""type"":""Point"",""coordinates"":[114.57306271446464,30.831393276615543]}"
391,27,0,0,0,-15.91709016,1.158700934,-6.185569423,0.356144977,1.085461684,0,1,0,1.4233192,"{""geodesic"":false,""type"":""Point"",""coordinates"":[114.67547065685426,30.820613493206107]}"
392,58,0,0,0,-9.152842466,1.538118235,-6.870024628,0.153939965,1.036081685,0,1,0,2.849557,"{""geodesic"":false,""type"":""Point"",""coordinates"":[114.34372282242893,31.09307251887956]}"
393,23,0,0,0,-14.59673711,1.913557894,-9.823974403,0.643494209,1.15971005,0,1,0,1.4180549,"{""geodesic"":false,""type"":""Point"",""coordinates"":[114.47739213670592,30.192421615021328]}"
394,34,0,0,0,-18.52084246,0.014735472,-9.226051941,1.737336099,1.491879031,0,1,0,2.1445649,"{""geodesic"":false,""type"":""Point"",""coordinates"":[114.26745585480718,30.16681962942392]}"
395,35,0,0,0,-13.97910251,0.271264487,-7.350515701,0.816033859,1.206711317,0,1,0,1.8543341,"{""geodesic"":false,""type"":""Point"",""coordinates"":[114.15750206403095,30.94646746451125]}"
396,43,0,0,0,-13.35582311,-0.091689338,-6.878372423,-0.881067865,0.816381611,0,1,0,4.2773175,"{""geodesic"":false,""type"":""Point"",""coordinates"":[114.31165296678586,30.12774291456472]}"
397,21,0,0,0,-14.22840429,1.322628679,-7.234796241,-0.99258527,0.795685553,0,1,0,1.0790702,"{""geodesic"":false,""type"":""Point"",""coordinates"":[114.77168022378346,30.747849955192425]}"
398,31,0,0,0,-13.44301277,-0.090402996,-2.513989628,0.4943247,1.120553174,0,1,0,2.3490248,"{""geodesic"":false,""type"":""Point"",""coordinates"":[114.87004574739456,30.801479377654363]}"
399,29,0,0,0,-14.44449761,0.88280015,-7.88251362,0.827035923,1.209772178,0,1,0,0.92740995,"{""geodesic"":false,""type"":""Point"",""coordinates"":[114.51377390571275,30.197811506726044]}"
400,23,0,0,0,-14.61190548,-0.503587363,-7.803377936,0.314968152,1.075218716,0,1,0,1.8543341,"{""geodesic"":false,""type"":""Point"",""coordinates"":[114.46310892368841,30.78719616463686]}"
401,24,0,0,0,-12.58293266,-0.300903915,-6.358924797,-0.649098071,0.861172579,0,1,0,2.1589758,"{""geodesic"":false,""type"":""Point"",""coordinates"":[114.85791849105894,30.81926602027993]}"
402,22,0,0,0,-14.01076155,-0.493304072,-8.523967058,1.735381203,1.491207641,0,1,0,0.92740995,"{""geodesic"":false,""type"":""Point"",""coordinates"":[114.6156428589319,30.519588041497656]}"
403,27,0,0,0,-12.16687872,1.942136887,-7.29974465,0.122435365,1.028592934,0,1,0,2.1444058,"{""geodesic"":false,""type"":""Point"",""coordinates"":[114.39708275030563,30.629541832273887]}"
404,22,-0.4394023,0.4011702,1,-13.57605711,0.485957942,-8.241748267,-0.041481628,0.990493973,0,2,0,3.2211854,"{""geodesic"":false,""type"":""Point"",""coordinates"":[113.93409105287043,30.357082806600435]}"
405,48,0,0,0,-14.59735723,-0.670491102,-8.028251859,1.311839055,1.35264523,0,1,0,4.9166713,"{""geodesic"":false,""type"":""Point"",""coordinates"":[114.93364646951021,30.96209815045493]}"
406,43,0,0,0,-16.10728118,0.765562825,-9.504632155,1.386087494,1.375969316,0,1,0,1.4246345,"{""geodesic"":false,""type"":""Point"",""coordinates"":[114.25074719052256,30.974225406790545]}"
407,40,0,0,0,-14.82947448,1.408435571,-7.963830318,1.051969727,1.274080805,0,1,0,1.8543341,"{""geodesic"":false,""type"":""Point"",""coordinates"":[114.40786253371506,30.50826926891775]}"
408,30,0,0,0,-13.57829248,-0.198124838,-8.676587543,0.759784927,1.191183016,0,1,0,3.5088298,"{""geodesic"":false,""type"":""Point"",""coordinates"":[114.36959430261156,30.13609724670703]}"
409,31,0,0,0,-15.07272733,1.802033811,-8.369242206,1.199139631,1.317995608,0,1,0,1.8543341,"{""geodesic"":false,""type"":""Point"",""coordinates"":[114.86950675822408,30.779111327079786]}"
410,24,0,0,0,-14.92346947,1.606853055,-7.682823468,-0.665132073,0.857999022,0,1,0,4.408002,"{""geodesic"":false,""type"":""Point"",""coordinates"":[114.780304050511,30.779919810835494]}"
411,101,0,0,0,-15.37551529,0.196430144,-9.080810262,1.491675127,1.409832483,0,1,0,1.8543341,"{""geodesic"":false,""type"":""Point"",""coordinates"":[114.29117137830794,31.334000678080415]}"
412,39,0,0,0,-14.85369601,0.081432161,-7.573905459,0.287537778,1.068448953,0,1,0,2.8344615,"{""geodesic"":false,""type"":""Point"",""coordinates"":[114.29979520503548,30.197811506726044]}"
413,27,0,0,0,-14.27857877,0.776378875,-8.65758243,0.169657141,1.039838071,0,1,0,1.4242505,"{""geodesic"":false,""type"":""Point"",""coordinates"":[114.68113004314422,30.929489305641393]}"
414,33,0,0,0,-13.86415234,-0.184708868,-7.395355312,-0.65375577,0.860249488,0,1,0,2.1448648,"{""geodesic"":false,""type"":""Point"",""coordinates"":[114.22514520492514,30.711468186185584]}"
415,27,0,0,0,-12.372263,1.041613621,-7.374006257,0.753076654,1.189344491,0,1,0,1.0811992,"{""geodesic"":false,""type"":""Point"",""coordinates"":[114.76197841871497,30.937035154028]}"
416,36,0,0,0,-15.07364724,-0.682761622,-7.064823474,0.307906082,1.073471721,0,1,0,3.3506782,"{""geodesic"":false,""type"":""Point"",""coordinates"":[114.3631264325659,30.331211326417794]}"
417,36,-0.5164056,0.76355386,1,-12.81719498,0.697615249,-5.457602994,0.923258271,1.236875044,0,2,0,3.514497,"{""geodesic"":false,""type"":""Point"",""coordinates"":[114.03407354399293,30.5597427346978]}"
418,64,0,0,0,-14.13982703,1.540055021,-8.685279098,0.637596086,1.158136125,0,1,0,2.1469743,"{""geodesic"":false,""type"":""Point"",""coordinates"":[114.45610206447228,31.08310121922583]}"
419,33,0,0,0,-14.84568878,0.34030054,-11.83686047,-0.198542366,0.955313167,0,1,0,2.350677,"{""geodesic"":false,""type"":""Point"",""coordinates"":[114.17609719041222,30.88151926946941]}"
420,24,0,0,0,-14.78970022,1.783352038,-9.730976729,0.299484039,1.071392012,0,1,0,4.6273675,"{""geodesic"":false,""type"":""Point"",""coordinates"":[114.53641145087256,30.734914215101107]}"
421,40,-0.59034574,0.7985314,1,-14.37330673,1.741141166,-11.92778486,-0.648269561,0.861336882,0,2,0,2.7802885,"{""geodesic"":false,""type"":""Point"",""coordinates"":[113.89878726220452,30.475660424104213]}"
422,17,0,0,0,-25.05427429,1.125385441,-25.09571301,0.080190241,1.018636008,0,1,0,0,"{""geodesic"":false,""type"":""Point"",""coordinates"":[114.22379773199897,30.03476728265835]}"
423,47,0,0,0,-14.2861927,-0.289814982,-9.601081166,-0.480724608,0.895215389,0,1,0,2.33782,"{""geodesic"":false,""type"":""Point"",""coordinates"":[114.36447390549209,30.250093456261798]}"
424,24,0,0,0,-15.3682301,2.192706787,-10.85232205,-1.145842974,0.768096352,0,1,0,2.1438162,"{""geodesic"":false,""type"":""Point"",""coordinates"":[114.53075206458261,30.523630460276195]}"
425,24,-0.36515513,0.4515973,1,-19.51116169,0.896609372,-7.830742397,1.45856628,1.399125358,0,2,0,3.8573558,"{""geodesic"":false,""type"":""Point"",""coordinates"":[114.21328744317476,30.571869991033413]}"
426,40,0,0,0,-14.70689704,-0.492241637,-7.995337069,0.813265806,1.205942444,0,1,0,2.1471784,"{""geodesic"":false,""type"":""Point"",""coordinates"":[114.35072968164506,31.118674504476964]}"
427,29,0,0,0,-12.67250952,0.144811339,-9.695151642,-0.841627425,0.823829345,0,1,0,1.4240266,"{""geodesic"":false,""type"":""Point"",""coordinates"":[114.80240260650035,30.903348330873516]}"
428,79,0,0,0,-14.61985643,2.168346734,-9.098501074,0.951156042,1.244845931,0,1,0,0,"{""geodesic"":false,""type"":""Point"",""coordinates"":[114.39869971781704,31.31351908960249]}"
429,23,0,0,0,-17.13903788,1.813374419,-8.52517329,-1.010175403,0.792469324,0,1,0,1.0783713,"{""geodesic"":false,""type"":""Point"",""coordinates"":[114.17016830953703,30.685327211417707]}"
430,44,0,0,0,-17.19349052,0.905547997,-9.166403327,1.261237018,1.336976279,0,1,0,1.0820363,"{""geodesic"":false,""type"":""Point"",""coordinates"":[114.25748455515345,31.010876670382622]}"
431,33,0,0,0,-15.13336838,1.048193987,-8.951942389,-0.648764396,0.861238747,0,1,0,4.6273675,"{""geodesic"":false,""type"":""Point"",""coordinates"":[114.90481054888998,30.827350857837004]}"
432,60,0,0,0,-14.87700687,1.567200019,-11.61327703,0.033244843,1.007684282,0,1,0,1.0811458,"{""geodesic"":false,""type"":""Point"",""coordinates"":[114.56363040398138,30.93218425149375]}"
433,27,0,0,0,-18.8711449,-0.188889418,-10.20207394,1.233233941,1.32838326,0,1,0,1.4241338,"{""geodesic"":false,""type"":""Point"",""coordinates"":[114.3119224613711,30.915745081794366]}"
434,27,-0.31216112,0.31495282,1,-17.9238769,-0.336280351,-3.478005897,0.985291148,1.254668847,0,2,0,1.8543341,"{""geodesic"":false,""type"":""Point"",""coordinates"":[114.07207228051118,30.30129742745661]}"
435,90,0,0,0,-14.75145698,-0.39799722,-4.61129821,1.701209474,1.479520365,0,1,0,3.5241408,"{""geodesic"":false,""type"":""Point"",""coordinates"":[114.28982390538175,31.258003205043902]}"
436,24,0,0,0,-15.04289812,-0.28367127,-5.619099992,0.809590433,1.204922303,0,1,0,1.8543341,"{""geodesic"":false,""type"":""Point"",""coordinates"":[113.97343726231486,30.752700857726673]}"
437,24,-0.58308154,0.88831043,1,-12.81392353,1.483025367,-7.540202411,0.575493204,1.141692953,0,2,0,2.9806619,"{""geodesic"":false,""type"":""Point"",""coordinates"":[114.07692318304542,30.479972337467984]}"
438,23,0,0,0,-18.69628741,0.095243908,-11.04116684,0.848172504,1.215674342,0,1,0,2.3449292,"{""geodesic"":false,""type"":""Point"",""coordinates"":[114.53748942921351,30.601783889994593]}"
439,25,0,0,0,-16.04026782,-0.352170923,-8.584866688,0.530386088,1.129896358,0,1,0,0.92740995,"{""geodesic"":false,""type"":""Point"",""coordinates"":[114.79701271479564,30.928680821885685]}"
440,29,-0.31633952,0.08235294,1,-11.72223335,1.691569204,-5.416588019,-0.17055453,0.961489503,0,2,0,4.282049,"{""geodesic"":false,""type"":""Point"",""coordinates"":[114.20547210020293,30.560012229283036]}"
441,47,0,0,0,-14.42081979,2.215960336,-9.093713039,0.698330322,1.174445944,0,1,0,4.378555,"{""geodesic"":false,""type"":""Point"",""coordinates"":[114.51458238946846,30.09324760765453]}"
442,33,0,0,0,-12.74237416,1.898377349,-9.210443807,-0.603630079,0.870235893,0,1,0,4.2637167,"{""geodesic"":false,""type"":""Point"",""coordinates"":[114.60028166757346,30.850527392167287]}"
443,31,-0.5021783,0.57877815,1,-13.5899037,1.303863182,-7.386981508,1.500883868,1.412825051,0,2,0,2.3390014,"{""geodesic"":false,""type"":""Point"",""coordinates"":[113.97559321899675,30.308843275843216]}"
444,30,0,0,0,-14.29934289,1.381280464,-9.109103657,-0.820759085,0.827797464,0,1,0,1.4213353,"{""geodesic"":false,""type"":""Point"",""coordinates"":[114.66496036803007,30.58642269863615]}"
445,115,0,0,0,-14.47915007,0.02654228,-11.66061838,1.117160683,1.293350003,0,1,0,2.8480442,"{""geodesic"":false,""type"":""Point"",""coordinates"":[114.4186423171245,31.00521728409267]}"
446,46,0,0,0,-29.46741466,-0.343185541,-21.15550591,1.288883975,1.345514547,0,1,0,0,"{""geodesic"":false,""type"":""Point"",""coordinates"":[114.4976042305986,31.08310121922583]}"
447,39,0,0,0,-14.91591574,1.830453829,-6.992030017,0.586003629,1.144459327,0,1,0,4.8970466,"{""geodesic"":false,""type"":""Point"",""coordinates"":[114.39789123406133,30.055787860306747]}"
448,23,0,0,0,-13.66633693,1.25146976,-8.448859304,0.779752554,1.196672347,0,1,0,1.0781697,"{""geodesic"":false,""type"":""Point"",""coordinates"":[114.80105513357417,30.667271074206905]}"
449,24,0,0,0,-17.0235176,1.539869275,-8.104348653,0.453051298,1.109954381,0,1,0,4.2606745,"{""geodesic"":false,""type"":""Point"",""coordinates"":[113.94567932003557,30.730871796322567]}"
450,63,0,0,0,-14.7775446,1.598490013,-8.445208689,1.502611219,1.413387096,0,1,0,2.1477969,"{""geodesic"":false,""type"":""Point"",""coordinates"":[114.3631264325659,31.225933349400837]}"
451,24,0,0,0,-14.45383419,0.619369486,-10.84208082,1.037687512,1.269897743,0,1,0,3.3596938,"{""geodesic"":false,""type"":""Point"",""coordinates"":[114.74526975443035,30.614989124671148]}"
452,71,0,0,0,-14.73885276,-0.487000084,-10.1195078,-0.923440204,0.808455239,0,1,0,0,"{""geodesic"":false,""type"":""Point"",""coordinates"":[114.3119224613711,31.184700677859748]}"
453,37,0,0,0,-15.4672655,0.90669154,-5.943648502,1.066541888,1.27836299,0,1,0,2.8346124,"{""geodesic"":false,""type"":""Point"",""coordinates"":[114.33806343613897,30.206974322624063]}"
454,89,0,0,0,-12.75839356,0.119919973,-6.502359819,0.166530318,1.039089681,0,1,0,2.8504362,"{""geodesic"":false,""type"":""Point"",""coordinates"":[114.33213455526378,31.144006995489136]}"
455,28,0,0,0,-13.00024417,-0.13667789,-6.897500034,-0.374553392,0.917370269,0,1,0,2.1617417,"{""geodesic"":false,""type"":""Point"",""coordinates"":[114.75631903242503,30.941886056562243]}"
456,24,0,0,0,-7.291849243,1.014210409,-5.25936157,-0.262135594,0.941426547,0,1,0,4.2839465,"{""geodesic"":false,""type"":""Point"",""coordinates"":[114.36743834592968,30.730332807152095]}"
457,65,0,0,0,-15.13686601,1.36953711,-9.505940424,0.437189989,1.105907998,0,1,0,2.1620746,"{""geodesic"":false,""type"":""Point"",""coordinates"":[114.88298148748588,30.956708258750215]}"
458,28,0,0,0,-17.18843295,0.302136761,-8.031957204,1.395388637,1.378919343,0,1,0,1.4245342,"{""geodesic"":false,""type"":""Point"",""coordinates"":[114.41001849039695,30.962367645040167]}"
459,21,0,0,0,-13.66630005,1.918063091,-7.660985504,0.619890017,1.153424047,0,1,0,1.0801024,"{""geodesic"":false,""type"":""Point"",""coordinates"":[114.35046018705982,30.839747608757854]}"
460,26,-0.17916536,0.5625974,1,-15.88339145,1.994075418,-11.95438565,0.631394222,1.15648345,0,2,0,2.153532,"{""geodesic"":false,""type"":""Point"",""coordinates"":[114.09632679318241,30.57537342064148]}"
461,25,-0.5823553,0.86266774,1,-13.72095251,0.06815333,-7.072932826,-0.462350939,0.899010794,0,2,0,0.92740995,"{""geodesic"":false,""type"":""Point"",""coordinates"":[114.16855134202562,30.535488222026572]}"
462,49,0,0,0,-17.51855298,0.746487549,-11.41356196,-0.099443394,0.977362475,0,1,0,4.6944747,"{""geodesic"":false,""type"":""Point"",""coordinates"":[114.72371018761149,30.90577378214064]}"
463,24,0,0,0,-13.3532497,0.540369009,-9.024643081,2.35E-04,1.000054006,0,1,0,2.7802885,"{""geodesic"":false,""type"":""Point"",""coordinates"":[114.46957679373406,30.393464575607275]}"
464,52,0,0,0,-16.40869876,-0.45385024,-9.851026123,0.663986994,1.165195234,0,1,0,2.1618547,"{""geodesic"":false,""type"":""Point"",""coordinates"":[114.92259719151555,30.947006453681723]}"
465,63,0,0,0,-14.7659091,0.731864149,-10.16770187,0.867132286,1.220993153,0,1,0,3.8593023,"{""geodesic"":false,""type"":""Point"",""coordinates"":[114.43481199223865,31.19170753707588]}"
466,34,0,0,0,-7.185062497,2.247661629,-1.342108291,-0.127702434,0.971023536,0,1,0,4.9092474,"{""geodesic"":false,""type"":""Point"",""coordinates"":[114.29736975376835,30.62469092973964]}"
467,22,0,0,0,-17.12766761,0.494750671,-10.076428,-0.462840573,0.898909443,0,1,0,4.400436,"{""geodesic"":false,""type"":""Point"",""coordinates"":[114.39923870698752,30.60582630877313]}"
468,29,0,0,0,-11.50397801,1.214884845,-5.317782879,1.117509454,1.293453873,0,1,0,3.7047918,"{""geodesic"":false,""type"":""Point"",""coordinates"":[114.80186361732989,30.854030821775353]}"
469,65,0,0,0,-17.06669368,-0.301136226,-9.258820965,1.291008189,1.346172824,0,1,0,2.3506138,"{""geodesic"":false,""type"":""Point"",""coordinates"":[114.28632047577369,30.87828533444658]}"
470,21,0,0,0,-21.6637547,-0.547148742,-11.91140647,-0.394966336,0.913068513,0,1,0,1.8543341,"{""geodesic"":false,""type"":""Point"",""coordinates"":[114.76197841871497,30.768062049085117]}"
471,61,0,0,0,-13.44839217,1.219795425,-4.854018741,1.321539789,1.355669979,0,1,0,4.425421,"{""geodesic"":false,""type"":""Point"",""coordinates"":[114.36582137841826,31.175268367376496]}"
472,43,0,0,0,-15.42870422,1.111179949,-10.16818115,0.861432284,1.219391683,0,1,0,0.92740995,"{""geodesic"":false,""type"":""Point"",""coordinates"":[114.56740332817469,30.85025789758205]}"
473,19,0,0,0,-14.38972698,0.097147567,-7.625686549,0.865720834,1.220596396,0,1,0,2.144594,"{""geodesic"":false,""type"":""Point"",""coordinates"":[114.8215367220521,30.66295916084313]}"
474,37,0,0,0,-15.72710595,0.575077454,-10.4919895,-0.864716954,0.819461029,0,1,0,1.4226787,"{""geodesic"":false,""type"":""Point"",""coordinates"":[114.60836650513053,30.745155009340067]}"
475,40,0,0,0,-16.03178955,-0.271049976,-10.03666514,-0.076713477,0.982491162,0,1,0,0,"{""geodesic"":false,""type"":""Point"",""coordinates"":[114.86842877988313,30.89149056912314]}"
476,29,0,0,0,-15.54083075,0.395418384,-10.04604483,0.548263604,1.134557106,0,1,0,1.0807034,"{""geodesic"":false,""type"":""Point"",""coordinates"":[114.55042516930483,30.893107536634552]}"
477,27,0,0,0,-13.14949848,0.065334436,-10.12406418,-0.631695653,0.864630268,0,1,0,2.8449407,"{""geodesic"":false,""type"":""Point"",""coordinates"":[114.78569394221573,30.823847428228937]}"
478,32,0,0,0,-16.02731338,0.065566756,-10.77260348,-1.131565737,0.77062559,0,1,0,4.281957,"{""geodesic"":false,""type"":""Point"",""coordinates"":[114.24535729881784,30.55165789714072]}"
479,22,0,0,0,-15.50452816,1.970969084,-10.02776806,-0.441740696,0.903287355,0,1,0,4.4010005,"{""geodesic"":false,""type"":""Point"",""coordinates"":[114.67304520558714,30.61876204886445]}"
480,25,0,0,0,-15.24988915,1.108447515,-9.664378672,-0.757839508,0.839877698,0,1,0,1.423111,"{""geodesic"":false,""type"":""Point"",""coordinates"":[114.5442267938444,30.796089485949643]}"
481,42,-0.4207571,0.23630136,1,-7.665095275,1.72786603,-5.401685004,-0.189549696,0.957293324,0,2,0,4.3961453,"{""geodesic"":false,""type"":""Point"",""coordinates"":[113.87318527660712,30.506382806821097]}"
482,24,0,0,0,-14.90435847,1.626469344,-7.144263534,1.354088336,1.365868325,0,1,0,1.0798994,"{""geodesic"":false,""type"":""Point"",""coordinates"":[114.68867589153082,30.82169147154705]}"
483,24,0,0,0,-17.87437958,1.750461302,-12.35049816,1.081171459,1.282676523,0,1,0,2.144409,"{""geodesic"":false,""type"":""Point"",""coordinates"":[114.54826921262294,30.630080821444356]}"
484,24,0,0,0,-16.82741095,1.025814617,-10.16081056,0.214611078,1.050657361,0,1,0,2.1458528,"{""geodesic"":false,""type"":""Point"",""coordinates"":[114.41756433878355,30.226108438175807]}"
485,21,-0.32129332,0.42610022,1,-12.93885754,-0.085520254,-9.737594663,0.661427028,1.164508607,0,2,0,2.9806397,"{""geodesic"":false,""type"":""Point"",""coordinates"":[114.19927372474251,30.47431295117803]}"
486,28,0,0,0,-13.66804509,1.126655211,-8.058974326,1.472697955,1.403685441,0,1,0,4.25703,"{""geodesic"":false,""type"":""Point"",""coordinates"":[114.63747192033601,30.58642269863615]}"
487,41,0,0,0,-15.8102309,0.517626823,-8.670516599,-0.854177133,0.82145218,0,1,0,3.3675525,"{""geodesic"":false,""type"":""Point"",""coordinates"":[114.55392859891289,30.859151218894834]}"
488,45,-0.5107512,0.6572412,1,-13.29179572,0.617027007,-8.824317685,-0.622498605,0.866463234,0,2,0,3.7144654,"{""geodesic"":false,""type"":""Point"",""coordinates"":[114.20196867059487,30.343338582753407]}"
489,28,-0.31682447,0.6684519,1,-13.42194789,2.040562093,-10.25003482,-0.376177291,0.917027313,0,2,0,4.749484,"{""geodesic"":false,""type"":""Point"",""coordinates"":[114.18741596299213,30.35816078494138]}"
490,27,-0.42702702,0.18651916,1,-11.47685881,0.519399715,-2.076786642,-0.36389808,0.919623778,0,2,0,1.4202193,"{""geodesic"":false,""type"":""Point"",""coordinates"":[114.15507661276382,30.453292373529635]}"
491,20,0,0,0,-17.95691,-0.251273087,-12.6498112,-1.167504305,0.764274852,0,1,0,2.334016,"{""geodesic"":false,""type"":""Point"",""coordinates"":[114.27473220860854,30.059291289914814]}"
492,46,0,0,0,-16.16986089,1.440047822,-13.07302521,-1.24343704,0.751028289,0,1,0,2.3464508,"{""geodesic"":false,""type"":""Point"",""coordinates"":[114.62723112609704,30.676164395519688]}"
493,45,0,0,0,-17.6790471,2.222175548,-9.101929597,0.518306758,1.126758066,0,1,0,3.2402222,"{""geodesic"":false,""type"":""Point"",""coordinates"":[114.26799484397765,30.928141832715216]}"
494,26,0,0,0,-14.95580478,1.402663365,-9.73640657,-0.748584344,0.841669453,0,1,0,1.0748358,"{""geodesic"":false,""type"":""Point"",""coordinates"":[114.46472589119982,30.365976127913218]}"
495,43,0,0,0,-13.78261545,1.539100888,-6.404029504,0.481091258,1.117143919,0,1,0,4.3154483,"{""geodesic"":false,""type"":""Point"",""coordinates"":[114.73233401433903,30.89984490126545]}"
496,29,-0.6022013,0.8479709,1,-11.48347237,-0.527045852,-8.872366742,0.13760049,1.032190955,0,2,0,3.2189531,"{""geodesic"":false,""type"":""Point"",""coordinates"":[114.00577661254316,30.288900676535764]}"
497,33,0,0,0,-14.79925319,0.219620085,-8.544761728,-0.112980386,0.974320772,0,1,0,2.1430142,"{""geodesic"":false,""type"":""Point"",""coordinates"":[114.41352192000501,30.378642373419304]}"
498,34,0,0,0,-14.61522027,-0.631185699,-7.915870543,1.748782631,1.495816306,0,1,0,4.2855606,"{""geodesic"":false,""type"":""Point"",""coordinates"":[114.48763293094487,30.873973421082805]}"
499,24,0,0,0,-13.57922708,1.971157101,-6.436257949,0.953667137,1.245565911,0,1,0,3.7182379,"{""geodesic"":false,""type"":""Point"",""coordinates"":[114.31111397761539,30.475660424104213]}"
500,26,-0.37242913,0.3253078,1,-13.10281433,1.781908015,-9.375089227,0.902085905,1.230859808,0,2,0,1.0743327,"{""geodesic"":false,""type"":""Point"",""coordinates"":[113.97182029480344,30.32016204842312]}"
501,45,0,0,0,-15.66756167,0.435587933,-6.929954165,1.104205264,1.289497565,0,1,0,0,"{""geodesic"":false,""type"":""Point"",""coordinates"":[114.52185874326983,29.985449773560187]}"
502,25,0,0,0,-15.22182361,0.307144229,-8.410804818,-1.065597657,0.782420524,0,1,0,1.080625,"{""geodesic"":false,""type"":""Point"",""coordinates"":[114.80105513357417,30.88610067741842]}"
503,26,0,0,0,-17.84479046,0.259291296,-9.582619357,-0.577742246,0.875438769,0,1,0,3.7047918,"{""geodesic"":false,""type"":""Point"",""coordinates"":[114.62103275063662,30.70526981072516]}"
504,42,0,0,0,-19.49561169,-0.70884102,-10.79305193,-0.093786263,0.978636419,0,1,0,3.367112,"{""geodesic"":false,""type"":""Point"",""coordinates"":[114.84228780511526,30.845676489633043]}"
505,29,-0.3890306,0.34398106,1,-20.65126387,0.497758093,-12.7978321,-0.769157501,0.837691772,0,2,0,3.353065,"{""geodesic"":false,""type"":""Point"",""coordinates"":[114.04539231657283,30.40666981028383]}"
506,35,0,0,0,-16.49651108,1.178517984,-7.838975634,0.619178612,1.153235124,0,1,0,1.4237604,"{""geodesic"":false,""type"":""Point"",""coordinates"":[114.6013596459144,30.872356453571392]}"
507,40,0,0,0,-17.00920771,0.793787797,-11.56103804,-0.656200243,0.859765424,0,1,0,2.9820604,"{""geodesic"":false,""type"":""Point"",""coordinates"":[114.89349177631007,30.828159341592713]}"
508,28,0,0,0,-13.25006408,1.66951888,-6.272563407,0.62140406,1.153826226,0,1,0,2.1612587,"{""geodesic"":false,""type"":""Point"",""coordinates"":[114.77895657758484,30.92059598432861]}"
509,27,0,0,0,-12.50575788,1.472965279,-10.06784323,0.191329668,1.045040127,0,1,0,0,"{""geodesic"":false,""type"":""Point"",""coordinates"":[114.29359682957505,30.420953023301333]}"
510,51,0,0,0,-14.29897152,1.883844903,-6.593179004,0.937047737,1.24080854,0,1,0,3.3688223,"{""geodesic"":false,""type"":""Point"",""coordinates"":[114.43939340018765,30.898227933754033]}"
511,22,-0.20915166,0.6476921,1,-16.14571135,1.22938687,-7.450617509,0.516832429,1.126375623,0,2,0,3.3587081,"{""geodesic"":false,""type"":""Point"",""coordinates"":[114.07341975343736,30.584266741954263]}"
512,25,-0.27411443,0.6759953,1,-14.93026246,-0.529794859,-10.01136579,0.240083446,1.056837815,0,2,0,1.4209663,"{""geodesic"":false,""type"":""Point"",""coordinates"":[114.14645278603628,30.542495081242702]}"
513,33,0,0,0,-13.28807629,2.166482553,-8.728514863,-0.023255913,0.99465944,0,1,0,2.146124,"{""geodesic"":false,""type"":""Point"",""coordinates"":[114.33860242530945,30.934070713590405]}"
514,27,-0.52559525,0.63827604,1,-14.84462832,-0.667307347,-7.992395173,0.702950341,1.175695982,0,2,0,4.2978477,"{""geodesic"":false,""type"":""Point"",""coordinates"":[114.1955008005492,30.503957355553975]}"
515,36,0,0,0,-14.2951969,-0.591317652,-6.092250404,1.199895659,1.318225067,0,1,0,4.3132806,"{""geodesic"":false,""type"":""Point"",""coordinates"":[114.80887047654602,30.851335875922995]}"
516,25,0,0,0,-11.47502884,-0.719081934,-0.964833566,0.358858183,1.086140026,0,1,0,1.0787003,"{""geodesic"":false,""type"":""Point"",""coordinates"":[114.44963419442662,30.714702121208415]}"
517,39,0,0,0,-12.8307843,2.191638522,-7.013311106,0.502405876,1.122640195,0,1,0,2.84632,"{""geodesic"":false,""type"":""Point"",""coordinates"":[114.95035513379484,30.904695803799694]}"
518,35,0,0,0,-14.67040378,0.752138019,-6.830766045,1.715884617,1.484528234,0,1,0,3.3508008,"{""geodesic"":false,""type"":""Point"",""coordinates"":[114.58788491665261,30.334984250611093]}"
519,19,0,0,0,-15.22344511,-0.463555386,-9.181055358,0.499593272,1.121913379,0,1,0,2.1456902,"{""geodesic"":false,""type"":""Point"",""coordinates"":[114.3660908730035,30.857803745968656]}"
520,15,0,0,0,-18.28981414,-0.229306338,-11.35217532,0.133151551,1.031134114,0,1,0,2.1433375,"{""geodesic"":false,""type"":""Point"",""coordinates"":[114.5299435808269,30.437122698415482]}"
521,34,0,0,0,-12.81892606,0.458158359,-5.401878059,1.136913551,1.2992459,0,1,0,2.7802885,"{""geodesic"":false,""type"":""Point"",""coordinates"":[114.49571776850195,30.86157667016196]}"
522,26,0,0,0,-15.11740916,0.932024573,-9.059645382,-0.3810995,0.915988561,0,1,0,2.9813168,"{""geodesic"":false,""type"":""Point"",""coordinates"":[114.63396849072794,30.643825045291386]}"
523,29,0,0,0,-17.4380747,-0.644030018,-9.360404188,0.403718506,1.097417422,0,1,0,3.5122547,"{""geodesic"":false,""type"":""Point"",""coordinates"":[114.5479997180377,30.393464575607275]}"
524,52,0,0,0,-16.84273881,0.723954706,-8.858816019,0.090486076,1.021053757,0,1,0,2.8476527,"{""geodesic"":false,""type"":""Point"",""coordinates"":[114.97299267895465,30.982579738932856]}"
525,26,0,0,0,-12.94468084,1.76889164,-7.204134712,1.712536708,1.483384275,0,1,0,2.9815023,"{""geodesic"":false,""type"":""Point"",""coordinates"":[113.97586271358198,30.68990861936672]}"
526,14,0,0,0,-27.022263,1.629262315,-18.19513438,-0.285748233,0.93632189,0,1,0,0,"{""geodesic"":false,""type"":""Point"",""coordinates"":[114.48224303924016,30.819535514865166]}"
527,28,0,0,0,-13.22597359,2.146226711,-9.204942048,0.538568678,1.132027215,0,1,0,2.1420703,"{""geodesic"":false,""type"":""Point"",""coordinates"":[114.32674466355907,30.20643533345359]}"
528,27,-0.43997294,0.56016845,1,-13.45663927,1.084237829,-7.605482867,-0.071655097,0.98363617,0,2,0,3.2292762,"{""geodesic"":false,""type"":""Point"",""coordinates"":[114.14591379686581,30.601783889994593]}"
529,26,0,0,0,-15.83620315,0.98005794,-12.11551543,0.192959306,1.04543234,0,1,0,3.3664918,"{""geodesic"":false,""type"":""Point"",""coordinates"":[114.49356181182006,30.82627287949606]}"
530,29,0,0,0,-16.81894197,-0.550504187,-10.26986288,0.006605678,1.001522171,0,1,0,0.92740995,"{""geodesic"":false,""type"":""Point"",""coordinates"":[114.50892300317851,30.379720351760245]}"
531,54,0,0,0,-18.05113437,-0.309802651,-11.35326618,1.048345427,1.273017995,0,1,0,2.9834251,"{""geodesic"":false,""type"":""Point"",""coordinates"":[114.42052877922114,31.160715659773757]}"
532,18,0,0,0,-18.24815895,0.463788158,-12.67166211,-0.502912435,0.890653454,0,1,0,0,"{""geodesic"":false,""type"":""Point"",""coordinates"":[114.29871722669454,30.644094539876622]}"
533,24,-0.45207804,0.48232952,1,-13.15582117,0.514418642,-7.414819222,0.29684047,1.070740049,0,2,0,1.4196678,"{""geodesic"":false,""type"":""Point"",""coordinates"":[113.82817968087274,30.38726620014685]}"
534,57,0,0,0,-17.83338422,1.92738406,-8.663786119,1.562131499,1.432890983,0,1,0,2.3590596,"{""geodesic"":false,""type"":""Point"",""coordinates"":[114.30491560215496,31.28225771771513]}"
535,26,-0.2636347,0.03895004,1,-11.99816554,1.631594135,0.976239201,0.213344932,1.050351097,0,2,0,3.2283158,"{""geodesic"":false,""type"":""Point"",""coordinates"":[114.1639699340766,30.572678474789118]}"
536,25,-0.568438,0.8200144,1,-17.23153041,-0.543062658,-9.203421303,-0.429133078,0.905913418,0,2,0,3.717602,"{""geodesic"":false,""type"":""Point"",""coordinates"":[114.13297805677449,30.453292373529635]}"
537,43,0,0,0,-14.8004712,1.878824361,-9.475285043,-0.850235193,0.822198122,0,1,0,2.8512988,"{""geodesic"":false,""type"":""Point"",""coordinates"":[114.38765043982237,31.19359399917253]}"
538,45,0,0,0,-14.46573577,-0.220471249,-10.43101692,1.018337201,1.264252206,0,1,0,3.7047918,"{""geodesic"":false,""type"":""Point"",""coordinates"":[114.83096903253535,30.877476850690872]}"
539,42,0,0,0,-17.06018378,0.114289896,-11.44100533,-0.296202832,0.93407063,0,1,0,3.7313242,"{""geodesic"":false,""type"":""Point"",""coordinates"":[114.85522354520658,30.927333348959507]}"
540,26,0,0,0,-15.70279644,0.839889261,-8.592957027,-1.048612036,0.785486629,0,1,0,1.0807253,"{""geodesic"":false,""type"":""Point"",""coordinates"":[114.67466217309855,30.894993998731202]}"
541,23,0,0,0,-15.57731899,0.412383846,-8.108230103,0.177889854,1.041811112,0,1,0,1.4196979,"{""geodesic"":false,""type"":""Point"",""coordinates"":[114.22945711828892,30.390769629754917]}"
542,23,0,0,0,-14.40630683,0.168342036,-9.823055074,-0.01354335,0.996886386,0,1,0,0.92740995,"{""geodesic"":false,""type"":""Point"",""coordinates"":[113.99068491576995,30.738687139294406]}"
543,36,0,0,0,-14.09695661,0.971497881,-8.829648636,1.462059652,1.400251238,0,1,0,2.1599627,"{""geodesic"":false,""type"":""Point"",""coordinates"":[114.20358563810628,30.863193637673373]}"
544,25,-0.55588126,0.78193295,1,-14.38453201,1.609940607,-7.428002356,-0.996431798,0.79498113,0,2,0,2.1493185,"{""geodesic"":false,""type"":""Point"",""coordinates"":[113.73035314643211,30.384571254294492]}"
545,20,0,0,0,-12.62855419,1.979212909,-9.297582065,0.366817847,1.088132507,0,1,0,0.92740995,"{""geodesic"":false,""type"":""Point"",""coordinates"":[114.38091307519147,30.85349183260488]}"
546,28,-0.2957442,0.21365124,1,-13.78463023,0.198525044,-9.894880131,-0.648968315,0.861198309,0,2,0,4.280351,"{""geodesic"":false,""type"":""Point"",""coordinates"":[113.71256650380654,30.40613082111336]}"
547,30,-0.48295102,0.67386365,1,-16.81078562,0.906905893,-9.018013299,1.279088837,1.342483275,0,2,0,1.8543341,"{""geodesic"":false,""type"":""Point"",""coordinates"":[113.96939484353632,30.578607355664307]}"
548,26,0,0,0,-16.46332928,0.284126039,-9.969182918,-0.269672252,0.939794231,0,1,0,3.7280033,"{""geodesic"":false,""type"":""Point"",""coordinates"":[114.86034394232607,30.813606633989973]}"
549,27,0,0,0,-16.39737789,-0.389234926,-7.820535144,0.702190093,1.17549019,0,1,0,1.4205493,"{""geodesic"":false,""type"":""Point"",""coordinates"":[114.27769664904613,30.492908077559306]}"
550,23,0,0,0,-15.85683623,1.348740801,-9.646593953,0.709728048,1.177532235,0,1,0,2.8431346,"{""geodesic"":false,""type"":""Point"",""coordinates"":[114.32054628809864,30.717397067060773]}"
551,53,0,0,0,-15.1967299,0.728598665,-10.6042676,-0.698188635,0.851493107,0,1,0,2.3399682,"{""geodesic"":false,""type"":""Point"",""coordinates"":[114.22352823741373,30.357082806600435]}"
552,71,0,0,0,-15.49444342,1.00231427,-10.26555827,-0.22462084,0.9495939,0,1,0,3.7353947,"{""geodesic"":false,""type"":""Point"",""coordinates"":[114.22864863453322,31.0655840711855]}"
553,23,0,0,0,-16.94212881,0.96927126,-12.94290241,-0.27494863,0.938653139,0,1,0,1.4224831,"{""geodesic"":false,""type"":""Point"",""coordinates"":[114.64205332828502,30.72224796959502]}"
554,33,0,0,0,-16.87023357,1.299257619,-8.231036833,1.334192517,1.359625345,0,1,0,3.8571115,"{""geodesic"":false,""type"":""Point"",""coordinates"":[114.59731722713586,30.492369088388834]}"
555,16,0,0,0,-26.30271966,2.192902593,-20.04959006,1.57655818,1.43765877,0,1,0,0,"{""geodesic"":false,""type"":""Point"",""coordinates"":[114.53937589131016,30.20643533345359]}"
556,46,0,0,0,-16.82154042,1.150651138,-11.43638026,-1.172819858,0.763339989,0,1,0,3.371795,"{""geodesic"":false,""type"":""Point"",""coordinates"":[114.34156686574704,30.989856092734225]}"
557,22,0,0,0,-15.22072374,1.483863202,-8.690182544,-0.71925639,0.847372491,0,1,0,1.8543341,"{""geodesic"":false,""type"":""Point"",""coordinates"":[113.99203238869613,30.713624142867474]}"
558,25,-0.2041918,0.21583179,1,-18.68047055,0.14190973,-13.77965162,-0.142175529,0.967792934,0,2,0,3.7147973,"{""geodesic"":false,""type"":""Point"",""coordinates"":[114.0812350964092,30.35492684991855]}"
559,34,0,0,0,-14.34782897,1.69158352,-7.346351522,1.582573052,1.439651272,0,1,0,1.0741653,"{""geodesic"":false,""type"":""Point"",""coordinates"":[114.47793112587638,30.305070351649913]}"
560,65,0,0,0,-14.99098162,1.07169961,-9.48425925,-0.243713697,0.94542837,0,1,0,0.92740995,"{""geodesic"":false,""type"":""Point"",""coordinates"":[114.40947950122647,31.171495443183193]}"
561,27,0,0,0,-9.804510342,1.465450998,-1.469339609,-0.465816333,0.898293727,0,1,0,0.92740995,"{""geodesic"":false,""type"":""Point"",""coordinates"":[114.49625675767241,30.560012229283036]}"
562,38,0,0,0,-15.28338494,-0.19040164,-7.45095286,-0.093453513,0.978711404,0,1,0,2.3416674,"{""geodesic"":false,""type"":""Point"",""coordinates"":[114.55904899603237,30.44116511719402]}"
563,24,0,0,0,-12.67108479,0.151863717,-6.931189784,-0.622710525,0.866420955,0,1,0,1.4226103,"{""geodesic"":false,""type"":""Point"",""coordinates"":[114.35719755169072,30.73733966636823]}"
564,20,0,0,0,-15.67355352,0.887873398,-7.277483418,-0.300640071,0.933116766,0,1,0,0,"{""geodesic"":false,""type"":""Point"",""coordinates"":[114.0887809447958,30.67481692259351]}"
565,25,-0.45917052,0.7146178,1,-15.36896526,-0.199417423,-7.471905238,-0.552619076,0.880517704,0,2,0,1.4219398,"{""geodesic"":false,""type"":""Point"",""coordinates"":[113.94325386876844,30.658108258308886]}"
566,30,0,0,0,-13.77084279,1.804928056,-8.697826208,1.669943645,1.468907217,0,1,0,3.2388337,"{""geodesic"":false,""type"":""Point"",""coordinates"":[114.46095296700652,30.886909161174128]}"
567,24,-0.50584304,0.7639529,1,-14.91936652,0.153025001,-10.12735265,-0.579876111,0.875008736,0,2,0,1.4198923,"{""geodesic"":false,""type"":""Point"",""coordinates"":[113.94837426588792,30.414215658670436]}"
568,24,0,0,0,-13.57006493,1.888011853,-7.052860293,1.636277685,1.457564454,0,1,0,3.7261765,"{""geodesic"":false,""type"":""Point"",""coordinates"":[114.65579755213204,30.75081439563002]}"
569,29,0,0,0,-11.74822269,0.095037328,-6.38125925,1.459694371,1.399488832,0,1,0,2.8410308,"{""geodesic"":false,""type"":""Point"",""coordinates"":[114.33698545779802,30.59289056868181]}"
570,22,0,0,0,-16.09056029,-0.678628504,-7.321817033,-0.663724929,0.858277064,0,1,0,1.4217569,"{""geodesic"":false,""type"":""Point"",""coordinates"":[114.7975517039661,30.63627919690478]}"
571,21,0,0,0,-15.53821381,-0.412848695,-7.806612356,0.574376976,1.141399552,0,1,0,3.5169501,"{""geodesic"":false,""type"":""Point"",""coordinates"":[114.35504159500883,30.740034612220587]}"
572,23,-0.33159658,0.40574038,1,-14.80506785,1.093561877,-11.041458,0.07312536,1.01698029,0,2,0,1.8543341,"{""geodesic"":false,""type"":""Point"",""coordinates"":[114.0804266126535,30.585883709465676]}"
573,25,0,0,0,-15.31219934,-0.415751333,-4.896462992,1.01686254,1.263822998,0,1,0,1.8543341,"{""geodesic"":false,""type"":""Point"",""coordinates"":[114.47954809338779,30.706347789066104]}"
574,41,0,0,0,-18.10421063,-0.521606779,-9.376983017,1.130860951,1.297436451,0,1,0,1.0809793,"{""geodesic"":false,""type"":""Point"",""coordinates"":[114.67008076514955,30.917631543891016]}"
575,30,-0.5613208,0.6023175,1,-15.78926191,0.115464274,-9.21219291,0.401549717,1.096869528,0,2,0,0.92740995,"{""geodesic"":false,""type"":""Point"",""coordinates"":[114.17933112543506,30.260064755915526]}"
576,53,0,0,0,-12.67236433,0.159907891,-8.008752315,0.495529341,1.120864035,0,1,0,1.0816141,"{""geodesic"":false,""type"":""Point"",""coordinates"":[114.23619448291981,30.973686417620073]}"
577,38,0,0,0,-19.4620097,-0.182248686,-9.858985916,0.581793846,1.143350496,0,1,0,2.1566675,"{""geodesic"":false,""type"":""Point"",""coordinates"":[114.61672083727285,30.716049594134596]}"
578,35,0,0,0,-16.54499842,2.176864625,-7.775659749,0.881481365,1.225033983,0,1,0,3.5213282,"{""geodesic"":false,""type"":""Point"",""coordinates"":[114.30680206425161,31.05722973904319]}"
579,24,0,0,0,-18.03106716,-0.274158421,-9.649843808,1.119844677,1.294149556,0,1,0,2.3365922,"{""geodesic"":false,""type"":""Point"",""coordinates"":[114.48682444718916,30.188648690828025]}"
580,36,0,0,0,-15.69726871,-0.724726337,-9.622413374,-1.228946668,0.753538304,0,1,0,4.9043574,"{""geodesic"":false,""type"":""Point"",""coordinates"":[114.490058382212,30.398854467311992]}"
581,29,0,0,0,-14.34720249,0.084717036,-6.579167368,-0.300050253,0.933243502,0,1,0,2.1445844,"{""geodesic"":false,""type"":""Point"",""coordinates"":[114.51673834615035,30.661342193331716]}"
582,29,0,0,0,-9.237662614,-0.639626066,-0.984100326,-0.124037116,0.971843397,0,1,0,0,"{""geodesic"":false,""type"":""Point"",""coordinates"":[114.57171524153846,30.70796475657752]}"
583,58,0,0,0,-15.39013053,1.542162913,-10.51276078,0.827494717,1.209899986,0,1,0,4.4272285,"{""geodesic"":false,""type"":""Point"",""coordinates"":[114.40031668532845,31.21596204974711]}"
584,27,-0.5086705,0.8101116,1,-14.94160273,-0.450155581,-9.28150431,-1.22829518,0.753651351,0,2,0,4.293225,"{""geodesic"":false,""type"":""Point"",""coordinates"":[114.22191126990232,30.398584972726756]}"
585,32,0,0,0,-15.9432708,-0.083787791,-9.318413574,-0.133276871,0.969777967,0,1,0,1.8543341,"{""geodesic"":false,""type"":""Point"",""coordinates"":[114.49275332806435,30.130707355002315]}"
586,54,0,0,0,-15.52018027,0.835434964,-10.2166473,1.696836394,1.478031328,0,1,0,1.4190952,"{""geodesic"":false,""type"":""Point"",""coordinates"":[114.36366542173637,30.31827558632647]}"
587,16,0,0,0,-20.4099815,0.414542224,-14.64871196,0.553397695,1.135899137,0,1,0,2.144541,"{""geodesic"":false,""type"":""Point"",""coordinates"":[114.742574808578,30.653526850359878]}"
588,45,0,0,0,-12.57861522,0.576791727,-6.800993362,0.716233777,1.1792975,0,1,0,2.845741,"{""geodesic"":false,""type"":""Point"",""coordinates"":[114.93984484497064,30.87073948605998]}"
589,31,0,0,0,-14.42298023,0.935707068,-10.84307789,0.660712539,1.164317041,0,1,0,2.8363686,"{""geodesic"":false,""type"":""Point"",""coordinates"":[114.51808581907652,30.313424683792224]}"
590,24,-0.43564355,0.5371043,1,-13.05403203,1.98449188,-9.235720596,-1.231358666,0.753119918,0,2,0,3.3470893,"{""geodesic"":false,""type"":""Point"",""coordinates"":[113.79664881440013,30.216945622277787]}"
591,24,0,0,0,-15.32297127,2.247750826,-6.008333842,0.924923223,1.237349315,0,1,0,2.3475788,"{""geodesic"":false,""type"":""Point"",""coordinates"":[114.08608599894345,30.731141290907804]}"
592,26,0,0,0,-12.58889588,1.337373572,-5.787078976,-1.027218365,0.789365541,0,1,0,1.4218225,"{""geodesic"":false,""type"":""Point"",""coordinates"":[114.58896289499356,30.644094539876622]}"
593,36,0,0,0,-15.65285149,1.691970928,-10.11074559,1.059523957,1.276298902,0,1,0,3.2427535,"{""geodesic"":false,""type"":""Point"",""coordinates"":[114.33348202818996,31.002791832825547]}"
594,26,-0.3807036,0.569193,1,-9.182937424,-0.186834518,-6.760630728,-1.0470704,0.785765506,0,2,0,0.92740995,"{""geodesic"":false,""type"":""Point"",""coordinates"":[113.81039303824717,30.422031001642274]}"
595,21,0,0,0,-17.95332894,0.023573775,-11.44363349,1.511377303,1.41624285,0,1,0,2.7802885,"{""geodesic"":false,""type"":""Point"",""coordinates"":[114.20735856229958,30.668618547133086]}"
596,30,0,0,0,-13.55026214,0.396406089,-7.724450771,-1.155269654,0.766430951,0,1,0,1.4244651,"{""geodesic"":false,""type"":""Point"",""coordinates"":[114.79782119855135,30.95455230206833]}"
597,23,0,0,0,-15.29824086,0.917317187,-9.625681691,-0.983632604,0.797327493,0,1,0,2.3491678,"{""geodesic"":false,""type"":""Point"",""coordinates"":[114.79000585557951,30.808216742285257]}"
598,54,0,0,0,-14.27536431,0.541189034,-9.713462065,0.193627769,1.045593264,0,1,0,2.7802885,"{""geodesic"":false,""type"":""Point"",""coordinates"":[114.95278058506196,30.872625948156628]}"
599,24,0,0,0,-15.2133667,-0.317386866,-10.53631717,-0.323794188,0.928155155,0,1,0,1.4228227,"{""geodesic"":false,""type"":""Point"",""coordinates"":[114.69837769659931,30.762133168209928]}"
600,25,0,0,0,-11.68120777,0.332820694,-7.681440551,-0.44284614,0.903057463,0,1,0,2.1539698,"{""geodesic"":false,""type"":""Point"",""coordinates"":[114.67789610812139,30.595046525363696]}"
601,38,0,0,0,-14.74178863,-0.568692526,-8.593082937,-0.286730498,0.936110141,0,1,0,3.3436337,"{""geodesic"":false,""type"":""Point"",""coordinates"":[114.29063238913746,30.106452842331088]}"
602,83,0,0,0,-14.2067375,1.661963819,-6.986223914,-0.372885338,0.917722683,0,1,0,4.2883334,"{""geodesic"":false,""type"":""Point"",""coordinates"":[114.42915260594869,31.11786602072126]}"
603,34,0,0,0,-10.8386184,0.494796688,-7.363279445,0.121784215,1.028438726,0,1,0,2.343244,"{""geodesic"":false,""type"":""Point"",""coordinates"":[114.58977137874926,30.518779557741947]}"
604,24,-0.37545788,0.46286002,1,-15.73750596,0.45865215,-9.232067993,0.938059378,1.241097606,0,2,0,1.4185799,"{""geodesic"":false,""type"":""Point"",""coordinates"":[114.09605729859717,30.256022337136987]}"
605,63,0,0,0,-14.35140197,-0.038057288,-8.072429713,-0.041805169,0.990420186,0,1,0,2.1478403,"{""geodesic"":false,""type"":""Point"",""coordinates"":[114.28766794869986,31.233209703202203]}"
606,44,0,0,0,-12.74265435,1.091019582,-9.86607775,-1.027307291,0.789349378,0,1,0,4.2771883,"{""geodesic"":false,""type"":""Point"",""coordinates"":[114.49976018728049,30.115885152814343]}"
607,67,0,0,0,-15.48248005,-0.285750004,-10.75666987,-0.528971854,0.885325176,0,1,0,1.426685,"{""geodesic"":false,""type"":""Point"",""coordinates"":[114.27419321943808,31.211111147212865]}"
608,28,0,0,0,-17.17805369,-0.729426005,-5.567017941,1.7454468,1.494667805,0,1,0,2.1496236,"{""geodesic"":false,""type"":""Point"",""coordinates"":[114.24347083672119,30.39831547814152]}"
609,35,0,0,0,-13.45983448,0.657604948,-6.154473787,0.590034122,1.145521942,0,1,0,0.92740995,"{""geodesic"":false,""type"":""Point"",""coordinates"":[114.6013596459144,30.702035875702332]}"
610,33,0,0,0,-16.21577317,-0.22737647,-9.989698546,0.377688671,1.090859623,0,1,0,2.8457031,"{""geodesic"":false,""type"":""Point"",""coordinates"":[114.2081670460553,30.86858352937809]}"
611,28,0,0,0,-16.10859318,0.670484914,-8.467771523,0.16719785,1.039249406,0,1,0,2.7802885,"{""geodesic"":false,""type"":""Point"",""coordinates"":[114.24670477174402,30.41529363701138]}"
612,33,0,0,0,-11.16016302,0.733615238,-7.972469733,1.085734367,1.284024873,0,1,0,2.349145,"{""geodesic"":false,""type"":""Point"",""coordinates"":[114.24293184755071,30.807138763944316]}"
613,21,-0.44686383,0.54122055,1,-14.03258692,0.304755834,-8.658076536,0.627454056,1.155434699,0,2,0,2.1430066,"{""geodesic"":false,""type"":""Point"",""coordinates"":[113.84246289389023,30.377294900493123]}"
614,49,0,0,0,-15.49956324,0.910449547,-8.717387907,0.960247853,1.247454705,0,1,0,2.847357,"{""geodesic"":false,""type"":""Point"",""coordinates"":[114.93364646951021,30.965332085477762]}"
615,26,-0.14339386,0.58571935,1,-19.51413639,0.043601185,-11.59249562,0.845927166,1.21504599,0,2,0,1.8543341,"{""geodesic"":false,""type"":""Point"",""coordinates"":[113.94837426588792,30.33255879934397]}"
616,22,-0.34291726,0.46539682,1,-12.68527505,1.397854023,-7.99331769,1.326498632,1.357218789,0,2,0,2.3392248,"{""geodesic"":false,""type"":""Point"",""coordinates"":[113.91549592648914,30.319892553837885]}"
617,62,0,0,0,-16.35002716,-0.094210845,-7.998514434,-0.241021486,0.946014627,0,1,0,2.147225,"{""geodesic"":false,""type"":""Point"",""coordinates"":[114.47119376124549,31.126759342034042]}"
618,32,0,0,0,-13.99865708,1.28681545,-8.25857904,0.395906096,1.095445081,0,1,0,3.2314975,"{""geodesic"":false,""type"":""Point"",""coordinates"":[114.64771271457496,30.66834905254785]}"
619,32,0,0,0,-12.26107537,0.343813634,-6.412953022,-1.139592131,0.769202677,0,1,0,0.92740995,"{""geodesic"":false,""type"":""Point"",""coordinates"":[114.77437516963582,30.944850496999837]}"
620,25,0,0,0,-14.96189337,-0.642358746,-7.543747599,0.727169859,1.182270861,0,1,0,1.4220878,"{""geodesic"":false,""type"":""Point"",""coordinates"":[114.3879199344076,30.675625406349216]}"
621,28,0,0,0,-13.08358212,0.122910275,-7.930341494,-0.313857998,0.930281105,0,1,0,1.4232743,"{""geodesic"":false,""type"":""Point"",""coordinates"":[114.79997715523324,30.81522360150139]}"
622,22,-0.23189066,0.27916232,1,-14.21219763,0.230572504,-9.641540935,0.742110976,1.186345255,0,2,0,2.8369026,"{""geodesic"":false,""type"":""Point"",""coordinates"":[114.00712408546934,30.345494539435293]}"
623,26,-0.29190102,0.21386032,1,-17.78439483,-0.114898218,-9.643699151,-0.682840079,0.854507723,0,2,0,2.3386388,"{""geodesic"":false,""type"":""Point"",""coordinates"":[114.07827065597161,30.290787138632414]}"
624,25,0,0,0,-10.94159228,1.408013478,-3.434858416,1.618421982,1.451584086,0,1,0,3.7215564,"{""geodesic"":false,""type"":""Point"",""coordinates"":[114.49922119811,30.591004106585157]}"
625,22,0,0,0,-13.4842684,1.048297192,-11.1126749,-0.060136194,0.986248557,0,1,0,1.4229124,"{""geodesic"":false,""type"":""Point"",""coordinates"":[114.75524105408408,30.772643457034125]}"
626,30,0,0,0,-12.6148402,1.460126392,-8.358866175,0.006097192,1.001404916,0,1,0,3.356238,"{""geodesic"":false,""type"":""Point"",""coordinates"":[114.46715134246695,30.506652301406334]}"
627,32,0,0,0,-13.59086596,2.193069058,-9.902880688,0.152103033,1.035643547,0,1,0,3.3486235,"{""geodesic"":false,""type"":""Point"",""coordinates"":[114.3871114506519,30.265724142205478]}"
628,19,0,0,0,-25.99937732,1.900153424,-18.31264579,0.133384655,1.03118946,0,1,0,0,"{""geodesic"":false,""type"":""Point"",""coordinates"":[114.2871289595294,30.450597427677277]}"
629,24,0,0,0,-13.82256343,0.288152744,-7.176287587,-0.853793638,0.82152472,0,1,0,3.5162218,"{""geodesic"":false,""type"":""Point"",""coordinates"":[114.24913022301114,30.68667468434389]}"
630,22,-0.3291964,0.10212474,1,-13.10856791,2.060324835,-9.374426021,-1.040023757,0.787041484,0,2,0,1.4184421,"{""geodesic"":false,""type"":""Point"",""coordinates"":[113.76754339919466,30.2395831674376]}"
631,53,0,0,0,-17.24587152,0.77032482,-10.32118088,0.362016578,1.086930205,0,1,0,3.2341821,"{""geodesic"":false,""type"":""Point"",""coordinates"":[114.58842390582308,30.748658438948134]}"
632,44,0,0,0,-16.1495769,1.071861902,-10.61517211,0.820359635,1.207913857,0,1,0,1.424613,"{""geodesic"":false,""type"":""Point"",""coordinates"":[114.35396361666788,30.971799955523423]}"
633,40,0,0,0,-14.79679767,1.38377242,-9.000984734,1.093369826,1.286284341,0,1,0,2.1427102,"{""geodesic"":false,""type"":""Point"",""coordinates"":[114.42618816551109,30.323395983445952]}"
634,26,0,0,0,-14.75303527,1.026835895,-9.082285786,0.046391059,1.010739192,0,1,0,3.5141776,"{""geodesic"":false,""type"":""Point"",""coordinates"":[114.42187625214733,30.536027211197045]}"
635,23,0,0,0,-13.59468194,1.853343941,-9.857141029,0.102646488,1.023916753,0,1,0,0,"{""geodesic"":false,""type"":""Point"",""coordinates"":[114.54611325594105,30.5740259477153]}"
636,40,0,0,0,-16.76216007,0.208560358,-9.607456354,0.213545818,1.050399683,0,1,0,1.4243028,"{""geodesic"":false,""type"":""Point"",""coordinates"":[114.3706722809525,30.935687681101818]}"
637,25,-0.5335163,0.65413535,1,-12.96965204,1.602983577,-8.998375614,0.25976475,1.061638048,0,2,0,1.073843,"{""geodesic"":false,""type"":""Point"",""coordinates"":[114.04566181115807,30.27542594727397]}"
638,34,0,0,0,-14.85597703,0.645406808,-8.671570252,1.372525426,1.371679167,0,1,0,2.349896,"{""geodesic"":false,""type"":""Point"",""coordinates"":[114.5727932198794,30.843520532951157]}"
639,24,-0.5310188,0.63920164,1,-15.95416781,-0.469592146,-9.76757027,0.497153594,1.121283314,0,2,0,3.3536894,"{""geodesic"":false,""type"":""Point"",""coordinates"":[113.95969303846783,30.42634291500605]}"
640,75,0,0,0,-24.74931833,1.111999545,-19.47186421,0.479059388,1.116621379,0,1,0,0,"{""geodesic"":false,""type"":""Point"",""coordinates"":[114.99778618079635,30.872356453571392]}"
641,50,0,0,0,-15.1692486,-0.462482146,-9.348542747,1.044165048,1.271793218,0,1,0,3.3553462,"{""geodesic"":false,""type"":""Point"",""coordinates"":[114.4644563966146,30.478624864541807]}"
642,29,0,0,0,-14.16000588,1.986953631,-4.136738718,1.097899688,1.287626686,0,1,0,2.1443732,"{""geodesic"":false,""type"":""Point"",""coordinates"":[114.38172155894718,30.623612951398698]}"
643,32,0,0,0,-13.2269646,0.088839517,-8.318414385,0.768332024,1.193529623,0,1,0,0.92740995,"{""geodesic"":false,""type"":""Point"",""coordinates"":[114.64447877955214,30.889065117856013]}"
644,33,0,0,0,-12.53809303,1.775855613,-7.760729672,-0.809315661,0.829981541,0,1,0,1.0808916,"{""geodesic"":false,""type"":""Point"",""coordinates"":[114.17879213626458,30.909816200919177]}"
645,58,0,0,0,-14.82281853,-0.119474186,-9.038265753,1.141014021,1.300473186,0,1,0,3.858652,"{""geodesic"":false,""type"":""Point"",""coordinates"":[114.29413581874553,30.987161146881867]}"
646,25,0,0,0,-13.25392836,-0.054318595,-5.514244374,0.092352521,1.021492664,0,1,0,1.8543341,"{""geodesic"":false,""type"":""Point"",""coordinates"":[114.42349321965874,30.74057360139106]}"
647,22,-0.34304637,0.26340058,1,-18.58507278,0.973660006,-10.85620643,0.889395518,1.227268399,0,2,0,2.337325,"{""geodesic"":false,""type"":""Point"",""coordinates"":[113.76646542085372,30.2252999544201]}"
648,22,0,0,0,-7.93005701,0.050978975,-0.79231768,-1.068716331,0.781858869,0,1,0,0.92740995,"{""geodesic"":false,""type"":""Point"",""coordinates"":[114.61672083727285,30.493716561315015]}"
649,36,0,0,0,-8.17186573,1.771553953,-7.147517141,-0.335877136,0.925576429,0,1,0,2.9811075,"{""geodesic"":false,""type"":""Point"",""coordinates"":[114.29440531333076,30.59154309575563]}"
650,39,0,0,0,-16.37083704,0.83608864,-10.60913226,0.863816195,1.22006121,0,1,0,2.3512812,"{""geodesic"":false,""type"":""Point"",""coordinates"":[114.75173762447601,30.910624684674882]}"
651,58,0,0,0,-17.75846353,2.165489176,-11.77484078,0.99494437,1.257460747,0,1,0,1.425029,"{""geodesic"":false,""type"":""Point"",""coordinates"":[114.19415332762303,31.02003948628064]}"
652,37,-0.5118335,0.40499553,1,-10.75537785,1.972594909,-2.792180753,-0.986639248,0.79677569,0,2,0,2.1433268,"{""geodesic"":false,""type"":""Point"",""coordinates"":[114.04647029491377,30.435236236318833]}"
653,30,0,0,0,-13.92965027,-0.717055689,-7.809411869,1.079072721,1.282056817,0,1,0,1.0739189,"{""geodesic"":false,""type"":""Point"",""coordinates"":[114.3442618115994,30.282432806490103]}"
654,25,0,0,0,-11.68476132,1.63020651,-5.45225997,1.535104712,1.42400158,0,1,0,0.92740995,"{""geodesic"":false,""type"":""Point"",""coordinates"":[114.50892300317851,30.69422053273049]}"
655,38,0,0,0,-15.40210199,1.029732097,-8.786158807,-0.502818613,0.890672695,0,1,0,3.7047918,"{""geodesic"":false,""type"":""Point"",""coordinates"":[114.48682444718916,30.295907535751894]}"
656,28,0,0,0,-16.08105044,0.828496618,-9.312001451,-0.545240015,0.882015056,0,1,0,1.0800369,"{""geodesic"":false,""type"":""Point"",""coordinates"":[114.61294791307955,30.833818727882665]}"
657,22,-0.4137705,0.43517914,1,-13.0828911,0.132435343,-3.912254873,0.879894022,1.224586316,0,2,0,2.1441145,"{""geodesic"":false,""type"":""Point"",""coordinates"":[114.14160188350203,30.57725988273813]}"
658,21,0,0,0,-14.03860676,0.478257457,-5.61528364,1.624849835,1.453734119,0,1,0,2.3487442,"{""geodesic"":false,""type"":""Point"",""coordinates"":[114.4186423171245,30.787735153807333]}"
659,21,0,0,0,-13.87189891,1.481623228,-10.12576556,-0.77560818,0.836448452,0,1,0,2.9803302,"{""geodesic"":false,""type"":""Point"",""coordinates"":[114.55581506100954,30.39642901604487]}"
660,24,0,0,0,-11.61354445,1.848353375,-6.912510156,0.767908671,1.193413282,0,1,0,2.1545932,"{""geodesic"":false,""type"":""Point"",""coordinates"":[114.58653744372643,30.623073962228226]}"
661,40,0,0,0,-15.71430573,1.355572347,-9.588661363,-0.152149971,0.965572755,0,1,0,1.0798931,"{""geodesic"":false,""type"":""Point"",""coordinates"":[114.91612932146988,30.82115248237658]}"
662,25,-0.3730906,0.18522267,1,-16.68203128,-0.163964911,0.339915505,0.830424689,1.210716522,0,2,0,1.4214991,"{""geodesic"":false,""type"":""Point"",""coordinates"":[114.11842534917174,30.60582630877313]}"
663,38,0,0,0,-13.73216408,0.130735968,-5.015112427,-1.183509532,0.761463423,0,1,0,4.3954644,"{""geodesic"":false,""type"":""Point"",""coordinates"":[114.53533347253162,30.490482626292184]}"
664,34,0,0,0,-15.77658915,-0.579429894,-9.411559364,-0.089363614,0.979633524,0,1,0,3.5099008,"{""geodesic"":false,""type"":""Point"",""coordinates"":[114.43562047599436,30.216945622277787]}"
665,24,0,0,0,-15.81111666,1.240149955,-12.04081828,-0.829667985,0.826101102,0,1,0,2.8338907,"{""geodesic"":false,""type"":""Point"",""coordinates"":[114.30222065630261,30.163046705230617]}"
666,27,0,0,0,-14.56949956,0.193172285,-9.124255688,0.748405712,1.18806601,0,1,0,2.1441562,"{""geodesic"":false,""type"":""Point"",""coordinates"":[114.63935838243266,30.58480573112473]}"
667,15,-0.49269432,0.57664907,1,-12.50274354,-0.371527579,-10.9971735,-0.286592978,0.936139784,0,2,0,1.8543341,"{""geodesic"":false,""type"":""Point"",""coordinates"":[114.07692318304542,30.343877571923876]}"
668,25,0,0,0,-14.63269819,1.928876791,-9.025771782,0.006856061,1.001579913,0,1,0,3.3473155,"{""geodesic"":false,""type"":""Point"",""coordinates"":[114.26503040354005,30.224221976079157]}"
669,35,-0.40290847,0.2539539,1,-18.67733782,0.321384209,-7.239373962,1.429011333,1.389636246,0,2,0,0,"{""geodesic"":false,""type"":""Point"",""coordinates"":[113.95457264134835,30.563246164305866]}"
670,23,0,0,0,-18.24752536,2.012886511,-10.20725673,1.252052457,1.334151798,0,1,0,3.5168896,"{""geodesic"":false,""type"":""Point"",""coordinates"":[114.45125116193803,30.735453204271575]}"
671,33,0,0,0,-14.40124666,1.565915648,-7.568856758,-0.23365671,0.947620242,0,1,0,3.857033,"{""geodesic"":false,""type"":""Point"",""coordinates"":[114.40840152288553,30.467036597376662]}"
672,40,0,0,0,-15.67783813,2.134777343,-10.83108625,0.182426659,1.042899996,0,1,0,0,"{""geodesic"":false,""type"":""Point"",""coordinates"":[114.50838401400803,30.555969810504497]}"
673,37,0,0,0,-13.09072312,1.587055532,-7.826405443,0.677183414,1.168741166,0,1,0,0.92740995,"{""geodesic"":false,""type"":""Point"",""coordinates"":[114.73233401433903,30.822230460717524]}"
674,27,0,0,0,-16.1024631,-0.388564537,-8.461814626,0.61124932,1.151131483,0,1,0,2.7802885,"{""geodesic"":false,""type"":""Point"",""coordinates"":[114.87516614451404,30.826003384910823]}"
675,24,-0.3207547,0.5903418,1,-12.92621259,0.114658876,-6.707473508,-0.537536666,0.883580929,0,2,0,2.1431444,"{""geodesic"":false,""type"":""Point"",""coordinates"":[113.72900567350594,30.402088402334822]}"
676,28,0,0,0,-17.71311199,1.677563686,-12.16269252,0.219671364,1.051882274,0,1,0,2.145356,"{""geodesic"":false,""type"":""Point"",""coordinates"":[114.5682118119304,30.79851493721677]}"
677,23,0,0,0,-17.0200525,0.405579172,-9.800695475,0.499484753,1.121885346,0,1,0,2.7802885,"{""geodesic"":false,""type"":""Point"",""coordinates"":[114.55904899603237,30.266802120546423]}"
678,34,0,0,0,-15.07306057,1.238407069,-8.847394743,1.186266475,1.314094651,0,1,0,0.92740995,"{""geodesic"":false,""type"":""Point"",""coordinates"":[114.5765661440727,30.77749435956837]}"
679,24,0,0,0,-18.276104,0.922363887,-10.97882684,-0.254882527,0.943000119,0,1,0,2.3370974,"{""geodesic"":false,""type"":""Point"",""coordinates"":[114.28362552992132,30.213981181840193]}"
680,20,0,0,0,-17.61909935,0.473827203,-10.00218979,1.007543925,1.261114132,0,1,0,4.2591853,"{""geodesic"":false,""type"":""Point"",""coordinates"":[114.20250765976533,30.671852482155916]}"
681,18,0,0,0,-18.01594853,1.200975245,-9.816717345,-0.696601118,0.851804418,0,1,0,1.0780241,"{""geodesic"":false,""type"":""Point"",""coordinates"":[114.82099773288162,30.654065839530347]}"
682,32,0,0,0,-14.43602883,2.074690347,-10.2834893,-1.043034687,0.786496024,0,1,0,4.2775884,"{""geodesic"":false,""type"":""Point"",""coordinates"":[114.25883202807962,30.038270712266417]}"
683,68,0,0,0,-19.29138606,0.410403238,-10.16918123,0.128342083,1.029992846,0,1,0,4.751787,"{""geodesic"":false,""type"":""Point"",""coordinates"":[114.39223184777138,31.267435515527158]}"
684,43,0,0,0,-16.87219007,0.993010582,-8.787895371,0.267879536,1.063623572,0,1,0,2.1481297,"{""geodesic"":false,""type"":""Point"",""coordinates"":[114.27985260572802,30.330402842662085]}"
685,21,0,0,0,-15.42033418,1.290335491,-8.964248148,1.0216439,1.265215169,0,1,0,1.0792041,"{""geodesic"":false,""type"":""Point"",""coordinates"":[113.95053022256981,30.759707716942803]}"
686,73,0,0,0,-15.10056395,-0.188465963,-9.042064849,0.660973888,1.164387109,0,1,0,4.751618,"{""geodesic"":false,""type"":""Point"",""coordinates"":[114.32000729892818,31.20221782590008]}"
687,23,0,0,0,-12.07710621,1.25360434,-6.862586773,1.633308749,1.45656837,0,1,0,2.1438456,"{""geodesic"":false,""type"":""Point"",""coordinates"":[114.5908493570902,30.528750857395675]}"
688,69,0,0,0,-15.56003375,0.674921317,-9.733440954,-0.38275496,0.915639467,0,1,0,4.2711763,"{""geodesic"":false,""type"":""Point"",""coordinates"":[114.46041397783605,31.140773060466305]}"
689,29,0,0,0,-11.92073539,1.132152956,-7.619815595,0.503982634,1.123047857,0,1,0,1.424148,"{""geodesic"":false,""type"":""Point"",""coordinates"":[114.76763780500492,30.917631543891016]}"
690,19,0,0,0,-17.71888642,0.406005928,-10.64915545,0.185836783,1.043719214,0,1,0,2.9816601,"{""geodesic"":false,""type"":""Point"",""coordinates"":[114.6749316676838,30.72925482881115]}"
691,39,-0.5230566,0.8662299,1,-11.31144221,2.239597158,-5.653016618,1.420834567,1.387022342,0,2,0,1.0761523,"{""geodesic"":false,""type"":""Point"",""coordinates"":[114.04539231657283,30.485631723757937]}"
692,34,0,0,0,-14.73682984,2.023245801,-8.507840003,-0.938700019,0.805619553,0,1,0,1.4184927,"{""geodesic"":false,""type"":""Point"",""coordinates"":[114.3766011618277,30.24551204831279]}"
693,30,-0.5391442,0.63595253,1,-14.87560115,1.473574001,-7.115070252,-0.532510201,0.884604165,0,2,0,2.839768,"{""geodesic"":false,""type"":""Point"",""coordinates"":[114.04377534906142,30.51743208481577]}"
694,41,0,0,0,-14.99584636,1.367251296,-7.706344959,0.750993348,1.188774101,0,1,0,0.92740995,"{""geodesic"":false,""type"":""Point"",""coordinates"":[114.49059737138246,30.087857715949813]}"
695,32,0,0,0,-21.99846844,2.031145648,-13.10048563,-0.966727599,0.800437156,0,1,0,1.8543341,"{""geodesic"":false,""type"":""Point"",""coordinates"":[114.39411830986803,30.392925586436803]}"
696,27,-0.51891893,0.8823078,1,-11.46085889,1.842290103,-8.211737859,-0.552591934,0.880523207,0,2,0,1.0755849,"{""geodesic"":false,""type"":""Point"",""coordinates"":[114.00658509629886,30.434158257977888]}"
697,51,0,0,0,-18.79792085,1.151899497,-11.16945752,-0.698763618,0.851380381,0,1,0,2.1621187,"{""geodesic"":false,""type"":""Point"",""coordinates"":[114.1955008005492,30.958594720846865]}"
698,16,0,0,0,-28.88712658,-0.446887063,-19.36747154,1.110041887,1.291231727,0,1,0,0,"{""geodesic"":false,""type"":""Point"",""coordinates"":[114.48224303924016,30.179485874930005]}"
699,28,0,0,0,-12.42619926,1.432617106,-7.72141289,-0.456017897,0.900322721,0,1,0,2.350206,"{""geodesic"":false,""type"":""Point"",""coordinates"":[114.45232914027898,30.858612229724365]}"
700,36,0,0,0,-15.58084992,0.398760917,-10.1355966,0.644855981,1.160073746,0,1,0,3.3677864,"{""geodesic"":false,""type"":""Point"",""coordinates"":[114.43400350848293,30.866427572696203]}"
701,44,0,0,0,-18.78346717,0.858904314,-11.77954211,-0.428608315,0.906022887,0,1,0,2.1412694,"{""geodesic"":false,""type"":""Point"",""coordinates"":[114.53371650502021,30.059021795329578]}"
702,36,0,0,0,-16.08818482,0.727709954,-9.400015514,0.674751853,1.168086986,0,1,0,2.3491678,"{""geodesic"":false,""type"":""Point"",""coordinates"":[114.73475946560615,30.808216742285257]}"
703,35,0,0,0,-14.05576346,-0.228587116,-6.339855339,0.361994127,1.086924586,0,1,0,1.4176526,"{""geodesic"":false,""type"":""Point"",""coordinates"":[114.31407841805299,30.143643095093637]}"
704,28,0,0,0,-12.51183582,0.77503229,-6.287141731,1.30549293,1.350670122,0,1,0,0,"{""geodesic"":false,""type"":""Point"",""coordinates"":[114.27796614363137,30.49533352882643]}"
705,18,0,0,0,-20.63629781,1.470895731,-17.3759748,-0.488236873,0.893668217,0,1,0,0.92740995,"{""geodesic"":false,""type"":""Point"",""coordinates"":[114.61402589142048,30.644903023632327]}"
706,49,0,0,0,-16.76296847,0.257612271,-10.71551888,0.698933035,1.174608944,0,1,0,2.7802885,"{""geodesic"":false,""type"":""Point"",""coordinates"":[114.86249989900794,30.878015839861344]}"
707,38,0,0,0,-13.73456119,-0.332106308,-9.055122528,-1.015979043,0.791411024,0,1,0,2.3517017,"{""geodesic"":false,""type"":""Point"",""coordinates"":[114.2879374432851,30.930836778567574]}"
708,33,0,0,0,-13.87202123,-0.498308935,-11.26823592,-0.727631367,0.845739984,0,1,0,2.7802885,"{""geodesic"":false,""type"":""Point"",""coordinates"":[114.31704285849058,30.189457174583733]}"
709,70,0,0,0,-17.74444944,-0.26479268,-11.2063342,1.307692373,1.351354329,0,1,0,1.4245247,"{""geodesic"":false,""type"":""Point"",""coordinates"":[114.5690202956861,30.961289666699226]}"
710,26,-0.4005031,0.45218924,1,-11.16311377,1.571677438,-7.594548926,0.458844152,1.111435886,0,2,0,0,"{""geodesic"":false,""type"":""Point"",""coordinates"":[114.03784646818623,30.631428294370536]}"
711,36,0,0,0,-15.81036377,0.664918496,-8.135898889,0.099368847,1.02314429,0,1,0,3.5186317,"{""geodesic"":false,""type"":""Point"",""coordinates"":[114.45044267818233,30.862385153917664]}"
712,26,0,0,0,-14.03445688,-0.230804112,-8.233854953,0.575533686,1.141703595,0,1,0,2.7802885,"{""geodesic"":false,""type"":""Point"",""coordinates"":[114.65876199256964,30.807408258529552]}"
713,24,0,0,0,-12.9839115,0.445304639,-7.743797801,0.923359201,1.23690379,0,1,0,2.1547043,"{""geodesic"":false,""type"":""Point"",""coordinates"":[114.54180134257727,30.62792486476247]}"
714,20,0,0,0,-13.57871955,1.809502815,-8.133745723,-0.280687336,0.937413635,0,1,0,0.92740995,"{""geodesic"":false,""type"":""Point"",""coordinates"":[114.07773166680113,30.706078294480868]}"
715,18,0,0,0,-15.47373079,0.605491339,-8.497148057,1.243244976,1.331448883,0,1,0,1.8543341,"{""geodesic"":false,""type"":""Point"",""coordinates"":[114.50434159522949,30.762941651965633]}"
716,26,0,0,0,-14.60832065,1.683945713,-11.82079864,0.537331989,1.131704907,0,1,0,3.5132666,"{""geodesic"":false,""type"":""Point"",""coordinates"":[114.24104538545406,30.46865356488808]}"
717,20,0,0,0,-25.73620843,1.835400424,-16.89600225,-0.370941187,0.9181336,0,1,0,0,"{""geodesic"":false,""type"":""Point"",""coordinates"":[114.33941090906515,30.764019630306578]}"
718,23,-0.021199273,0.37615895,1,-17.68260674,1.557795852,-11.35563705,0.553492792,1.13592401,0,2,0,4.6757617,"{""geodesic"":false,""type"":""Point"",""coordinates"":[114.13297805677449,30.446555008898738]}"
719,44,0,0,0,-14.73610568,0.3491117,-9.536534532,-1.22969088,0.753409188,0,1,0,2.8345392,"{""geodesic"":false,""type"":""Point"",""coordinates"":[114.26503040354005,30.202392914675052]}"
720,35,0,0,0,-14.44374226,2.147457427,-7.617920452,1.002829703,1.259745949,0,1,0,1.0812589,"{""geodesic"":false,""type"":""Point"",""coordinates"":[114.90400206513426,30.94215555114748]}"
721,29,0,0,0,-17.11240266,0.047645037,-11.21240179,-0.922215725,0.808683212,0,1,0,1.4246894,"{""geodesic"":false,""type"":""Point"",""coordinates"":[114.78946686640903,30.98042378225097]}"
722,25,0,0,0,-26.14802195,0.47953118,-20.9342872,-0.205803474,0.953717282,0,1,0,0,"{""geodesic"":false,""type"":""Point"",""coordinates"":[114.38118256977671,30.978806814739556]}"
723,44,0,0,0,-14.2665947,-0.031926187,-7.960838864,0.883579598,1.225625984,0,1,0,3.5097017,"{""geodesic"":false,""type"":""Point"",""coordinates"":[114.31758184766105,30.20185392550458]}"
724,26,0,0,0,-15.28185309,1.745744206,-9.526883851,1.115082392,1.292731226,0,1,0,2.8408628,"{""geodesic"":false,""type"":""Point"",""coordinates"":[114.55770152310619,30.582649774442846]}"
725,23,0,0,0,-19.71215609,0.10341397,-9.84897607,-1.011425678,0.792241215,0,1,0,2.1452744,"{""geodesic"":false,""type"":""Point"",""coordinates"":[114.04835675701042,30.784231724199266]}"
726,56,0,0,0,-20.81473023,0.339106174,-13.31281132,-0.081889581,0.981320885,0,1,0,4.285135,"{""geodesic"":false,""type"":""Point"",""coordinates"":[114.26017950100581,30.83597468456455]}"
727,20,0,0,0,-15.16104016,1.379767813,-7.734092965,0.322858659,1.077174009,0,1,0,2.1446311,"{""geodesic"":false,""type"":""Point"",""coordinates"":[114.15238166691147,30.669696525474027]}"
728,25,0,0,0,-14.84366189,-0.143167412,-9.770827244,-0.246854922,0.944744795,0,1,0,0.92740995,"{""geodesic"":false,""type"":""Point"",""coordinates"":[113.94756578213222,30.767523059914645]}"
729,24,-0.41198808,0.36171284,1,-13.60897178,1.994030575,-8.806001243,-0.050372151,0.988468388,0,2,0,1.4193974,"{""geodesic"":false,""type"":""Point"",""coordinates"":[113.93355206369995,30.354657355333313]}"
730,24,-0.39568347,0.41117144,1,-13.61222795,2.072144466,-4.392132821,-0.576055482,0.875778848,0,2,0,2.33913,"{""geodesic"":false,""type"":""Point"",""coordinates"":[114.07153329134071,30.315311145888877]}"
731,34,0,0,0,-9.538891124,1.299461007,-3.370347564,0.90647378,1.23210403,0,1,0,3.3586373,"{""geodesic"":false,""type"":""Point"",""coordinates"":[114.44774773232996,30.581841290687137]}"
732,25,0,0,0,-14.37532713,1.794920988,-8.277353431,-0.32564147,0.927760446,0,1,0,2.8363917,"{""geodesic"":false,""type"":""Point"",""coordinates"":[114.49059737138246,30.314772156718405]}"
733,25,0,0,0,-14.56008278,0.431788852,-7.470722335,1.551975993,1.429544238,0,1,0,0.92740995,"{""geodesic"":false,""type"":""Point"",""coordinates"":[114.48143455548444,30.163046705230617]}"
734,26,0,0,0,-13.98165366,1.127795452,-10.04128597,-0.049846642,0.988588003,0,1,0,4.4076624,"{""geodesic"":false,""type"":""Point"",""coordinates"":[114.34183636033228,30.772104467863652]}"
735,41,0,0,0,-12.14729707,0.54100548,-6.04908746,0.79831661,1.201798509,0,1,0,1.4229975,"{""geodesic"":false,""type"":""Point"",""coordinates"":[114.3089580209335,30.78288425127309]}"
736,33,0,0,0,-14.52496962,-0.421066443,-8.955987004,-1.074257939,0.780861851,0,1,0,0.92740995,"{""geodesic"":false,""type"":""Point"",""coordinates"":[114.56578636066327,30.736261688027284]}"
737,30,-0.4778086,0.77623814,1,-10.84458177,1.593499509,-8.436416551,0.141572981,1.033135532,0,2,0,2.143531,"{""geodesic"":false,""type"":""Point"",""coordinates"":[113.98286957279811,30.472156994496146]}"
738,40,0,0,0,-18.77739439,0.717895002,-13.05830148,-0.026191698,0.993987288,0,1,0,2.161472,"{""geodesic"":false,""type"":""Point"",""coordinates"":[114.28227805699515,30.930028294811866]}"
739,22,0,0,0,-18.07877186,0.136563764,-10.28371935,1.231990674,1.328003034,0,1,0,1.4227566,"{""geodesic"":false,""type"":""Point"",""coordinates"":[114.62642264234134,30.754317825238086]}"
740,59,0,0,0,-15.23072269,1.115028995,-9.336719724,1.658191834,1.464937794,0,1,0,1.4247301,"{""geodesic"":false,""type"":""Point"",""coordinates"":[114.44586127023331,30.985274684785217]}"
741,65,0,0,0,-16.34270557,1.952188044,-10.60878641,0.759094653,1.190993703,0,1,0,1.4250243,"{""geodesic"":false,""type"":""Point"",""coordinates"":[114.20789755147005,31.01950049711017]}"
742,59,0,0,0,-16.77517963,-0.315560628,-10.06882869,0.934906293,1.240196865,0,1,0,2.7802885,"{""geodesic"":false,""type"":""Point"",""coordinates"":[114.32755314731477,30.97961529849526]}"
743,30,0,0,0,-13.2818331,0.336183879,-8.361496467,-0.751378641,0.841128088,0,1,0,2.1435604,"{""geodesic"":false,""type"":""Point"",""coordinates"":[114.38468599938477,30.477546886200862]}"
744,42,0,0,0,-18.29823395,1.121516086,-12.1979539,1.534767299,1.42389095,0,1,0,3.3504856,"{""geodesic"":false,""type"":""Point"",""coordinates"":[114.41055747956742,30.32501295095737]}"
745,44,0,0,0,-17.03432304,1.15581633,-11.73592805,0.973254199,1.251196209,0,1,0,2.1478965,"{""geodesic"":false,""type"":""Point"",""coordinates"":[114.39681325572039,31.24318100285593]}"
746,44,0,0,0,-15.69605723,2.096453641,-10.27824169,0.002801433,1.000645262,0,1,0,3.858352,"{""geodesic"":false,""type"":""Point"",""coordinates"":[114.47092426666025,30.892029558293608]}"
747,36,0,0,0,-16.31243105,0.06659004,-8.588460378,-1.047368267,0.785711615,0,1,0,2.3378146,"{""geodesic"":false,""type"":""Point"",""coordinates"":[114.25074719052256,30.249823961676565]}"
748,71,0,0,0,-15.96038044,1.644888075,-8.902054785,-0.740157961,0.843304085,0,1,0,2.849845,"{""geodesic"":false,""type"":""Point"",""coordinates"":[114.44074087311384,31.10978118316418]}"
749,26,-0.34457076,0.40235353,1,-17.21281028,1.747491054,-8.211332305,1.529256112,1.422085182,0,2,0,2.3460073,"{""geodesic"":false,""type"":""Point"",""coordinates"":[113.94028942833084,30.654335334115583]}"
750,38,-0.47668394,0.41167918,1,-16.92683022,1.450589832,-9.822744429,1.093236356,1.286244811,0,2,0,0,"{""geodesic"":false,""type"":""Point"",""coordinates"":[114.04808726242518,30.42310897998322]}"
751,21,0,0,0,-15.32407585,1.026640559,-11.87702884,1.549852584,1.428845457,0,1,0,0,"{""geodesic"":false,""type"":""Point"",""coordinates"":[114.5698287794418,30.421761507057038]}"
752,25,0,0,0,-14.93784171,-0.31730604,-10.43088578,-0.576729803,0.875642878,0,1,0,3.7182856,"{""geodesic"":false,""type"":""Point"",""coordinates"":[114.43023058428963,30.477277391615626]}"
753,19,0,0,0,-13.72826092,0.688125818,-5.385959226,-0.091830308,0.979077272,0,1,0,0,"{""geodesic"":false,""type"":""Point"",""coordinates"":[114.03515152233386,30.75674327650521]}"
754,23,0,0,0,-12.13180429,1.400423767,-8.019066062,0.190641448,1.044874535,0,1,0,1.0796341,"{""geodesic"":false,""type"":""Point"",""coordinates"":[114.79243130684662,30.797975948046297]}"
755,48,0,0,0,-14.94880893,1.975790415,-10.72222024,0.233076884,1.055134172,0,1,0,2.1481671,"{""geodesic"":false,""type"":""Point"",""coordinates"":[114.4148693929312,31.289803566101735]}"
756,26,-0.55155367,0.69715923,1,-14.45222611,0.572941175,-7.858945174,-0.697707925,0.851587362,0,2,0,3.2203555,"{""geodesic"":false,""type"":""Point"",""coordinates"":[113.80176921151961,30.331750315588263]}"
757,74,0,0,0,-20.15132379,-0.402278012,-12.13332755,1.452494321,1.39717058,0,1,0,2.1461349,"{""geodesic"":false,""type"":""Point"",""coordinates"":[114.56228293105521,30.93622667027229]}"
758,24,0,0,0,-16.12385893,0.212323018,-10.23862253,1.179807573,1.312141759,0,1,0,0.92740995,"{""geodesic"":false,""type"":""Point"",""coordinates"":[113.99014592659948,30.738956633879642]}"
759,26,0,0,0,-13.178059,1.353459427,-7.962614868,-0.209034554,0.953007996,0,1,0,1.4220268,"{""geodesic"":false,""type"":""Point"",""coordinates"":[113.97613220816721,30.66834905254785]}"
760,60,0,0,0,-15.69909768,1.704665497,-12.30349422,-0.468998022,0.897635868,0,1,0,4.417593,"{""geodesic"":false,""type"":""Point"",""coordinates"":[114.20358563810628,30.998479919461772]}"
761,35,0,0,0,-16.06062089,1.065707747,-9.594775747,-0.65911602,0.859188386,0,1,0,0,"{""geodesic"":false,""type"":""Point"",""coordinates"":[114.58518997080026,30.684249233076763]}"
762,22,0,0,0,-13.02845798,0.241426382,-8.41408029,-0.769937364,0.837541362,0,1,0,1.4226835,"{""geodesic"":false,""type"":""Point"",""coordinates"":[114.79404827435805,30.745963493095775]}"
763,23,0,0,0,-14.87343155,1.386084825,-7.047112352,1.633390153,1.456595672,0,1,0,2.1573195,"{""geodesic"":false,""type"":""Point"",""coordinates"":[114.72209322010006,30.745155009340067]}"
764,27,-0.39205396,0.66341317,1,-13.05433144,1.127977926,-9.565946182,0.023794932,1.005494023,0,2,0,2.3385775,"{""geodesic"":false,""type"":""Point"",""coordinates"":[114.14672228062152,30.28782269819482]}"
765,31,0,0,0,-14.02926672,-0.360134574,-5.527897358,-0.786324988,0.834386946,0,1,0,2.7802885,"{""geodesic"":false,""type"":""Point"",""coordinates"":[114.25074719052256,30.58238027985761]}"
766,40,0,0,0,-14.80337764,-0.14257915,-6.262965888,1.004242688,1.260155876,0,1,0,2.1638243,"{""geodesic"":false,""type"":""Point"",""coordinates"":[114.33051758775237,31.03378371012767]}"
767,55,0,0,0,-11.04945992,0.40028803,-5.226208941,0.174444038,1.040984837,0,1,0,2.1422007,"{""geodesic"":false,""type"":""Point"",""coordinates"":[114.32297173936577,30.230150856954346]}"
768,33,0,0,0,-14.12652023,0.305439842,-6.232660597,0.187109412,1.044025103,0,1,0,1.4207728,"{""geodesic"":false,""type"":""Point"",""coordinates"":[114.58977137874926,30.51931854691242]}"
769,36,0,0,0,-14.91475722,2.004162912,-8.376056848,0.124258825,1.029024897,0,1,0,0.92740995,"{""geodesic"":false,""type"":""Point"",""coordinates"":[114.16100549363901,30.945928475340782]}"
770,24,0,0,0,-10.69903158,-0.603311172,-2.440249327,1.226329738,1.326273139,0,1,0,1.0775168,"{""geodesic"":false,""type"":""Point"",""coordinates"":[114.49167534972341,30.60852125462549]}"
771,129,0,0,0,-12.09170642,1.123777426,-5.494698631,1.022911741,1.265584578,0,1,0,3.3674085,"{""geodesic"":false,""type"":""Point"",""coordinates"":[115.03039502560989,30.854839305531062]}"
772,20,0,0,0,-18.33868268,1.486197491,-14.72353626,-0.822994107,0.827371562,0,1,0,1.078896,"{""geodesic"":false,""type"":""Point"",""coordinates"":[114.14806975354769,30.732219269248745]}"
773,20,0,0,0,-13.83879903,2.081741541,-10.57959931,-1.120750895,0.772547,0,1,0,2.144748,"{""geodesic"":false,""type"":""Point"",""coordinates"":[114.71400838254299,30.690447608537188]}"
774,36,-0.41528383,0.1409201,1,-9.375352912,-0.600122228,-4.727131501,-0.423931085,0.906999174,0,2,0,2.1436682,"{""geodesic"":false,""type"":""Point"",""coordinates"":[114.13998491599062,30.496950496337845]}"
775,22,-0.46185765,0.7360866,1,-15.65311699,-0.33611349,-10.65288817,1.39868671,1.379966905,0,2,0,2.1472723,"{""geodesic"":false,""type"":""Point"",""coordinates"":[114.05832805666415,30.29105663321765]}"
776,19,0,0,0,-23.66923429,-0.089217414,-17.91711594,0.482376553,1.117474587,0,1,0,3.3662224,"{""geodesic"":false,""type"":""Point"",""coordinates"":[114.40004719074322,30.818188041938985]}"
777,24,-0.43942732,0.44863525,1,-15.41868875,-0.489672695,-9.523158998,-1.188393771,0.760607534,0,2,0,0,"{""geodesic"":false,""type"":""Point"",""coordinates"":[113.76646542085372,30.288092192780056]}"
778,25,-0.5155148,0.6654626,1,-13.07988384,1.635320292,-9.438952278,1.469746801,1.402731921,0,2,0,0,"{""geodesic"":false,""type"":""Point"",""coordinates"":[114.04377534906142,30.266802120546423]}"
779,34,0,0,0,-6.352858367,-0.135976274,-0.068351119,-0.158845555,0.964085263,0,1,0,1.4204679,"{""geodesic"":false,""type"":""Point"",""coordinates"":[114.41163545790836,30.48293677790558]}"
780,33,-0.61797005,0.80136836,1,-13.43488603,-0.223824497,-7.303467829,0.644646604,1.160017819,0,2,0,2.3429112,"{""geodesic"":false,""type"":""Point"",""coordinates"":[113.96157950056448,30.502609882627798]}"
781,29,0,0,0,-17.30999204,0.546551219,-10.11024208,-0.82925659,0.82617936,0,1,0,2.347191,"{""geodesic"":false,""type"":""Point"",""coordinates"":[114.21975531322043,30.712276669941293]}"
782,27,0,0,0,-15.85118,0.908224552,-9.791235235,-1.093511447,0.777407731,0,1,0,2.3509934,"{""geodesic"":false,""type"":""Point"",""coordinates"":[114.3766011618277,30.89661096624262]}"
783,33,0,0,0,-14.27916335,2.026709032,-10.84466982,-1.011552879,0.792218011,0,1,0,0.92740995,"{""geodesic"":false,""type"":""Point"",""coordinates"":[114.4240322088292,30.90388732004399]}"
784,47,0,0,0,-19.02044993,0.527342963,-8.303001317,1.745871547,1.494813993,0,1,0,3.5100815,"{""geodesic"":false,""type"":""Point"",""coordinates"":[114.31623437473486,30.230689846124818]}"
785,17,0,0,0,-27.48189752,-0.518243519,-23.99366207,-0.396008882,0.912849352,0,1,0,0,"{""geodesic"":false,""type"":""Point"",""coordinates"":[114.23403852623792,29.999463491992454]}"
786,76,0,0,0,-15.32565107,0.505561078,-10.73395983,0.522924856,1.127956849,0,1,0,2.8521879,"{""geodesic"":false,""type"":""Point"",""coordinates"":[114.36662986217397,31.244797970367344]}"
787,23,0,0,0,-8.304817811,1.897798196,1.599367553,0.753533921,1.189469724,0,1,0,1.077987,"{""geodesic"":false,""type"":""Point"",""coordinates"":[114.31812083683151,30.650831904507516]}"
788,34,-0.5661346,0.6495403,1,-18.78980282,1.492215498,-11.65403087,-0.259718956,0.941950551,0,2,0,1.076097,"{""geodesic"":false,""type"":""Point"",""coordinates"":[114.03272607106675,30.480511326638457]}"
789,32,0,0,0,-16.06773713,2.127408193,-9.739000937,-0.404026422,0.91116569,0,1,0,2.8392475,"{""geodesic"":false,""type"":""Point"",""coordinates"":[114.59731722713586,30.486440207513645]}"
790,34,0,0,0,-13.99184529,-0.632900476,-6.313411635,-0.131036803,0.970278302,0,1,0,4.694715,"{""geodesic"":false,""type"":""Point"",""coordinates"":[114.43939340018765,30.911702663015827]}"
791,25,-0.46626586,0.6354781,1,-13.00852189,1.823878019,-7.297682612,1.287104654,1.344963398,0,2,0,1.0751046,"{""geodesic"":false,""type"":""Point"",""coordinates"":[113.70636812834613,30.39050013516968]}"
792,24,-0.4711715,0.64806867,1,-15.10878258,-0.587542133,-9.339597839,1.141758106,1.300696018,0,2,0,2.1431828,"{""geodesic"":false,""type"":""Point"",""coordinates"":[113.75945856163759,30.409095261550956]}"
793,19,0,0,0,-18.661105,0.852760449,-10.51219533,1.36898902,1.37056268,0,1,0,2.7802885,"{""geodesic"":false,""type"":""Point"",""coordinates"":[114.60297661342582,30.82303894447323]}"
794,28,0,0,0,-12.96372284,0.764921754,-6.984530716,1.37466499,1.372355095,0,1,0,3.2231965,"{""geodesic"":false,""type"":""Point"",""coordinates"":[114.266108381881,30.41798858286374]}"
795,29,0,0,0,-15.41809075,1.301809855,-10.93864764,0.278317468,1.066182983,0,1,0,2.1576865,"{""geodesic"":false,""type"":""Point"",""coordinates"":[114.23619448291981,30.761594179039456]}"
796,23,0,0,0,-4.165139887,0.353342713,-6.778115674,0.145627098,1.034100409,0,1,0,1.4222053,"{""geodesic"":false,""type"":""Point"",""coordinates"":[113.97936614319005,30.689369630196246]}"
797,24,0,0,0,-14.88500285,-0.042315104,-8.789902976,0.108413947,1.025277424,0,1,0,3.5186622,"{""geodesic"":false,""type"":""Point"",""coordinates"":[114.3652823892478,30.86481060518479]}"
798,39,0,0,0,-10.652872,-0.294991463,2.763959168,-0.44051939,0.903541409,0,1,0,0,"{""geodesic"":false,""type"":""Point"",""coordinates"":[114.45448509696087,30.619840027205395]}"
799,38,0,0,0,-15.09041455,1.477719466,-9.60756041,1.099149156,1.28799719,0,1,0,2.8330708,"{""geodesic"":false,""type"":""Point"",""coordinates"":[114.3442618115994,30.11292071237675]}"
800,20,0,0,0,-18.02954681,0.749733995,-9.769778241,1.130374034,1.297290995,0,1,0,1.4187638,"{""geodesic"":false,""type"":""Point"",""coordinates"":[114.40193365283987,30.278390387711564]}"
801,38,0,0,0,-14.73282629,0.136664343,-7.207149775,1.004507716,1.260232779,0,1,0,4.2451577,"{""geodesic"":false,""type"":""Point"",""coordinates"":[114.5021856385476,30.10780031525727]}"
802,52,0,0,0,-13.99956518,-0.10706374,-8.094728617,-0.080679796,0.981594283,0,1,0,4.2812963,"{""geodesic"":false,""type"":""Point"",""coordinates"":[114.44074087311384,30.49183009921836]}"
803,21,0,0,0,-16.73338181,0.97005154,-10.37111937,-0.764030673,0.838681248,0,1,0,2.8427448,"{""geodesic"":false,""type"":""Point"",""coordinates"":[114.67897408646233,30.694490027315727]}"
804,24,0,0,0,-15.44582393,-0.72615813,-2.02367832,1.225099294,1.325897432,0,1,0,1.4220619,"{""geodesic"":false,""type"":""Point"",""coordinates"":[114.29036289455223,30.672391471326385]}"
805,33,0,0,0,-13.36459611,1.702934964,-6.847497075,0.045683251,1.010574476,0,1,0,0,"{""geodesic"":false,""type"":""Point"",""coordinates"":[114.38980639650426,30.946736959096487]}"
806,18,0,0,0,-20.92605206,0.629095226,-16.34443789,-0.531183476,0.884874444,0,1,0,0,"{""geodesic"":false,""type"":""Point"",""coordinates"":[114.36555188383304,30.76455861947705]}"
807,58,0,0,0,-18.64215057,-0.134579596,-8.895571249,-0.750058096,0.841383886,0,1,0,4.2866707,"{""geodesic"":false,""type"":""Point"",""coordinates"":[114.50757553025232,30.97206945010866]}"
808,24,0,0,0,-16.76776058,-0.360024721,-11.25589937,-0.041658197,0.990453704,0,1,0,3.5093887,"{""geodesic"":false,""type"":""Point"",""coordinates"":[114.3706722809525,30.17840789658906]}"
809,65,0,0,0,-16.45410997,-0.383952059,-10.72338471,0.357870698,1.085893091,0,1,0,4.2900133,"{""geodesic"":false,""type"":""Point"",""coordinates"":[114.38738094523714,31.26393208591909]}"
810,21,0,0,0,-12.49301588,1.080399941,-8.935903298,0.547579334,1.134378361,0,1,0,1.4223607,"{""geodesic"":false,""type"":""Point"",""coordinates"":[113.99472733454849,30.707695261992285]}"
811,20,0,0,0,-15.36288004,1.96775398,-9.340819232,1.59113258,1.442491484,0,1,0,2.1448133,"{""geodesic"":false,""type"":""Point"",""coordinates"":[114.08824195562534,30.702305370287565]}"
812,38,0,0,0,-13.56597336,2.231549549,-8.167932106,0.320109614,1.076492383,0,1,0,2.3388677,"{""geodesic"":false,""type"":""Point"",""coordinates"":[114.48412950133681,30.30210591121232]}"
813,20,-0.2521455,0.5847763,1,-17.325042,1.369611806,-13.30112243,-1.20328711,0.758003636,0,2,0,3.2199,"{""geodesic"":false,""type"":""Point"",""coordinates"":[114.14456632393963,30.317736597156]}"
814,73,0,0,0,-17.89799318,-0.607241265,-9.157725757,-1.00942794,0.792605727,0,1,0,1.8543341,"{""geodesic"":false,""type"":""Point"",""coordinates"":[114.20762805688481,31.073938403327812]}"
815,19,0,0,0,-24.64223994,0.153580152,-18.59174703,0.508592459,1.12424055,0,1,0,1.8543341,"{""geodesic"":false,""type"":""Point"",""coordinates"":[114.68867589153082,30.70014941360568]}"
816,25,0,0,0,-14.62061585,1.917977176,-8.819041591,0.966707405,1.249311508,0,1,0,4.411633,"{""geodesic"":false,""type"":""Point"",""coordinates"":[114.67789610812139,30.862924143088136]}"
817,25,-0.4029563,0.53061223,1,-18.19203429,0.605643069,-12.76939514,1.299690561,1.348866771,0,2,0,1.4186258,"{""geodesic"":false,""type"":""Point"",""coordinates"":[114.16909033119609,30.261681723426943]}"
818,39,0,0,0,-17.00746183,1.496814037,-7.667971063,0.670851007,1.167038278,0,1,0,0.92740995,"{""geodesic"":false,""type"":""Point"",""coordinates"":[114.28120007865421,30.933262229834696]}"
819,34,0,0,0,-14.26467306,-0.422181399,-7.615756653,0.925877045,1.237621099,0,1,0,2.9795856,"{""geodesic"":false,""type"":""Point"",""coordinates"":[114.3871114506519,30.2072438172093]}"
820,24,-0.34706983,0.34783736,1,-15.21050583,-0.317421368,-8.826928006,0.917705332,1.235294572,0,2,0,3.3589566,"{""geodesic"":false,""type"":""Point"",""coordinates"":[114.0144004392707,30.591812590340865]}"
821,17,0,0,0,-18.67816114,2.039114457,-11.3361714,0.52549338,1.128624147,0,1,0,1.8543341,"{""geodesic"":false,""type"":""Point"",""coordinates"":[114.74850368945319,30.65271836660417]}"
822,25,0,0,0,-13.50886343,2.022690432,-8.630046641,-0.379860244,0.916249975,0,1,0,2.3390014,"{""geodesic"":false,""type"":""Point"",""coordinates"":[114.4412798622843,30.308843275843216]}"
823,33,0,0,0,-20.6006341,1.556487227,-13.40448535,1.347589152,1.363825842,0,1,0,0.92740995,"{""geodesic"":false,""type"":""Point"",""coordinates"":[114.24427932047689,30.879902301957998]}"
824,40,0,0,0,-14.19727201,1.246723966,-8.267065845,0.557474491,1.136965925,0,1,0,1.0815009,"{""geodesic"":false,""type"":""Point"",""coordinates"":[114.27068978983,30.96371511796635]}"
825,24,0,0,0,-14.07911607,0.65354844,-9.902642114,-0.854859996,0.82132303,0,1,0,1.0789707,"{""geodesic"":false,""type"":""Point"",""coordinates"":[114.61402589142048,30.738956633879642]}"
826,35,0,0,0,-13.93583653,2.077200133,-7.985614998,-0.401552881,0.911684795,0,1,0,1.8543341,"{""geodesic"":false,""type"":""Point"",""coordinates"":[114.34776524120747,30.93892161612465]}"
827,40,0,0,0,-14.54546908,-0.717013543,-10.5234727,0.226682828,1.053581856,0,1,0,3.3500566,"{""geodesic"":false,""type"":""Point"",""coordinates"":[114.38684195606666,30.31126872711034]}"
828,27,-0.49400797,0.731105,1,-15.1828788,0.968931976,-6.209274625,-0.429843512,0.905765237,0,2,0,4.3003583,"{""geodesic"":false,""type"":""Point"",""coordinates"":[114.08069610723872,30.56082071303874]}"
829,24,-0.6660118,0.9044269,1,-10.83889434,1.719714049,-7.222870742,0.907497437,1.232394478,0,2,0,1.0738096,"{""geodesic"":false,""type"":""Point"",""coordinates"":[113.8279101862875,30.272461506836375]}"
830,49,0,0,0,-16.42817931,0.996149408,-10.20312187,-0.230027333,0.948412494,0,1,0,2.3517652,"{""geodesic"":false,""type"":""Point"",""coordinates"":[114.51000098151945,30.93380121900517]}"
831,29,0,0,0,-16.58279715,0.931870585,-11.77279571,0.099009008,1.02305952,0,1,0,0,"{""geodesic"":false,""type"":""Point"",""coordinates"":[114.5156603678094,30.532523781588978]}"
832,23,-0.38390452,0.61577755,1,-12.91236563,-0.070709079,-8.317404355,0.450950733,1.109417656,0,2,0,3.2289436,"{""geodesic"":false,""type"":""Point"",""coordinates"":[113.95376415759264,30.59154309575563]}"
833,43,0,0,0,-17.63652886,0.142746475,-9.693818897,-0.643248843,0.862333218,0,1,0,4.2523904,"{""geodesic"":false,""type"":""Point"",""coordinates"":[114.27661867070519,30.40074092940864]}"
834,34,0,0,0,-17.31577267,-0.022231589,-9.06573938,1.183055203,1.313123339,0,1,0,2.1450906,"{""geodesic"":false,""type"":""Point"",""coordinates"":[114.25910152266486,30.191074142095147]}"
835,40,0,0,0,-13.4694569,1.297245225,-9.888332407,0.067482545,1.015659779,0,1,0,3.858035,"{""geodesic"":false,""type"":""Point"",""coordinates"":[114.34776524120747,30.790699594244927]}"
836,27,0,0,0,-15.8178742,0.864522452,-11.1764978,-0.528064667,0.885510129,0,1,0,4.2560887,"{""geodesic"":false,""type"":""Point"",""coordinates"":[114.59192733543115,30.548962951288363]}"
837,22,-0.16760829,0.09388159,1,-15.11106385,0.358799551,-6.895373077,0.723140103,1.181174358,0,2,0,4.2816525,"{""geodesic"":false,""type"":""Point"",""coordinates"":[114.21948581863519,30.524169449446667]}"
838,25,-0.5586261,0.9008662,1,-16.16473208,1.262800508,-10.12483802,-0.428752404,0.905992828,0,2,0,2.1510859,"{""geodesic"":false,""type"":""Point"",""coordinates"":[114.15696307486047,30.46461114610954]}"
839,20,0,0,0,-28.42972013,0.343576763,-19.6610042,1.184111057,1.313442623,0,1,0,0,"{""geodesic"":false,""type"":""Point"",""coordinates"":[114.32566668521812,30.474851940348504]}"
840,25,0,0,0,-15.41257543,1.033952007,-7.907065894,0.466266395,1.113336993,0,1,0,2.1448572,"{""geodesic"":false,""type"":""Point"",""coordinates"":[113.94325386876844,30.710120713259407]}"
841,30,0,0,0,-14.51171912,1.555268677,-5.273645563,-0.432633502,0.905183544,0,1,0,3.2274768,"{""geodesic"":false,""type"":""Point"",""coordinates"":[114.34749574662223,30.547615478362186]}"
842,22,0,0,0,-15.28617648,0.352468686,-7.095840195,0.438645488,1.106278695,0,1,0,0.92740995,"{""geodesic"":false,""type"":""Point"",""coordinates"":[114.57494917656129,30.546268005436005]}"
843,54,0,0,0,-12.72656807,0.84827911,-7.181207348,1.010612703,1.262005566,0,1,0,3.85858,"{""geodesic"":false,""type"":""Point"",""coordinates"":[114.96221289554522,30.964523601722053]}"
844,22,-0.5758742,0.66587615,1,-16.23817348,1.062449618,-9.673721467,0.134592236,1.031476228,0,2,0,3.2178988,"{""geodesic"":false,""type"":""Point"",""coordinates"":[113.8068896086391,30.25656132630746]}"
845,50,0,0,0,-12.94945537,-0.026679275,6.356957376,0.731449101,1.183436364,0,1,0,2.7802885,"{""geodesic"":false,""type"":""Point"",""coordinates"":[114.58518997080026,30.70661728365134]}"
846,31,-0.37458512,0.17991632,1,-13.40877152,0.784757966,-7.383429102,-0.73647469,0.844019598,0,2,0,1.4197742,"{""geodesic"":false,""type"":""Point"",""coordinates"":[114.06910784007358,30.399932445652937]}"
847,39,0,0,0,-15.71505392,1.351989554,-8.297714248,0.60687689,1.14997312,0,1,0,3.2383559,"{""geodesic"":false,""type"":""Point"",""coordinates"":[114.40947950122647,30.872895442741864]}"
848,36,0,0,0,-11.08376652,1.907597061,2.844353758,-0.52413705,0.886311318,0,1,0,2.8402474,"{""geodesic"":false,""type"":""Point"",""coordinates"":[114.32216325561005,30.54599851085077]}"
849,40,0,0,0,-14.13340928,1.368145261,-6.493049143,-0.101397315,0.976922852,0,1,0,4.381686,"{""geodesic"":false,""type"":""Point"",""coordinates"":[114.31812083683151,30.167628113179628]}"
850,22,-0.46094015,0.63047093,1,-17.85628846,1.702112203,-9.110052852,1.34131297,1.36185634,0,2,0,1.4198344,"{""geodesic"":false,""type"":""Point"",""coordinates"":[113.75541614285905,30.407208799454303]}"
851,24,0,0,0,-14.75039368,0.82193669,-9.588028885,-0.00290304,0.999331774,0,1,0,0,"{""geodesic"":false,""type"":""Point"",""coordinates"":[114.68786740777512,30.83866963041691]}"
852,43,0,0,0,-17.60762877,1.11019304,-11.57204506,0.709898723,1.177578512,0,1,0,2.1608765,"{""geodesic"":false,""type"":""Point"",""coordinates"":[114.25263365261921,30.903617825458753]}"
853,23,0,0,0,-13.9107966,1.903447309,-8.783880987,0.894743763,1.228780685,0,1,0,2.1490254,"{""geodesic"":false,""type"":""Point"",""coordinates"":[114.547191234282,30.371096525032698]}"
854,50,0,0,0,-17.79088939,-0.270068149,-11.09653217,1.026038705,1.26649614,0,1,0,2.1458762,"{""geodesic"":false,""type"":""Point"",""coordinates"":[114.32108527726912,30.89068208536743]}"
855,26,0,0,0,-16.37426839,-0.426423448,-8.506138459,-0.602184904,0.870525525,0,1,0,2.1617794,"{""geodesic"":false,""type"":""Point"",""coordinates"":[114.35611957334977,30.943503024073657]}"
856,26,0,0,0,-15.46964535,-0.09044855,-10.1005702,0.613312238,1.151678406,0,1,0,2.156587,"{""geodesic"":false,""type"":""Point"",""coordinates"":[114.27661867070519,30.71254616452653]}"
857,33,0,0,0,-12.42963194,-0.208132826,-6.052816679,1.360721115,1.367955946,0,1,0,2.981849,"{""geodesic"":false,""type"":""Point"",""coordinates"":[114.57629664948747,30.775877392056955]}"
858,48,0,0,0,-15.53404791,1.906597027,-10.36196556,-0.648389595,0.861313076,0,1,0,1.4204237,"{""geodesic"":false,""type"":""Point"",""coordinates"":[114.45529358071657,30.4778163807861]}"
859,21,0,0,0,-14.66954362,0.408085674,-9.456755579,-0.662926746,0.85843482,0,1,0,4.7497463,"{""geodesic"":false,""type"":""Point"",""coordinates"":[114.53371650502021,30.464072156939068]}"
860,33,0,0,0,-15.52876856,-0.131431269,-9.528140209,-1.086118655,0.778732203,0,1,0,2.3503494,"{""geodesic"":false,""type"":""Point"",""coordinates"":[114.93149051282833,30.865619088940495]}"
861,54,0,0,0,-18.03566588,1.436673652,-11.45526345,0.423197316,1.102350572,0,1,0,1.0814884,"{""geodesic"":false,""type"":""Point"",""coordinates"":[114.56389989856662,30.962637139625404]}"
862,24,0,0,0,-16.93451431,0.87202863,-9.448331516,0.918246765,1.235448585,0,1,0,2.3393867,"{""geodesic"":false,""type"":""Point"",""coordinates"":[114.49329231723482,30.327977391394963]}"
863,32,0,0,0,-14.01512496,0.014006759,-6.435546429,0.04621905,1.010699161,0,1,0,1.0818188,"{""geodesic"":false,""type"":""Point"",""coordinates"":[114.75254610823171,30.991742554830875]}"
864,54,0,0,0,-13.8589197,0.549886813,-5.386212423,1.170351326,1.309287835,0,1,0,3.8586907,"{""geodesic"":false,""type"":""Point"",""coordinates"":[114.31111397761539,30.999557897802717]}"
865,31,0,0,0,-14.66161011,0.089858947,-8.71565598,0.949547348,1.244384906,0,1,0,0.92740995,"{""geodesic"":false,""type"":""Point"",""coordinates"":[114.48574646884822,30.212094719743543]}"
866,51,0,0,0,-15.45727136,1.133108987,-2.740643271,0.900322445,1.230360116,0,1,0,2.1470604,"{""geodesic"":false,""type"":""Point"",""coordinates"":[114.46715134246695,31.09819291599904]}"
867,21,-0.39486396,0.52724916,1,-10.87307941,0.594338319,-8.686444899,-1.217292521,0.755563114,0,2,0,2.1435542,"{""geodesic"":false,""type"":""Point"",""coordinates"":[114.21328744317476,30.476468907859918]}"
868,24,0,0,0,-17.93178731,-0.149438153,-10.25508819,-0.456777905,0.90016518,0,1,0,1.0806094,"{""geodesic"":false,""type"":""Point"",""coordinates"":[114.78219051260767,30.88475320449224]}"
869,45,0,0,0,-16.48400002,0.002627572,-10.48659328,0.674604137,1.168047257,0,1,0,4.6273675,"{""geodesic"":false,""type"":""Point"",""coordinates"":[114.47119376124549,30.41071222906237]}"
870,65,0,0,0,-14.83697432,0.310225434,-8.049480597,1.414896445,1.385127158,0,1,0,2.1461334,"{""geodesic"":false,""type"":""Point"",""coordinates"":[114.53183004292356,30.935957175687054]}"
871,25,-0.32440114,0.7205021,1,-12.98799052,1.423783148,-13.11205287,-1.15001235,0.767359307,0,2,0,2.3408253,"{""geodesic"":false,""type"":""Point"",""coordinates"":[113.93301307452948,30.399393456482464]}"
872,27,-0.4557904,0.64734185,1,-15.31123739,0.758678492,-6.497789529,-0.777957577,0.835996082,0,2,0,2.7802885,"{""geodesic"":false,""type"":""Point"",""coordinates"":[114.04647029491377,30.500723420531145]}"
873,45,0,0,0,-15.27338865,0.73592039,-9.419251304,0.560628134,1.137791836,0,1,0,2.7802885,"{""geodesic"":false,""type"":""Point"",""coordinates"":[114.49814321976908,30.396968005215342]}"
874,25,-0.17997353,0.054210413,1,-3.060157455,0.615718978,-1.598184789,1.583152198,1.439843267,0,2,0,1.4212419,"{""geodesic"":false,""type"":""Point"",""coordinates"":[114.02518022268015,30.57537342064148]}"
875,22,0,0,0,-15.23002189,0.857367189,-7.801790692,-0.702156457,0.850715517,0,1,0,4.91423,"{""geodesic"":false,""type"":""Point"",""coordinates"":[114.38306903187336,30.851874865093468]}"
876,18,0,0,0,-15.98760281,-0.626220579,-10.24595561,0.857859423,1.218388924,0,1,0,2.1489584,"{""geodesic"":false,""type"":""Point"",""coordinates"":[114.56578636066327,30.368132084595103]}"
877,33,0,0,0,-15.45750755,-0.038742933,-9.553524122,-1.246498431,0.750499067,0,1,0,1.0750496,"{""geodesic"":false,""type"":""Point"",""coordinates"":[114.50811451942279,30.385649232635433]}"
878,22,-0.24870466,0.09265614,1,-3.615407932,1.681675241,-0.267058758,0.594861158,1.146795858,0,2,0,2.1437852,"{""geodesic"":false,""type"":""Point"",""coordinates"":[114.20762805688481,30.517971073986242]}"
879,58,0,0,0,-13.06443535,0.546056762,-5.695666166,0.793366831,1.200429565,0,1,0,2.147606,"{""geodesic"":false,""type"":""Point"",""coordinates"":[114.34291433867321,31.192785515416826]}"
880,44,0,0,0,-15.09142234,2.114079629,-9.849804316,1.009497202,1.261681457,0,1,0,4.4184513,"{""geodesic"":false,""type"":""Point"",""coordinates"":[114.43265603555676,31.01815302418399]}"
881,23,0,0,0,-13.99515892,0.953007422,-6.555191533,0.836761415,1.21248435,0,1,0,2.143548,"{""geodesic"":false,""type"":""Point"",""coordinates"":[114.31839033141675,30.475390929518976]}"
882,43,0,0,0,-15.16485693,0.740217952,-6.783641303,1.640100222,1.458847926,0,1,0,2.1604006,"{""geodesic"":false,""type"":""Point"",""coordinates"":[114.45987498866558,30.882597247810356]}"
883,33,0,0,0,-15.63333021,2.154585802,-10.41484299,0.187758913,1.044181252,0,1,0,1.4229573,"{""geodesic"":false,""type"":""Point"",""coordinates"":[114.30464610756972,30.77803334873884]}"
884,58,0,0,0,-16.80986348,1.057416413,-10.42728901,-0.325778315,0.927731213,0,1,0,2.3520188,"{""geodesic"":false,""type"":""Point"",""coordinates"":[114.84821668599045,30.94619796992602]}"
885,24,0,0,0,-17.53493435,0.112212707,-10.77126188,1.188755138,1.31484789,0,1,0,4.2811246,"{""geodesic"":false,""type"":""Point"",""coordinates"":[114.58276451953313,30.476468907859918]}"
886,46,0,0,0,-13.1673326,-0.55939424,-8.036090524,-0.713396685,0.848516577,0,1,0,0.92740995,"{""geodesic"":false,""type"":""Point"",""coordinates"":[114.97218419519895,30.894185514975497]}"
887,28,0,0,0,-11.79689382,0.551242612,-5.315651155,-1.172294591,0.763432318,0,1,0,3.7105153,"{""geodesic"":false,""type"":""Point"",""coordinates"":[114.51700784073559,30.20400988218647]}"
888,28,0,0,0,-10.02499766,1.382841974,-6.109579398,0.592333687,1.14612865,0,1,0,1.4226551,"{""geodesic"":false,""type"":""Point"",""coordinates"":[114.4156778766869,30.74246006348771]}"
889,16,0,0,0,-26.13905789,1.957547173,-20.99563456,-1.101925302,0.775903069,0,1,0,2.1454358,"{""geodesic"":false,""type"":""Point"",""coordinates"":[114.55500657725383,30.81279815023427]}"
890,31,-0.28993776,0.22254565,1,-15.49904322,-0.622322796,-8.553753004,-1.103222567,0.775671337,0,2,0,2.9808068,"{""geodesic"":false,""type"":""Point"",""coordinates"":[114.09956072820523,30.516354106474825]}"
891,28,0,0,0,-13.77813416,1.671626022,-10.28514271,1.476597279,1.40494631,0,1,0,1.0787189,"{""geodesic"":false,""type"":""Point"",""coordinates"":[113.93355206369995,30.716319088719832]}"
892,19,0,0,0,-14.44914514,2.245340806,-8.116939159,0.871346751,1.2221786,0,1,0,2.1578732,"{""geodesic"":false,""type"":""Point"",""coordinates"":[114.44990368901185,30.769948511181767]}"
893,51,0,0,0,-19.87684412,0.00783555,-12.35371238,0.655293521,1.162865141,0,1,0,2.8395495,"{""geodesic"":false,""type"":""Point"",""coordinates"":[114.53748942921351,30.504496344724448]}"
894,22,0,0,0,-18.68668869,0.504373392,-11.23102159,0.846127948,1.215102165,0,1,0,4.68517,"{""geodesic"":false,""type"":""Point"",""coordinates"":[114.15292065608193,30.678859341372046]}"
895,27,-0.29765484,0.12929529,1,-16.85031149,-0.213826963,-9.551765405,-0.623255529,0.866312233,0,2,0,1.0742749,"{""geodesic"":false,""type"":""Point"",""coordinates"":[113.99445783996326,30.31504165130364]}"
896,18,0,0,0,-16.20272532,0.8959486,-7.962792184,-0.351978459,0.922151239,0,1,0,3.724718,"{""geodesic"":false,""type"":""Point"",""coordinates"":[114.53479448336115,30.70068840277615]}"
897,16,0,0,0,-24.60281927,1.705910785,-19.56579349,-0.744796784,0.842403809,0,1,0,0,"{""geodesic"":false,""type"":""Point"",""coordinates"":[114.4434358189662,30.357891290356143]}"
898,31,0,0,0,-14.55189061,0.668934564,-8.588574935,1.303888442,1.350171213,0,1,0,1.417865,"{""geodesic"":false,""type"":""Point"",""coordinates"":[114.48790242553011,30.169514575276278]}"
899,42,0,0,0,-13.26856137,0.413643075,-6.819239,0.746312849,1.18749362,0,1,0,2.7802885,"{""geodesic"":false,""type"":""Point"",""coordinates"":[114.23565549374935,30.35277089323666]}"
900,25,0,0,0,-15.77341939,-0.300886193,-12.50101917,0.291693803,1.069471905,0,1,0,0.92740995,"{""geodesic"":false,""type"":""Point"",""coordinates"":[114.81156542239837,30.937035154028]}"
901,25,-0.45773038,0.59883934,1,-16.52137169,-0.228350204,-10.21422356,-0.85271307,0.821729149,0,2,0,0,"{""geodesic"":false,""type"":""Point"",""coordinates"":[114.13648148638255,30.385110243464965]}"
902,58,0,0,0,-13.88242562,0.370140966,-10.8372182,0.261980465,1.062179821,0,1,0,2.3542864,"{""geodesic"":false,""type"":""Point"",""coordinates"":[114.22164177531708,31.0550737823613]}"
903,27,-0.41095892,0.37012658,1,-13.74953707,1.004961012,-8.325449371,-0.316740016,0.929663967,0,2,0,0.92740995,"{""geodesic"":false,""type"":""Point"",""coordinates"":[113.87938365206755,30.27461746351826]}"
904,24,-0.34551254,0.26409495,1,-13.59796409,1.849699627,-6.776057156,-0.082699936,0.981137796,0,2,0,3.8575084,"{""geodesic"":false,""type"":""Point"",""coordinates"":[114.03515152233386,30.62145699471681]}"
905,23,-0.47582698,0.7912261,1,-12.7630317,0.557190186,-12.20070023,-0.318595552,0.92926685,0,2,0,0.92740995,"{""geodesic"":false,""type"":""Point"",""coordinates"":[114.13971542140538,30.2681495934726]}"
906,20,0,0,0,-18.72330594,0.01247985,-11.803344,-0.663232926,0.858374302,0,1,0,1.4221301,"{""geodesic"":false,""type"":""Point"",""coordinates"":[114.06344845378364,30.680476308883463]}"
907,29,-0.5246409,0.67166346,1,-16.73707692,-0.442478952,-10.35070015,0.855368784,1.217690389,0,2,0,1.8543341,"{""geodesic"":false,""type"":""Point"",""coordinates"":[114.17987011460552,30.298332987019016]}"
908,50,0,0,0,-14.70579725,-0.713410214,-9.13442166,-0.618175526,0.867326163,0,1,0,2.9834802,"{""geodesic"":false,""type"":""Point"",""coordinates"":[114.3668993567592,31.17419038903555]}"
909,35,0,0,0,-16.30321026,1.496454964,-10.35848654,0.154468795,1.036207853,0,1,0,1.0809135,"{""geodesic"":false,""type"":""Point"",""coordinates"":[114.62884809360845,30.911702663015827]}"
910,26,-0.26046902,0.27505937,1,-21.24523071,0.062689586,-15.29901934,0.534082135,1.130858361,0,2,0,3.2176356,"{""geodesic"":false,""type"":""Point"",""coordinates"":[113.78425206347929,30.248476488750384]}"
911,17,0,0,0,-27.29254345,-0.61917994,-18.72538946,0.969847546,1.250215142,0,1,0,1.4222288,"{""geodesic"":false,""type"":""Point"",""coordinates"":[114.19738726264586,30.69233407063384]}"
912,54,0,0,0,-16.20839688,1.979843521,-10.97464539,-1.112898901,0.77394502,0,1,0,4.705768,"{""geodesic"":false,""type"":""Point"",""coordinates"":[114.40570657703317,31.17769381864362]}"
913,34,0,0,0,-15.68285737,0.655979645,-11.2032212,0.283461042,1.067446467,0,1,0,1.4168422,"{""geodesic"":false,""type"":""Point"",""coordinates"":[114.40193365283987,30.04473858231208]}"
914,20,0,0,0,-14.26584245,2.098210151,-8.119329943,0.960040217,1.247395065,0,1,0,3.364134,"{""geodesic"":false,""type"":""Point"",""coordinates"":[114.39196235318614,30.753239846897145]}"
915,38,-0.60670066,0.8329533,1,-15.07381298,-0.191000373,-7.614960641,0.321832548,1.076919534,0,2,0,1.8543341,"{""geodesic"":false,""type"":""Point"",""coordinates"":[114.10063870654618,30.379450857175012]}"
916,29,0,0,0,-13.54316247,-0.10182019,-6.739338633,1.25289999,1.334412185,0,1,0,4.284872,"{""geodesic"":false,""type"":""Point"",""coordinates"":[114.62453618024469,30.81279815023427]}"
917,23,0,0,0,-13.14941461,1.537525739,-9.284726959,-0.775798414,0.836411814,0,1,0,1.4229195,"{""geodesic"":false,""type"":""Point"",""coordinates"":[114.74850368945319,30.77372143537507]}"
918,22,0,0,0,-13.87226628,1.466072309,-8.097189043,-0.256129419,0.942729415,0,1,0,1.8543341,"{""geodesic"":false,""type"":""Point"",""coordinates"":[114.46391740744411,30.264646163864537]}"
919,29,-0.5035461,0.28620416,1,-13.00612617,1.886957792,-7.94932785,0.282813268,1.067287264,0,2,0,2.1432517,"{""geodesic"":false,""type"":""Point"",""coordinates"":[113.93409105287043,30.421761507057038]}"
920,21,-0.09042553,0.50146246,1,-14.90746201,-0.660276597,-8.525114307,1.062584102,1.277198531,0,2,0,2.1497397,"{""geodesic"":false,""type"":""Point"",""coordinates"":[113.89043293006222,30.403705369846236]}"
921,39,0,0,0,-13.84325009,1.91999127,-6.001924054,1.498588102,1.412078401,0,1,0,3.5198898,"{""geodesic"":false,""type"":""Point"",""coordinates"":[114.40462859869223,30.95374381831262]}"
922,24,0,0,0,-20.46451277,0.074659282,-15.91821921,-0.589256711,0.873120789,0,1,0,4.750374,"{""geodesic"":false,""type"":""Point"",""coordinates"":[114.66469087344483,30.715241110378887]}"
923,32,0,0,0,-13.24144615,1.487454431,-7.378933483,0.66755598,1.166153172,0,1,0,1.4214687,"{""geodesic"":false,""type"":""Point"",""coordinates"":[114.50676704649662,30.602322879165065]}"
924,26,-0.44582814,0.69570374,1,-14.54899177,0.066113316,-10.06624915,0.797650416,1.201614171,0,2,0,2.3447025,"{""geodesic"":false,""type"":""Point"",""coordinates"":[114.07611469928972,30.590465117414688]}"
925,43,0,0,0,-11.13690517,-0.342369297,-8.678896653,-0.476943258,0.895995182,0,1,0,2.9820728,"{""geodesic"":false,""type"":""Point"",""coordinates"":[114.27607968153472,30.831123782030307]}"
926,41,0,0,0,-13.38951362,1.226187497,-5.503262635,0.030772664,1.00711083,0,1,0,1.0779251,"{""geodesic"":false,""type"":""Point"",""coordinates"":[114.42160675756209,30.645172518217564]}"
927,30,0,0,0,-17.00043139,1.838099773,-11.04854245,1.345764143,1.36325285,0,1,0,0.92740995,"{""geodesic"":false,""type"":""Point"",""coordinates"":[114.6261531477561,30.895532987901674]}"
928,40,0,0,0,-15.55672673,0.836183615,-10.72611347,-0.858771127,0.820583703,0,1,0,2.1452296,"{""geodesic"":false,""type"":""Point"",""coordinates"":[114.3202767935134,30.197542012140808]}"
929,29,0,0,0,-16.93402273,-0.202980654,-10.05023733,0.258514943,1.061332576,0,1,0,1.076835,"{""geodesic"":false,""type"":""Point"",""coordinates"":[114.49625675767241,30.54734598377695]}"
930,61,0,0,0,-13.72886832,0.778903286,-8.53973022,-0.256294134,0.942693661,0,1,0,1.8543341,"{""geodesic"":false,""type"":""Point"",""coordinates"":[114.7177813067363,30.91924851140243]}"
931,29,-0.38919598,0.16580877,1,-12.52415904,1.613832664,-4.654489889,1.225184525,1.325923453,0,2,0,2.1543646,"{""geodesic"":false,""type"":""Point"",""coordinates"":[114.12273726253552,30.612833167989262]}"
932,27,0,0,0,-12.86689591,1.846538077,-8.790577935,0.94352498,1.242660512,0,1,0,2.145085,"{""geodesic"":false,""type"":""Point"",""coordinates"":[114.63369899614271,30.750544901044783]}"
933,41,0,0,0,-14.68042766,1.033146601,-8.690129892,0.134150275,1.031371265,0,1,0,2.1414304,"{""geodesic"":false,""type"":""Point"",""coordinates"":[114.35207715457123,30.08866619970552]}"
934,29,0,0,0,-12.59813314,0.416126194,-6.553656822,-1.222794807,0.754606461,0,1,0,1.4228675,"{""geodesic"":false,""type"":""Point"",""coordinates"":[114.12839664882547,30.767523059914645]}"
935,25,0,0,0,-16.71675181,-0.154730645,-7.858646356,0.974813578,1.251645545,0,1,0,3.7153032,"{""geodesic"":false,""type"":""Point"",""coordinates"":[114.54988618013435,30.372713492544115]}"
936,45,0,0,0,-15.65314078,-0.529735715,-8.030926099,1.292424135,1.346611793,0,1,0,3.3663213,"{""geodesic"":false,""type"":""Point"",""coordinates"":[114.88944935753153,30.82115248237658]}"
937,27,0,0,0,-15.2757657,-0.329555976,-7.092261931,0.310119143,1.074018876,0,1,0,2.84427,"{""geodesic"":false,""type"":""Point"",""coordinates"":[114.63477697448364,30.784501218784502]}"
938,38,0,0,0,-11.19768266,-0.140063658,-4.205316167,-1.227964552,0.753708729,0,1,0,2.1444292,"{""geodesic"":false,""type"":""Point"",""coordinates"":[114.43130856263058,30.633584251052422]}"
939,75,0,0,0,-27.39725077,1.128113965,-20.61748328,1.276611143,1.341717593,0,1,0,0,"{""geodesic"":false,""type"":""Point"",""coordinates"":[114.99994213747823,30.86588858352573]}"
940,58,0,0,0,-15.75307887,0.121918579,-8.160213707,-0.074858166,0.982910973,0,1,0,4.4146566,"{""geodesic"":false,""type"":""Point"",""coordinates"":[114.93176000741356,30.931914756908515]}"
941,19,0,0,0,-10.99462992,1.206017136,-6.89458001,0.476894067,1.116064789,0,1,0,2.3460243,"{""geodesic"":false,""type"":""Point"",""coordinates"":[114.29629177542742,30.655413312456528]}"
942,28,-0.5641107,0.77118444,1,-14.25661773,0.785802988,-8.671756133,0.055234004,1.012799318,0,2,0,3.7047918,"{""geodesic"":false,""type"":""Point"",""coordinates"":[114.05159069203326,30.511772698525817]}"
943,34,0,0,0,-13.92360937,-0.243149234,-6.943986379,1.667808204,1.468185127,0,1,0,2.842773,"{""geodesic"":false,""type"":""Point"",""coordinates"":[114.22568419409562,30.69610699482714]}"
944,22,0,0,0,-8.757797335,0.10127962,-1.804172592,0.835839112,1.212226884,0,1,0,1.0776992,"{""geodesic"":false,""type"":""Point"",""coordinates"":[114.25398112554538,30.624960424324875]}"
945,57,0,0,0,-13.6673223,0.443543512,-8.144113209,-0.226076122,0.949275752,0,1,0,3.380098,"{""geodesic"":false,""type"":""Point"",""coordinates"":[114.39196235318614,31.242642013685458]}"
946,22,0,0,0,-13.76601781,1.181007682,-7.892369025,1.724181771,1.487367122,0,1,0,2.1439505,"{""geodesic"":false,""type"":""Point"",""coordinates"":[114.46580386954076,30.547884972947422]}"
947,18,0,0,0,-27.77951286,-0.739023692,-18.49282688,0.122175682,1.028531432,0,1,0,0,"{""geodesic"":false,""type"":""Point"",""coordinates"":[114.63639394199507,30.727637861299737]}"
948,35,0,0,0,-12.3346701,0.356058703,-5.664038364,1.323729919,1.356353811,0,1,0,2.3497238,"{""geodesic"":false,""type"":""Point"",""coordinates"":[114.83474195672865,30.835166200808843]}"
949,24,-0.3888131,0.4749679,1,-13.55570715,2.212285667,-8.808825865,-0.935357365,0.806239856,0,2,0,4.678799,"{""geodesic"":false,""type"":""Point"",""coordinates"":[114.11411343580798,30.522013492764778]}"
950,28,0,0,0,-12.26363659,1.833199171,-5.904587688,0.37832188,1.091018684,0,1,0,0,"{""geodesic"":false,""type"":""Point"",""coordinates"":[114.85198961018375,30.792047067171108]}"
951,36,0,0,0,-14.74965759,1.884296078,-9.148552143,0.126555968,1.02956933,0,1,0,2.1615222,"{""geodesic"":false,""type"":""Point"",""coordinates"":[114.44720874315949,30.93218425149375]}"
952,28,0,0,0,-15.22487514,1.328265611,-9.446195295,0.496082887,1.121006908,0,1,0,0.92740995,"{""geodesic"":false,""type"":""Point"",""coordinates"":[114.66172643300723,30.934070713590405]}"
953,73,0,0,0,-12.89503023,0.634495261,-8.760371372,-0.99464453,0.795308359,0,1,0,2.3399963,"{""geodesic"":false,""type"":""Point"",""coordinates"":[114.27661867070519,30.358430279526612]}"
954,44,0,0,0,-13.80897723,1.044358671,-9.45197988,-0.281505931,0.93723696,0,1,0,3.510355,"{""geodesic"":false,""type"":""Point"",""coordinates"":[114.31704285849058,30.251171434602742]}"
955,35,0,0,0,-12.73531114,-0.046457903,-5.982363274,1.383877284,1.375269237,0,1,0,3.8584743,"{""geodesic"":false,""type"":""Point"",""coordinates"":[114.65606704671728,30.930836778567574]}"
956,17,0,0,0,-16.05382669,-0.516429574,-9.93247725,-0.061282671,0.985988235,0,1,0,2.8441472,"{""geodesic"":false,""type"":""Point"",""coordinates"":[114.43211704638628,30.777224864983136]}"
957,44,0,0,0,-13.7791487,-0.272295192,-9.907745822,0.369022282,1.088684972,0,1,0,2.8459876,"{""geodesic"":false,""type"":""Point"",""coordinates"":[114.88109502538923,30.885292193662714]}"
958,34,0,0,0,-16.59170868,0.120267109,-11.254961,-0.507442903,0.889724828,0,1,0,4.2526116,"{""geodesic"":false,""type"":""Point"",""coordinates"":[114.41136596332312,30.409634250721428]}"
959,46,0,0,0,-26.74577665,1.423590819,-23.20149472,-0.791572853,0.833379311,0,1,0,0,"{""geodesic"":false,""type"":""Point"",""coordinates"":[114.47092426666025,31.13592215793206]}"
960,28,0,0,0,-6.287395239,1.160864395,-3.982800504,-0.059888111,0.986304896,0,1,0,3.514768,"{""geodesic"":false,""type"":""Point"",""coordinates"":[114.31326993429727,30.57968533400525]}"
961,22,0,0,0,-15.65589278,1.721449178,-7.448414987,1.519730555,1.418969483,0,1,0,3.7047918,"{""geodesic"":false,""type"":""Point"",""coordinates"":[114.33240404984902,30.47296547825185]}"
962,39,0,0,0,-14.73633678,1.242471495,-4.952023448,-0.300603658,0.93312459,0,1,0,2.143679,"{""geodesic"":false,""type"":""Point"",""coordinates"":[114.5299435808269,30.498836958434495]}"
963,30,-0.24970761,0.15321252,1,-15.76625606,-0.469791677,-12.78623527,-0.865572391,0.819299634,0,2,0,2.1433897,"{""geodesic"":false,""type"":""Point"",""coordinates"":[114.06587390505075,30.446555008898738]}"
964,24,0,0,0,-12.95584216,-0.579881041,-8.193656372,1.33670774,1.360413002,0,1,0,1.0791605,"{""geodesic"":false,""type"":""Point"",""coordinates"":[114.39519628820898,30.755934792749503]}"
965,26,0,0,0,-15.37201971,1.522005402,-9.960724934,-1.050475306,0.785149701,0,1,0,2.141789,"{""geodesic"":false,""type"":""Point"",""coordinates"":[114.3660908730035,30.154692373088306]}"
966,46,0,0,0,-15.30840031,-0.732926584,-8.368334069,1.060441779,1.276568659,0,1,0,3.209947,"{""geodesic"":false,""type"":""Point"",""coordinates"":[114.44235784062525,30.0118602429133]}"
967,23,0,0,0,-16.6625741,2.22701819,-12.14459437,1.058804317,1.276087433,0,1,0,2.3335977,"{""geodesic"":false,""type"":""Point"",""coordinates"":[114.3051850967402,30.03800121768118]}"
968,22,0,0,0,-14.99705841,-0.617962629,-9.009674076,0.557471575,1.136965162,0,1,0,1.4174838,"{""geodesic"":false,""type"":""Point"",""coordinates"":[114.38360802104383,30.123161506615713]}"
969,24,0,0,0,-16.57462137,0.399464536,-10.11033965,1.705781735,1.481078827,0,1,0,3.731243,"{""geodesic"":false,""type"":""Point"",""coordinates"":[114.80078563898894,30.924368908521913]}"
970,24,-0.50050014,0.59079283,1,-12.87007092,1.936941785,-10.3872548,-0.854079134,0.821470717,0,2,0,0.92740995,"{""geodesic"":false,""type"":""Point"",""coordinates"":[114.20385513269152,30.423917463738928]}"
971,23,0,0,0,-13.92959029,1.908590886,-8.674358828,0.460989669,1.111985097,0,1,0,1.8543341,"{""geodesic"":false,""type"":""Point"",""coordinates"":[114.52670964580408,30.70796475657752]}"
972,44,0,0,0,-17.13476296,-0.58074629,-7.082677202,1.627682939,1.454682767,0,1,0,2.9826858,"{""geodesic"":false,""type"":""Point"",""coordinates"":[114.23107408580033,30.981501760591915]}"
973,21,0,0,0,-15.23778199,-0.035503112,-6.63658394,1.062823244,1.277268861,0,1,0,0,"{""geodesic"":false,""type"":""Point"",""coordinates"":[114.10575910366566,30.675894900934452]}"
974,61,0,0,0,-13.99940345,0.133463089,-9.307347464,-0.917834277,0.809499477,0,1,0,1.8543341,"{""geodesic"":false,""type"":""Point"",""coordinates"":[114.31623437473486,31.173920894450315]}"
975,43,0,0,0,-14.58200394,0.760539792,-8.891953517,-0.084971809,0.98062468,0,1,0,2.14952,"{""geodesic"":false,""type"":""Point"",""coordinates"":[114.51242643278657,30.39373407019251]}"
976,24,-0.41286463,0.59870166,1,-14.11071409,1.179728555,-9.797888255,-1.143035702,0.768593009,0,2,0,1.07549,"{""geodesic"":false,""type"":""Point"",""coordinates"":[113.899326251375,30.42553443125034]}"
977,41,-0.5003224,0.72175455,1,-13.44989389,-0.609424293,-6.214525087,0.572820763,1.140990626,0,2,0,3.5113363,"{""geodesic"":false,""type"":""Point"",""coordinates"":[114.19064989801495,30.324743456372133]}"
978,34,0,0,0,-16.49333682,1.328394241,-12.19426426,-0.299679213,0.933323237,0,1,0,3.5080893,"{""geodesic"":false,""type"":""Point"",""coordinates"":[114.29683076459789,30.080042372977974]}"
979,24,-0.50318044,0.6398363,1,-15.45382951,0.834660788,-9.802967975,-0.779048598,0.835786093,0,2,0,0.92740995,"{""geodesic"":false,""type"":""Point"",""coordinates"":[113.94190639584227,30.349267463628596]}"
980,34,0,0,0,-15.02304564,0.662567677,-7.143355642,-0.59881044,0.871202185,0,1,0,0,"{""geodesic"":false,""type"":""Point"",""coordinates"":[114.56767282275992,30.6311587997853]}"
981,32,0,0,0,-19.22657575,-0.436847621,-14.0583444,-0.232453519,0.947882812,0,1,0,0,"{""geodesic"":false,""type"":""Point"",""coordinates"":[114.38253004270288,30.47377396200756]}"
982,22,-0.39522257,0.7780794,1,-12.86915651,-0.41664143,-7.911493393,-0.765691576,0.838360566,0,2,0,3.7154458,"{""geodesic"":false,""type"":""Point"",""coordinates"":[113.87965314665279,30.377833889663595]}"
983,23,0,0,0,-17.58889502,0.601632104,-9.117483295,0.960681662,1.247579317,0,1,0,1.4209057,"{""geodesic"":false,""type"":""Point"",""coordinates"":[114.5223977324403,30.535218727441336]}"
984,24,0,0,0,-14.32157937,2.225126969,-10.53910999,1.649514265,1.462013647,0,1,0,2.9817972,"{""geodesic"":false,""type"":""Point"",""coordinates"":[114.83474195672865,30.762941651965633]}"
985,29,-0.64324325,0.8816514,1,-14.76130913,0.252214715,-7.394563166,1.415539889,1.385332391,0,2,0,4.749562,"{""geodesic"":false,""type"":""Point"",""coordinates"":[114.06183148627223,30.389422156828736]}"
986,29,0,0,0,-15.15111781,0.679004972,-12.6590806,-1.14122428,0.768913652,0,1,0,2.1430042,"{""geodesic"":false,""type"":""Point"",""coordinates"":[114.47900910421733,30.094864575165946]}"
987,30,-0.5834327,0.8305376,1,-13.31833428,0.513638937,-9.671757392,-0.748338513,0.841717097,0,2,0,4.250191,"{""geodesic"":false,""type"":""Point"",""coordinates"":[114.16073599905378,30.312346705451283]}"
988,35,0,0,0,-16.24402167,0.324004229,-9.213703231,0.148650934,1.034820666,0,1,0,1.0808759,"{""geodesic"":false,""type"":""Point"",""coordinates"":[114.64501776872261,30.90819923340776]}"
989,33,0,0,0,-22.58236071,-0.635415109,-16.08283343,1.160265375,1.306250704,0,1,0,1.8543341,"{""geodesic"":false,""type"":""Point"",""coordinates"":[114.64447877955214,30.662150677087425]}"
990,27,0,0,0,-11.41621256,2.185813462,-5.440995552,1.741040454,1.493152086,0,1,0,2.1597626,"{""geodesic"":false,""type"":""Point"",""coordinates"":[114.69029285904223,30.85430031636059]}"
991,24,-0.16013943,0.121140145,1,-19.14318423,-0.496410623,-12.30471886,-0.12423605,0.971798882,0,2,0,1.0767026,"{""geodesic"":false,""type"":""Point"",""coordinates"":[114.16477841783231,30.535218727441336]}"
992,50,0,0,0,-18.16164185,0.538713291,-13.47028095,-1.224352005,0.754335939,0,1,0,2.848522,"{""geodesic"":false,""type"":""Point"",""coordinates"":[114.32620567438859,31.032975226371963]}"
993,25,0,0,0,-17.51839765,0.905676913,-10.57742744,1.359737714,1.367646226,0,1,0,2.841676,"{""geodesic"":false,""type"":""Point"",""coordinates"":[114.47496668543879,30.6311587997853]}"
994,51,0,0,0,-12.90013406,0.684591256,-10.13659288,-0.465011623,0.898460188,0,1,0,2.847686,"{""geodesic"":false,""type"":""Point"",""coordinates"":[114.33240404984902,30.98446620102951]}"
995,28,0,0,0,-12.88274206,0.30117143,-6.990900606,-0.569137504,0.877175008,0,1,0,2.3503034,"{""geodesic"":false,""type"":""Point"",""coordinates"":[114.89349177631007,30.86346313225861]}"
996,22,0,0,0,-15.61509595,0.808154103,-11.05540906,1.373799695,1.372081692,0,1,0,3.5164227,"{""geodesic"":false,""type"":""Point"",""coordinates"":[113.98017462694575,30.70149688653186]}"
997,43,0,0,0,-15.45877624,-0.576775734,-8.646506876,0.260955699,1.061929217,0,1,0,1.4244698,"{""geodesic"":false,""type"":""Point"",""coordinates"":[114.46391740744411,30.9550912912388]}"
998,27,0,0,0,-13.63710936,0.619902003,-10.15019341,-0.304051866,0.932384002,0,1,0,1.0727186,"{""geodesic"":false,""type"":""Point"",""coordinates"":[114.38953690191902,30.172479015713872]}"
999,29,-0.5543868,0.40187445,1,-10.99325701,-0.472363168,-8.179887105,-1.217717744,0.75548914,0,2,0,2.3437297,"{""geodesic"":false,""type"":""Point"",""coordinates"":[114.14914773188863,30.54276457582794]}"
1000,39,0,0,0,-15.00804774,-0.522766782,-6.512492008,0.836511002,1.21241444,0,1,0,1.0804497,"{""geodesic"":false,""type"":""Point"",""coordinates"":[114.55231163140148,30.870469991474742]}"
1001,46,0,0,0,-18.80181613,0.383630467,-10.93387234,1.413448709,1.384665498,0,1,0,4.4162583,"{""geodesic"":false,""type"":""Point"",""coordinates"":[114.21706036736808,30.968296525915356]}"
1002,39,-0.57255036,0.812071,1,-13.55872242,1.54714388,-8.686448247,0.69881582,1.174577242,0,2,0,3.2240393,"{""geodesic"":false,""type"":""Point"",""coordinates"":[113.99769177498608,30.443590568461143]}"
1003,48,0,0,0,-11.34521029,2.183168475,-7.931260167,0.39925152,1.096289241,0,1,0,1.4167287,"{""geodesic"":false,""type"":""Point"",""coordinates"":[114.43238654097152,30.03072486387981]}"
1004,17,0,0,0,-26.27359762,1.470796051,-22.6378621,-0.740505677,0.843236569,0,1,0,0,"{""geodesic"":false,""type"":""Point"",""coordinates"":[114.57521867114653,30.536566200367513]}"
1005,21,-0.3313826,0.27549386,1,-15.5041334,-0.744282114,-8.819273833,-1.099395166,0.776355231,0,2,0,2.979567,"{""geodesic"":false,""type"":""Point"",""coordinates"":[114.12300675712076,30.202392914675052]}"
1006,21,0,0,0,-22.8067876,-0.050562486,-16.09781275,-0.512638846,0.888660988,0,1,0,1.4226127,"{""geodesic"":false,""type"":""Point"",""coordinates"":[114.69244881572412,30.737609160953465]}"
1007,24,-0.5722618,0.8064224,1,-14.28701317,0.254721988,-9.301328502,-0.210719438,0.95263834,0,2,0,2.3437748,"{""geodesic"":false,""type"":""Point"",""coordinates"":[114.06776036714741,30.544920532509828]}"
1008,33,0,0,0,-17.84577111,0.432548254,-12.10017214,0.831678691,1.21106616,0,1,0,4.670655,"{""geodesic"":false,""type"":""Point"",""coordinates"":[114.40678455537412,30.319353564667413]}"
1009,72,0,0,0,-15.0828005,0.81095219,-6.943109157,1.500173429,1.412593953,0,1,0,4.7104635,"{""geodesic"":false,""type"":""Point"",""coordinates"":[114.28470350826227,31.289803566101735]}"
1010,26,0,0,0,-19.28765471,1.036555702,-10.4482672,1.334773933,1.359807378,0,1,0,2.159519,"{""geodesic"":false,""type"":""Point"",""coordinates"":[114.86762029612743,30.84325103836592]}"
1011,43,0,0,0,-23.50549306,0.325364885,-17.30849966,-0.268114615,0.940131357,0,1,0,1.4238911,"{""geodesic"":false,""type"":""Point"",""coordinates"":[114.61348690225002,30.8874481503446]}"
1012,21,0,0,0,-15.21956872,0.914662797,-7.414823504,1.111876072,1.291777177,0,1,0,1.421083,"{""geodesic"":false,""type"":""Point"",""coordinates"":[114.56740332817469,30.55650879967497]}"
1013,32,0,0,0,-13.45998377,1.025025163,-6.410531186,-0.15286476,0.965413848,0,1,0,1.0763152,"{""geodesic"":false,""type"":""Point"",""coordinates"":[114.59327480835732,30.500184431360672]}"
1014,22,0,0,0,-25.71993823,1.594723092,-18.89965943,1.707724722,1.481741594,0,1,0,2.9818287,"{""geodesic"":false,""type"":""Point"",""coordinates"":[114.5736017036351,30.770756994937475]}"
1015,26,-0.22144671,0.51307595,1,-22.67407448,1.888259852,-15.68312621,-0.985353237,0.797011662,0,2,0,0,"{""geodesic"":false,""type"":""Point"",""coordinates"":[113.86914285782858,30.442512590120202]}"
1016,34,0,0,0,-13.86621674,0.983609571,-7.921389995,0.94594903,1.243354307,0,1,0,4.249985,"{""geodesic"":false,""type"":""Point"",""coordinates"":[114.49544827391671,30.303992373308972]}"
1017,20,-0.5365934,0.7904379,1,-17.8863103,0.073603113,-11.54857076,-1.064114557,0.782687764,0,2,0,3.50865,"{""geodesic"":false,""type"":""Point"",""coordinates"":[114.15372913983765,30.12262251744524]}"
1018,47,0,0,0,-18.18475946,-0.597622828,-9.52445111,1.437468983,1.392345124,0,1,0,3.370239,"{""geodesic"":false,""type"":""Point"",""coordinates"":[114.46661235329647,30.941886056562243]}"
1019,30,-0.4899225,0.58610326,1,-9.54004938,0.099401414,-4.967030867,-0.839622108,0.824209829,0,2,0,4.257547,"{""geodesic"":false,""type"":""Point"",""coordinates"":[114.22433672116944,30.606904287114073]}"
1020,66,0,0,0,-17.84290957,-0.081600321,-11.90342896,0.394539174,1.095100349,0,1,0,0,"{""geodesic"":false,""type"":""Point"",""coordinates"":[114.87920856329256,30.983927211859037]}"
1021,42,0,0,0,-16.26142897,0.888235967,-10.70082442,-0.022453537,0.994843224,0,1,0,0.92740995,"{""geodesic"":false,""type"":""Point"",""coordinates"":[114.22622318326609,30.900653385021158]}"
1022,31,0,0,0,-15.84618571,-0.704711017,-10.7971406,-0.87498081,0.81752665,0,1,0,3.7075524,"{""geodesic"":false,""type"":""Point"",""coordinates"":[114.44613076481855,30.09863749935925]}"
1023,66,0,0,0,-16.72004657,1.928573409,-10.69610707,0.253812681,1.060184055,0,1,0,4.7511015,"{""geodesic"":false,""type"":""Point"",""coordinates"":[114.4127134362493,31.00198334906984]}"
1024,20,-0.2832036,-0.053470608,1,-15.57713463,0.329086438,-4.035362094,-0.914486296,0.810123761,0,2,0,4.279748,"{""geodesic"":false,""type"":""Point"",""coordinates"":[114.04027191945335,30.351153925725246]}"
1025,26,0,0,0,-14.37760602,-0.489557762,-6.507041762,1.525581451,1.420882434,0,1,0,4.2839866,"{""geodesic"":false,""type"":""Point"",""coordinates"":[113.95026072798457,30.733836236760162]}"
1026,26,0,0,0,-15.79948358,-0.41096665,-6.691113124,0.329506136,1.078824035,0,1,0,0.92740995,"{""geodesic"":false,""type"":""Point"",""coordinates"":[114.29763924835359,30.484823240002232]}"
1027,32,-0.56329113,0.7627698,1,-13.87764068,1.470391382,-9.228454761,0.376816398,1.090640548,0,2,0,2.341033,"{""geodesic"":false,""type"":""Point"",""coordinates"":[114.01197498800359,30.409634250721428]}"
1028,21,0,0,0,-18.18734727,1.842778537,-11.29662795,-0.256482506,0.942652773,0,1,0,2.1433454,"{""geodesic"":false,""type"":""Point"",""coordinates"":[114.52051127034365,30.4387396659269]}"
1029,21,-0.424581,0.6148974,1,-16.13901425,-0.080079112,-11.83201333,-1.052180666,0.784841454,0,2,0,0.92740995,"{""geodesic"":false,""type"":""Point"",""coordinates"":[114.19118888718543,30.358969268697084]}"
1030,47,0,0,0,-18.28185419,-0.565300363,-12.67302804,-0.330503003,0.926722483,0,1,0,1.4239362,"{""geodesic"":false,""type"":""Point"",""coordinates"":[114.2669168656367,30.892838042049316]}"
1031,38,0,0,0,-12.66216156,2.043569713,-9.026228413,0.734065375,1.184149504,0,1,0,2.9789398,"{""geodesic"":false,""type"":""Point"",""coordinates"":[114.34480080076987,30.041504647289248]}"
1032,21,0,0,0,-11.98698035,0.939068711,-7.794608526,-0.386433022,0.914864336,0,1,0,0,"{""geodesic"":false,""type"":""Point"",""coordinates"":[114.41433040376072,30.782345262102616]}"
1033,35,0,0,0,-14.71837577,1.925122878,-8.006049511,-0.288061239,0.935823348,0,1,0,4.750768,"{""geodesic"":false,""type"":""Point"",""coordinates"":[114.6013596459144,30.87100898064521]}"
1034,23,0,0,0,-11.35849053,-0.004275985,-5.425246213,0.587480118,1.14484848,0,1,0,2.7802885,"{""geodesic"":false,""type"":""Point"",""coordinates"":[114.23592498833459,30.5206660198386]}"
1035,25,-0.39814323,0.40581137,1,-18.45628008,2.011392834,-9.932387092,-1.092474068,0.777593449,0,2,0,1.0779189,"{""geodesic"":false,""type"":""Point"",""coordinates"":[113.93732498789325,30.644633529047095]}"
1036,23,-0.37728396,0.46843302,1,-17.05493328,-0.322737106,-9.775681183,0.898586941,1.229868545,0,2,0,2.3422916,"{""geodesic"":false,""type"":""Point"",""coordinates"":[114.0639874429541,30.47188749991091]}"
1037,22,0,0,0,-15.40612688,0.360165797,-9.930162726,1.377986168,1.373404977,0,1,0,1.0783062,"{""geodesic"":false,""type"":""Point"",""coordinates"":[113.9985002587418,30.67939833054252]}"
1038,30,0,0,0,-13.17310148,2.023431664,-10.52438244,1.180211675,1.312263857,0,1,0,1.8543341,"{""geodesic"":false,""type"":""Point"",""coordinates"":[114.46310892368841,31.056151760702246]}"
1039,24,0,0,0,-15.90000324,0.677530093,-9.021355337,-1.182466936,0.761646247,0,1,0,3.2345266,"{""geodesic"":false,""type"":""Point"",""coordinates"":[114.37471469973104,30.758899233187098]}"
1040,26,0,0,0,-18.93169048,-0.092155657,-11.2046301,0.821477897,1.208224922,0,1,0,2.7802885,"{""geodesic"":false,""type"":""Point"",""coordinates"":[114.52967408624167,30.889873601611722]}"
1041,42,0,0,0,-14.54953089,1.747937206,-7.96469211,0.437569947,1.106004756,0,1,0,3.518823,"{""geodesic"":false,""type"":""Point"",""coordinates"":[114.29521379708648,30.87639887234993]}"
1042,37,0,0,0,-14.53345941,1.760076418,-6.369962502,0.230509571,1.054510618,0,1,0,3.3758101,"{""geodesic"":false,""type"":""Point"",""coordinates"":[114.3593535083726,31.11247612901654]}"
1043,50,0,0,0,-13.7364815,1.348039386,-11.63653722,-0.010601265,0.997561945,0,1,0,0.92740995,"{""geodesic"":false,""type"":""Point"",""coordinates"":[114.24077589086883,30.82762035242224]}"
1044,25,-0.2868499,0.23780794,1,-17.98296936,1.8836356,-7.328986885,-0.337569033,0.925215919,0,2,0,2.144071,"{""geodesic"":false,""type"":""Point"",""coordinates"":[114.14375784018392,30.569444539766288]}"
1045,32,0,0,0,-11.72410989,1.582349423,-6.259839529,-0.922073626,0.808709672,0,1,0,2.9805813,"{""geodesic"":false,""type"":""Point"",""coordinates"":[114.56875080110086,30.459760243575296]}"
1046,24,-0.60013556,0.84612113,1,-14.4666954,-0.036258697,-8.67393058,-0.397289597,0.912580197,0,2,0,2.3413641,"{""geodesic"":false,""type"":""Point"",""coordinates"":[113.84946975310636,30.426073420420813]}"
1047,27,-0.15311174,0.11107377,1,-16.34372711,0.738813074,-10.667432,1.223568704,1.325430226,0,2,0,2.143103,"{""geodesic"":false,""type"":""Point"",""coordinates"":[114.20196867059487,30.394812048533453]}"
1048,22,-0.47384107,0.2666978,1,-8.037735015,1.066307752,-2.703557528,-0.677031145,0.85565144,0,2,0,0,"{""geodesic"":false,""type"":""Point"",""coordinates"":[114.07018581841453,30.43927865509737]}"
1049,22,0,0,0,-14.8025543,0.825439301,-8.839872397,-0.050790203,0.988373243,0,1,0,1.0794907,"{""geodesic"":false,""type"":""Point"",""coordinates"":[114.03380404940769,30.78530970254021]}"
1050,33,0,0,0,-14.97233844,1.037081293,-8.123573068,1.518069128,1.418426749,0,1,0,1.4235799,"{""geodesic"":false,""type"":""Point"",""coordinates"":[114.90912246225375,30.85106638133776]}"
1051,27,0,0,0,-16.56868133,1.000383967,-8.444377253,0.269464442,1.0640118,0,1,0,4.8971405,"{""geodesic"":false,""type"":""Point"",""coordinates"":[114.23781145043124,30.060369268255755]}"
1052,27,-0.32979262,0.36064225,1,-13.72429223,0.307479141,-6.204405856,0.514866933,1.125865972,0,2,0,3.354112,"{""geodesic"":false,""type"":""Point"",""coordinates"":[114.02733617936202,30.43981764426784]}"
1053,277,0,0,0,-13.40989597,1.510795459,-9.724239197,-1.239802741,0.751657034,0,1,0,3.524325,"{""geodesic"":false,""type"":""Point"",""coordinates"":[114.2450878042326,31.27120843972046]}"
1054,54,0,0,0,-14.40043462,2.175732804,-7.189522339,0.171727069,1.040333796,0,1,0,1.423606,"{""geodesic"":false,""type"":""Point"",""coordinates"":[114.55797101769143,30.85430031636059]}"
1055,25,0,0,0,-15.3629543,-0.636285453,-8.557068959,-0.5716257,0.876672594,0,1,0,2.1426005,"{""geodesic"":false,""type"":""Point"",""coordinates"":[114.37336722680487,30.3034533841385]}"
1056,27,0,0,0,-12.46869107,1.458518389,-8.599376042,-0.65467556,0.860067316,0,1,0,2.9820178,"{""geodesic"":false,""type"":""Point"",""coordinates"":[114.62588365317086,30.817379558183276]}"
1057,29,0,0,0,-11.0704135,0.049641886,-8.731961712,-1.062309671,0.783013109,0,1,0,1.4228628,"{""geodesic"":false,""type"":""Point"",""coordinates"":[114.12758816506977,30.766984070744172]}"
1058,24,0,0,0,-14.09349882,1.421955974,-11.10300834,0.086795907,1.020186543,0,1,0,0,"{""geodesic"":false,""type"":""Point"",""coordinates"":[114.76170892412974,30.899575406680214]}"
1059,23,-0.5401332,0.8457842,1,-17.09076543,0.032345634,-8.881065351,1.614064652,1.450128424,0,2,0,0.92740995,"{""geodesic"":false,""type"":""Point"",""coordinates"":[114.03245657648151,30.555969810504497]}"
1060,26,-0.518156,0.74867725,1,-15.98954252,0.901048475,-8.890766322,-0.278665697,0.937850103,0,2,0,3.7169192,"{""geodesic"":false,""type"":""Point"",""coordinates"":[114.16046650446854,30.429307355443644]}"
1061,25,0,0,0,-14.63937111,1.239360145,-9.056128733,0.312119545,1.074513694,0,1,0,3.7274368,"{""geodesic"":false,""type"":""Point"",""coordinates"":[114.7824600071929,30.794203023852994]}"
1062,25,-0.33619836,0.31225535,1,-12.31737183,1.356407916,-8.388669667,0.891626801,1.227899097,0,2,0,1.4188259,"{""geodesic"":false,""type"":""Point"",""coordinates"":[114.05428563788561,30.28593623609817]}"
1063,23,-0.081579916,0.58808213,1,-19.19244988,0.880896784,-10.3606381,-0.080957934,0.98153142,0,2,0,0.92740995,"{""geodesic"":false,""type"":""Point"",""coordinates"":[114.12085080043887,30.251710423773215]}"
1064,20,0,0,0,-24.53716322,1.189108492,-19.64300109,-0.561933404,0.878631278,0,1,0,1.421649,"{""geodesic"":false,""type"":""Point"",""coordinates"":[114.49814321976908,30.623612951398698]}"
1065,26,0,0,0,-11.6894697,-0.173813158,0.697693009,1.040548616,1.270734619,0,1,0,3.8568852,"{""geodesic"":false,""type"":""Point"",""coordinates"":[114.47577516919449,30.41852757203421]}"
1066,53,0,0,0,-13.50922384,-0.393913475,-7.901458427,0.803697615,1.203288487,0,1,0,2.3560247,"{""geodesic"":false,""type"":""Point"",""coordinates"":[114.38253004270288,31.138078114613947]}"
1067,26,0,0,0,-14.15718137,0.943482736,-8.036824017,-0.090504185,0.97937628,0,1,0,3.8580647,"{""geodesic"":false,""type"":""Point"",""coordinates"":[114.75712751618073,30.80040139931342]}"
1068,22,-0.42307693,0.29032257,1,-14.23060436,1.121708202,-9.241092511,0.380480293,1.091561047,0,2,0,1.0752758,"{""geodesic"":false,""type"":""Point"",""coordinates"":[113.79395386854777,30.40613082111336]}"
1069,51,0,0,0,-17.65678529,0.622091964,-10.15591629,0.944351298,1.242896971,0,1,0,2.1622882,"{""geodesic"":false,""type"":""Point"",""coordinates"":[114.51269592737181,30.96614056923347]}"
1070,34,0,0,0,-15.87875207,-0.176288987,-10.54660446,1.308809528,1.351701989,0,1,0,1.4231914,"{""geodesic"":false,""type"":""Point"",""coordinates"":[114.59785621630634,30.8055217964329]}"
1071,21,0,0,0,-14.11169096,1.576587068,-8.822502349,1.330736593,1.358543845,0,1,0,0.92740995,"{""geodesic"":false,""type"":""Point"",""coordinates"":[114.4412798622843,30.755934792749503]}"
1072,28,0,0,0,-14.1488879,-0.461084743,-9.973800334,0.766655321,1.193068919,0,1,0,1.0761952,"{""geodesic"":false,""type"":""Point"",""coordinates"":[114.25586758764203,30.48940464795124]}"
1073,30,0,0,0,-15.97763015,-0.037481247,-1.896763111,0.457272353,1.111033708,0,1,0,1.4199016,"{""geodesic"":false,""type"":""Point"",""coordinates"":[114.37013329178204,30.41529363701138]}"
1074,36,0,0,0,-13.8141905,1.616190926,-10.41591363,1.304433433,1.350340655,0,1,0,2.1462045,"{""geodesic"":false,""type"":""Point"",""coordinates"":[114.37956560226529,30.948353926607904]}"
1075,44,0,0,0,-14.2204501,1.213631667,-7.716095012,0.674612746,1.168049572,0,1,0,3.7047918,"{""geodesic"":false,""type"":""Point"",""coordinates"":[114.45259863486422,30.02102305881132]}"
1076,32,0,0,0,-17.23641668,2.135179586,-10.82687548,-0.539836294,0.883113188,0,1,0,2.9819186,"{""geodesic"":false,""type"":""Point"",""coordinates"":[114.34830423037793,30.79312504551205]}"
1077,52,0,0,0,-19.86030124,0.244636276,-12.28410259,-0.581228278,0.874736346,0,1,0,0.92740995,"{""geodesic"":false,""type"":""Point"",""coordinates"":[114.51134845444562,30.908468727992997]}"
1078,34,0,0,0,-16.38432116,0.21546246,-10.56896475,0.587630381,1.144888092,0,1,0,4.2566533,"{""geodesic"":false,""type"":""Point"",""coordinates"":[114.30464610756972,30.57133100186294]}"
1079,27,0,0,0,-12.02075359,0.71059819,-6.70146187,-0.414564851,0.908957369,0,1,0,0.92740995,"{""geodesic"":false,""type"":""Point"",""coordinates"":[114.5975867217211,30.59801096580129]}"
1080,25,-0.5059412,0.62603736,1,-14.4240837,1.024963834,-7.537586532,1.446361881,1.395199102,0,2,0,2.9792593,"{""geodesic"":false,""type"":""Point"",""coordinates"":[114.15804105320142,30.12370049578618]}"
1081,28,0,0,0,-16.77925959,-0.205694946,-9.386557933,0.860354328,1.219089057,0,1,0,1.0797122,"{""geodesic"":false,""type"":""Point"",""coordinates"":[114.62130224522186,30.804982807262427]}"
1082,59,0,0,0,-13.95366222,-0.528801933,-7.275160996,1.059522989,1.276298618,0,1,0,3.5225031,"{""geodesic"":false,""type"":""Point"",""coordinates"":[114.3984302232318,31.141312049636777]}"
1083,60,0,0,0,-25.36964949,1.26292892,-19.59707613,0.832645869,1.211335896,0,1,0,0,"{""geodesic"":false,""type"":""Point"",""coordinates"":[114.28766794869986,31.231323241105553]}"
1084,33,0,0,0,-13.2008065,0.38640277,-7.266995202,0.130655307,1.030541607,0,1,0,1.8543341,"{""geodesic"":false,""type"":""Point"",""coordinates"":[114.26287444685816,30.696376489412376]}"
1085,70,0,0,0,-15.50410409,1.251209822,-8.57174362,1.496399293,1.411366904,0,1,0,2.8473856,"{""geodesic"":false,""type"":""Point"",""coordinates"":[114.54934719096389,30.96694905298918]}"
1086,21,0,0,0,-13.84577442,1.318783597,-8.82920727,1.720975083,1.486269304,0,1,0,2.1444104,"{""geodesic"":false,""type"":""Point"",""coordinates"":[114.79108383392045,30.630350316029592]}"
1087,26,0,0,0,-12.31067261,2.084019249,-5.600193604,0.134448065,1.031441988,0,1,0,3.3587348,"{""geodesic"":false,""type"":""Point"",""coordinates"":[114.466073364126,30.585075225709968]}"
1088,38,0,0,0,-16.88596479,-0.101498876,-7.37364074,1.609842151,1.448719197,0,1,0,4.901796,"{""geodesic"":false,""type"":""Point"",""coordinates"":[114.34399231701416,30.27946836605251]}"
1089,63,0,0,0,-18.83015969,-0.438123591,-10.19352668,-0.079602819,0.981837732,0,1,0,3.8585126,"{""geodesic"":false,""type"":""Point"",""coordinates"":[114.53317751584973,30.942964034903188]}"
1090,33,-0.5790931,0.82775366,1,-17.19782324,0.425125716,-10.30922037,1.394969461,1.378786258,0,2,0,0,"{""geodesic"":false,""type"":""Point"",""coordinates"":[113.96562191934302,30.56082071303874]}"
1091,40,0,0,0,-15.89679781,1.44090739,-8.084957454,0.755909167,1.190120447,0,1,0,0.92740995,"{""geodesic"":false,""type"":""Point"",""coordinates"":[114.38495549397001,31.176615840302674]}"
1092,26,0,0,0,-11.58268547,1.994371824,-7.49633765,-0.529131107,0.885292713,0,1,0,3.2380188,"{""geodesic"":false,""type"":""Point"",""coordinates"":[114.76090044037403,30.8626546485029]}"
1093,24,-0.597815,0.7962138,1,-14.48054481,0.783690349,-8.200627542,-0.68103475,0.854863009,0,2,0,1.4190975,"{""geodesic"":false,""type"":""Point"",""coordinates"":[114.05293816495943,30.318545080911708]}"
1094,24,0,0,0,-14.26666643,0.517070474,-8.015881827,1.31338069,1.35312547,0,1,0,2.3494773,"{""geodesic"":false,""type"":""Point"",""coordinates"":[114.34668726286652,30.823308439058465]}"
1095,58,0,0,0,-16.98293663,1.993188467,-12.28031773,-0.092272141,0.97897767,0,1,0,2.8479152,"{""geodesic"":false,""type"":""Point"",""coordinates"":[114.1871464684069,30.997671435706064]}"
1096,29,0,0,0,-15.34465988,2.248326673,-8.073119814,0.299412035,1.071374248,0,1,0,0,"{""geodesic"":false,""type"":""Point"",""coordinates"":[114.29925621586501,30.37998984634548]}"
1097,47,0,0,0,-11.77012118,1.174347388,-7.875191666,0.687765566,1.171592429,0,1,0,2.141593,"{""geodesic"":false,""type"":""Point"",""coordinates"":[114.31892932058723,30.1185800986667]}"
1098,65,0,0,0,-13.26094663,2.051913375,-8.721320807,-1.117643282,0.773099997,0,1,0,2.850913,"{""geodesic"":false,""type"":""Point"",""coordinates"":[114.40597607161841,31.171495443183193]}"
1099,57,0,0,0,-19.17151459,-0.497677808,-12.67077536,-0.566942051,0.877618551,0,1,0,2.161052,"{""geodesic"":false,""type"":""Point"",""coordinates"":[114.56659484441897,30.91143316843059]}"
1100,36,0,0,0,-15.37929032,1.217478773,-7.738611244,-1.020013068,0.790676249,0,1,0,3.3677144,"{""geodesic"":false,""type"":""Point"",""coordinates"":[114.19442282220827,30.864271616014317]}"
1101,26,-0.4751491,0.7838638,1,-13.49055527,0.031304389,-6.276685131,1.748169531,1.495605154,0,2,0,2.1421204,"{""geodesic"":false,""type"":""Point"",""coordinates"":[113.85027823686207,30.21559814935161]}"
1102,37,-0.6041116,0.79721576,1,-14.77615466,1.984467704,-10.60179085,-0.730075766,0.845264099,0,2,0,3.3540854,"{""geodesic"":false,""type"":""Point"",""coordinates"":[114.10575910366566,30.439009160512136]}"
1103,26,0,0,0,-16.19893862,0.64011183,-8.870803151,1.133728869,1.298293512,0,1,0,0.92740995,"{""geodesic"":false,""type"":""Point"",""coordinates"":[114.29521379708648,30.48670970209888]}"
1104,37,0,0,0,-14.34281225,0.964238171,-7.431674535,-0.335198655,0.92572104,0,1,0,2.3340712,"{""geodesic"":false,""type"":""Point"",""coordinates"":[114.27015080065954,30.061986235767172]}"
1105,54,0,0,0,-14.11883049,1.101082127,-9.510026574,1.723353797,1.487083585,0,1,0,0.92740995,"{""geodesic"":false,""type"":""Point"",""coordinates"":[114.17394123373033,30.958594720846865]}"
1106,22,0,0,0,-12.87035477,2.234279396,-9.110091341,1.24230008,1.33115923,0,1,0,2.160044,"{""geodesic"":false,""type"":""Point"",""coordinates"":[114.69891668576979,30.86669706728144]}"
1107,22,-0.40630975,0.7131448,1,-13.67676724,0.221626252,-9.289302084,-0.267250854,0.940318357,0,2,0,1.4204911,"{""geodesic"":false,""type"":""Point"",""coordinates"":[114.09390134191528,30.485901218343173]}"
1108,50,0,0,0,-17.5626179,0.105709073,-10.28637332,0.630218444,1.156170394,0,1,0,0.92740995,"{""geodesic"":false,""type"":""Point"",""coordinates"":[114.91585982688464,30.912780641356772]}"
1109,26,0,0,0,-13.60253129,-0.648397409,-6.583109255,-0.588276109,0.873317955,0,1,0,2.1453402,"{""geodesic"":false,""type"":""Point"",""coordinates"":[114.68678942943417,30.795819991364407]}"
1110,66,0,0,0,-14.18701498,1.293115886,-8.279399592,1.628422256,1.454930424,0,1,0,2.9828784,"{""geodesic"":false,""type"":""Point"",""coordinates"":[114.19199737094114,31.028393818422952]}"
1111,25,0,0,0,-16.1114728,0.719676371,-10.27365204,0.14409162,1.03373486,0,1,0,4.4087415,"{""geodesic"":false,""type"":""Point"",""coordinates"":[114.69029285904223,30.796897969705352]}"
1112,61,0,0,0,-14.17161277,1.169756198,-9.508065505,-0.731260953,0.845033458,0,1,0,2.7802885,"{""geodesic"":false,""type"":""Point"",""coordinates"":[114.39223184777138,31.2008703529739]}"
1113,45,0,0,0,-14.45077642,2.059986584,-9.55085874,1.218689932,1.323942102,0,1,0,0.92740995,"{""geodesic"":false,""type"":""Point"",""coordinates"":[114.28308654075086,30.81926602027993]}"
1114,42,0,0,0,-14.30692006,1.557608054,-6.547932858,-0.165074974,0.962703393,0,1,0,1.4245056,"{""geodesic"":false,""type"":""Point"",""coordinates"":[114.3412973711618,30.959133710017337]}"
1115,30,0,0,0,-15.3351039,1.010910763,-11.16499333,-0.598569335,0.871250552,0,1,0,2.7802885,"{""geodesic"":false,""type"":""Point"",""coordinates"":[114.23349953706746,30.524977933202372]}"
1116,21,0,0,0,-22.30286774,0.6059253,-17.66831473,0.534479668,1.13096188,0,1,0,1.4230187,"{""geodesic"":false,""type"":""Point"",""coordinates"":[114.69460477240601,30.78530970254021]}"
1117,57,0,0,0,-13.91938326,0.833143568,-9.05101274,-0.297216648,0.933852606,0,1,0,2.3526943,"{""geodesic"":false,""type"":""Point"",""coordinates"":[114.93499394243639,30.97853732015432]}"
1118,17,0,0,0,-16.07144843,1.711612108,-9.642690539,0.013503046,1.00311403,0,1,0,2.1566799,"{""geodesic"":false,""type"":""Point"",""coordinates"":[114.7555105486693,30.716588583305068]}"
1119,22,0,0,0,-13.71434201,-0.562888198,-9.394565102,-0.101267444,0.976952066,0,1,0,2.7802885,"{""geodesic"":false,""type"":""Point"",""coordinates"":[114.15992751529807,30.744077030999126]}"
1120,55,0,0,0,-18.03664118,2.059620424,-11.55176575,0.282530033,1.06721766,0,1,0,1.4247491,"{""geodesic"":false,""type"":""Point"",""coordinates"":[114.21706036736808,30.987430641467103]}"
1121,22,-0.23773988,0.11016793,1,-18.32655944,1.493156588,-7.359094207,0.962254947,1.24803135,0,2,0,2.840751,"{""geodesic"":false,""type"":""Point"",""coordinates"":[114.05374664871515,30.576181904397185]}"
1122,36,0,0,0,-15.84707448,2.217983452,-9.524503893,-0.908402532,0.811259409,0,1,0,2.9803896,"{""geodesic"":false,""type"":""Point"",""coordinates"":[114.30275964547307,30.411520712818078]}"
1123,27,-0.45521024,0.73456275,1,-15.55951315,-0.045304716,-10.86244935,1.570506919,1.435656997,0,2,0,2.3405561,"{""geodesic"":false,""type"":""Point"",""coordinates"":[114.06802986173264,30.386188221805906]}"
1124,19,0,0,0,-20.44070472,1.89106316,-16.34870367,0.560650333,1.137797652,0,1,0,3.723713,"{""geodesic"":false,""type"":""Point"",""coordinates"":[114.65606704671728,30.665923601280724]}"
1125,22,-0.33749712,0.39690265,1,-13.83013215,1.934627009,-8.132956665,-1.211704119,0.756535981,0,2,0,2.1458287,"{""geodesic"":false,""type"":""Point"",""coordinates"":[113.81659141370758,30.225030459834866]}"
1126,24,0,0,0,-18.82542192,-0.725843281,-12.82825953,-0.421114256,0.907587643,0,1,0,4.6910114,"{""geodesic"":false,""type"":""Point"",""coordinates"":[114.37633166724247,30.82169147154705]}"
1127,29,0,0,0,-12.70567271,1.330088643,-8.747905417,-1.247593394,0.750309872,0,1,0,3.5158434,"{""geodesic"":false,""type"":""Point"",""coordinates"":[114.64959917667163,30.658916742064594]}"
1128,26,0,0,0,-15.29363119,-0.097834108,-8.050317421,0.302545781,1.072147601,0,1,0,1.4215295,"{""geodesic"":false,""type"":""Point"",""coordinates"":[114.5983952054768,30.609329738381195]}"
1129,27,-0.54915357,0.75135136,1,-14.53180734,-0.554885838,-8.98335999,-0.103796867,0.976383234,0,2,0,1.4187177,"{""geodesic"":false,""type"":""Point"",""coordinates"":[114.15507661276382,30.27273100142161]}"
1130,33,0,0,0,-14.28358122,0.16241487,-7.712699112,1.06838418,1.278905391,0,1,0,2.3504758,"{""geodesic"":false,""type"":""Point"",""coordinates"":[114.2270316670218,30.871547969815683]}"
1131,24,-0.3448276,0.27450755,1,-14.95360436,1.79678295,-7.497061662,1.308554191,1.35162252,0,2,0,1.4218178,"{""geodesic"":false,""type"":""Point"",""coordinates"":[114.03380404940769,30.64355555070615]}"
1132,35,0,0,0,-16.07906124,1.042641551,-6.738462694,1.476841902,1.405025448,0,1,0,3.3468542,"{""geodesic"":false,""type"":""Point"",""coordinates"":[114.34749574662223,30.209399773891185]}"
1133,25,-0.43437406,0.5416446,1,-11.57210315,2.027271504,-8.646395045,-1.128752101,0.771125012,0,2,0,1.0774797,"{""geodesic"":false,""type"":""Point"",""coordinates"":[113.94837426588792,30.60528731960266]}"
1134,58,0,0,0,-13.88975477,0.541850316,-9.35098562,-0.458873608,0.899730907,0,1,0,3.248728,"{""geodesic"":false,""type"":""Point"",""coordinates"":[114.3954657827942,31.177963313228855]}"
1135,19,0,0,0,-17.55866184,0.650086965,-9.760504458,-0.061317106,0.985980417,0,1,0,0.92740995,"{""geodesic"":false,""type"":""Point"",""coordinates"":[114.51000098151945,30.746771976851484]}"
1136,29,0,0,0,-10.2004959,1.842643475,-6.40765761,1.280385742,1.342884231,0,1,0,2.9812255,"{""geodesic"":false,""type"":""Point"",""coordinates"":[114.30060368879118,30.621187500131573]}"
1137,45,0,0,0,-14.33077748,0.936171143,-8.412422265,1.656891131,1.464499114,0,1,0,2.9827747,"{""geodesic"":false,""type"":""Point"",""coordinates"":[114.40193365283987,31.003061327410784]}"
1138,38,0,0,0,-15.01941079,0.604594615,-11.30653465,-0.417167779,0.908412752,0,1,0,2.1459754,"{""geodesic"":false,""type"":""Point"",""coordinates"":[114.88917986294629,30.907929738822524]}"
1139,26,0,0,0,-14.12744709,2.097069408,-6.535946099,0.119217273,1.027831036,0,1,0,3.5146549,"{""geodesic"":false,""type"":""Point"",""coordinates"":[114.5021856385476,30.57133100186294]}"
1140,23,0,0,0,-13.12524286,1.612142148,-4.979513779,1.148403288,1.302687749,0,1,0,4.399415,"{""geodesic"":false,""type"":""Point"",""coordinates"":[114.41918130629496,30.582110785272373]}"
1141,26,0,0,0,-18.39050404,-0.51466988,-13.02483229,-0.158098552,0.964251104,0,1,0,2.3502462,"{""geodesic"":false,""type"":""Point"",""coordinates"":[114.3135394288825,30.860498691821014]}"
1142,45,0,0,0,-18.24390524,0.440204631,-12.68068677,1.273074591,1.340625448,0,1,0,1.8543341,"{""geodesic"":false,""type"":""Point"",""coordinates"":[114.35908401378737,30.96021168835828]}"
1143,33,-0.458297,0.6011011,1,-15.7049885,0.008173042,-10.8469831,-0.235752451,0.947163067,0,2,0,2.9808035,"{""geodesic"":false,""type"":""Point"",""coordinates"":[114.1451053131101,30.515545622719117]}"
1144,23,-0.39979374,0.5715481,1,-13.81777381,0.196387607,-7.637454197,-0.054012458,0.98764019,0,2,0,1.0755605,"{""geodesic"":false,""type"":""Point"",""coordinates"":[114.21328744317476,30.432002301296002]}"
1145,47,0,0,0,-13.87631097,-0.009054242,-6.544742051,0.742915164,1.186564952,0,1,0,1.8543341,"{""geodesic"":false,""type"":""Point"",""coordinates"":[114.45718004281322,30.440895622608785]}"
1146,16,0,0,0,-14.06678353,1.639203208,-10.13670207,-1.109526023,0.774546325,0,1,0,2.1446981,"{""geodesic"":false,""type"":""Point"",""coordinates"":[114.78192101802243,30.681554287224404]}"
1147,74,0,0,0,-16.79472406,0.678068155,-8.349022385,0.636675107,1.157890553,0,1,0,3.8585424,"{""geodesic"":false,""type"":""Point"",""coordinates"":[114.6005511621587,30.95239634538644]}"
1148,30,0,0,0,-12.40822823,1.464467804,-6.390950116,-0.280541258,0.937445166,0,1,0,2.1452274,"{""geodesic"":false,""type"":""Point"",""coordinates"":[114.28012210031326,30.775877392056955]}"
1149,31,0,0,0,-14.67535466,0.699595125,-9.343317847,0.102106462,1.023789441,0,1,0,1.4247683,"{""geodesic"":false,""type"":""Point"",""coordinates"":[114.79189231767616,30.989856092734225]}"
1150,65,0,0,0,-13.38833761,1.632818507,-5.897733678,-0.060165511,0.986241899,0,1,0,2.1447995,"{""geodesic"":false,""type"":""Point"",""coordinates"":[114.59273581918686,30.699610424435207]}"
1151,27,0,0,0,-15.92986556,1.560822273,-7.858307247,1.721245351,1.4863618,0,1,0,3.3626149,"{""geodesic"":false,""type"":""Point"",""coordinates"":[114.62130224522186,30.706078294480868]}"
1152,41,0,0,0,-15.57333026,1.071319167,-11.17473411,0.708783684,1.177276211,0,1,0,2.8462296,"{""geodesic"":false,""type"":""Point"",""coordinates"":[114.68544195650799,30.899305912094977]}"
1153,32,0,0,0,-14.72267608,0.151713143,-7.374154028,0.144962825,1.033942251,0,1,0,0.92740995,"{""geodesic"":false,""type"":""Point"",""coordinates"":[114.2917103674784,30.955360785824034]}"
1154,16,0,0,0,-23.25487657,1.3524692,-20.64735085,-0.84605418,0.822990045,0,1,0,0,"{""geodesic"":false,""type"":""Point"",""coordinates"":[114.46849881539313,30.367862590009867]}"
1155,22,0,0,0,-12.8762726,1.634858986,-9.823316965,0.362646564,1.087087886,0,1,0,1.4217943,"{""geodesic"":false,""type"":""Point"",""coordinates"":[114.83393347297294,30.640860604853792]}"
1156,29,0,0,0,-14.97161764,-0.185190265,-8.012916157,1.063144095,1.277363227,0,1,0,1.4240029,"{""geodesic"":false,""type"":""Point"",""coordinates"":[114.21921632404995,30.900653385021158]}"
1157,20,0,0,0,-19.73835426,1.824134352,-10.3524783,1.629624277,1.455333169,0,1,0,1.4221748,"{""geodesic"":false,""type"":""Point"",""coordinates"":[114.71158293127587,30.68586620058818]}"
1158,23,0,0,0,-13.17156619,-0.589048339,-9.227825219,-1.242671734,0.751160646,0,1,0,0.92740995,"{""geodesic"":false,""type"":""Point"",""coordinates"":[114.74365278691893,30.79851493721677]}"
1159,27,0,0,0,-15.55380028,-0.282267019,-3.996502212,0.982564302,1.253881314,0,1,0,2.7802885,"{""geodesic"":false,""type"":""Point"",""coordinates"":[114.27877462738708,30.465150135280012]}"
1160,49,0,0,0,-12.95182705,1.057050338,-7.038832413,0.342397448,1.082031103,0,1,0,0.92740995,"{""geodesic"":false,""type"":""Point"",""coordinates"":[114.34614827369604,31.05318732026465]}"
1161,31,-0.35411295,0.42752054,1,-14.19836554,1.415783258,-9.832976329,-0.710664959,0.849050465,0,2,0,1.8543341,"{""geodesic"":false,""type"":""Point"",""coordinates"":[114.07315025885212,30.56405464806157]}"
1162,56,0,0,0,-16.87524288,1.123450448,-11.4618315,1.429623821,1.389832241,0,1,0,4.287271,"{""geodesic"":false,""type"":""Point"",""coordinates"":[114.1841820279693,31.02462089422965]}"
1163,23,0,0,0,-14.17198482,0.945963496,-7.613484106,0.937436485,1.240919612,0,1,0,2.1453323,"{""geodesic"":false,""type"":""Point"",""coordinates"":[114.69945567494025,30.79447251843823]}"
1164,45,0,0,0,-19.01258758,1.226868805,-12.67989324,-0.623623931,0.866238749,0,1,0,3.238337,"{""geodesic"":false,""type"":""Point"",""coordinates"":[114.29871722669454,30.872356453571392]}"
1165,20,0,0,0,-25.8829857,0.02432547,-21.73560618,1.084974326,1.283800181,0,1,0,0,"{""geodesic"":false,""type"":""Point"",""coordinates"":[114.7832684909486,30.866427572696203]}"
1166,24,-0.38604036,0.6366567,1,-14.96331057,1.00573716,-9.840736598,1.543108797,1.426628447,0,2,0,0,"{""geodesic"":false,""type"":""Point"",""coordinates"":[114.14375784018392,30.191882625850855]}"
1167,20,0,0,0,-18.15436323,-0.013547705,-6.674693766,0.465400472,1.113115031,0,1,0,1.8543341,"{""geodesic"":false,""type"":""Point"",""coordinates"":[114.76386488081162,30.62981132685912]}"
1168,38,0,0,0,-15.22808761,1.033064127,-10.22976157,-0.113668125,0.974166493,0,1,0,3.3727193,"{""geodesic"":false,""type"":""Point"",""coordinates"":[114.33024809316713,31.01815302418399]}"
1169,56,0,0,0,-20.6447277,1.825192094,-17.64821968,0.55656801,1.136728637,0,1,0,0.92740995,"{""geodesic"":false,""type"":""Point"",""coordinates"":[114.5946222812835,30.958055731676396]}"
1170,47,0,0,0,-13.05117696,1.51502083,-7.752330886,1.745495458,1.494684551,0,1,0,2.7802885,"{""geodesic"":false,""type"":""Point"",""coordinates"":[114.3202767935134,31.087952121760075]}"
1171,24,-0.4533248,0.62427187,1,-14.05071101,1.06247593,-8.10249535,-0.121326293,0.972450202,0,2,0,0,"{""geodesic"":false,""type"":""Point"",""coordinates"":[113.73547354355159,30.38403226512402]}"
1172,62,0,0,0,-13.72127531,1.081470882,-7.523095212,0.944077862,1.24281872,0,1,0,2.8496962,"{""geodesic"":false,""type"":""Point"",""coordinates"":[114.27095928441524,31.101157356436634]}"
1173,40,0,0,0,-17.20638241,0.64817565,-10.78935212,0.11494314,1.026819988,0,1,0,2.1463945,"{""geodesic"":false,""type"":""Point"",""coordinates"":[114.91990224566318,30.98177125517715]}"
1174,28,0,0,0,-18.23052635,0.993694513,-9.788557707,1.118627081,1.293786777,0,1,0,4.6663437,"{""geodesic"":false,""type"":""Point"",""coordinates"":[114.25047769593732,30.211286235987835]}"
1175,34,0,0,0,-15.40892201,-0.500608007,-7.580570203,1.751021487,1.496587621,0,1,0,0.92740995,"{""geodesic"":false,""type"":""Point"",""coordinates"":[114.266108381881,30.12585645246807]}"
1176,23,0,0,0,-20.88363441,1.547798781,-17.51901167,-0.537164058,0.88365674,0,1,0,3.7242756,"{""geodesic"":false,""type"":""Point"",""coordinates"":[114.11007101702944,30.685327211417707]}"
1177,34,0,0,0,-12.99933034,1.166458227,-7.882440097,0.303074199,1.07227806,0,1,0,4.251334,"{""geodesic"":false,""type"":""Point"",""coordinates"":[114.4623004399327,30.358430279526612]}"
1178,42,0,0,0,-15.48289085,1.600525415,-6.265893726,0.133287855,1.031166476,0,1,0,2.3337297,"{""geodesic"":false,""type"":""Point"",""coordinates"":[114.35558058417931,30.04473858231208]}"
1179,22,0,0,0,-18.09360578,-0.061841837,-10.95809485,0.465721599,1.11319734,0,1,0,0.92740995,"{""geodesic"":false,""type"":""Point"",""coordinates"":[114.75955296744785,30.852144359678704]}"
1180,25,0,0,0,-13.58044782,1.270312802,-5.658011995,0.263886794,1.062646165,0,1,0,2.8421912,"{""geodesic"":false,""type"":""Point"",""coordinates"":[114.51242643278657,30.661611687916952]}"
1181,26,0,0,0,-13.87765371,1.049047345,-8.562426885,-0.36319461,0.919772751,0,1,0,2.3505735,"{""geodesic"":false,""type"":""Point"",""coordinates"":[114.70942697459398,30.87639887234993]}"
1182,18,0,0,0,-14.82612483,1.163658965,-7.756023116,0.883249125,1.225532725,0,1,0,3.7047918,"{""geodesic"":false,""type"":""Point"",""coordinates"":[114.19226686552638,30.654065839530347]}"
1183,27,-0.32920873,0.39907193,1,-14.75873656,-0.129101101,-7.327912227,1.049436503,1.273337855,0,2,0,3.3494709,"{""geodesic"":false,""type"":""Point"",""coordinates"":[113.9076805835173,30.292673600729064]}"
1184,63,0,0,0,-14.59730504,0.59496395,-11.08642852,1.126753822,1.296210043,0,1,0,1.4205725,"{""geodesic"":false,""type"":""Point"",""coordinates"":[114.43265603555676,30.495603023411665]}"
1185,50,0,0,0,-14.04552275,0.88087063,-9.341604952,-0.066311518,0.984847186,0,1,0,4.6596975,"{""geodesic"":false,""type"":""Point"",""coordinates"":[114.50380260605903,30.043660603971134]}"
1186,36,-0.53645116,0.8021815,1,-13.59872545,2.241620138,-9.539392221,0.036601541,1.00846343,0,2,0,2.980932,"{""geodesic"":false,""type"":""Point"",""coordinates"":[114.0804266126535,30.547884972947422]}"
1187,62,0,0,0,-16.83023904,1.649128525,-8.982125533,-0.00923212,0.997876484,0,1,0,1.4243791,"{""geodesic"":false,""type"":""Point"",""coordinates"":[114.53183004292356,30.944311507829365]}"
1188,27,0,0,0,-2.968264359,0.057468502,-2.097718254,-0.327513799,0.927360557,0,1,0,2.144198,"{""geodesic"":false,""type"":""Point"",""coordinates"":[114.34264484408799,30.592351579511337]}"
1189,27,0,0,0,-15.07707417,1.175094512,-9.027675158,-0.567441444,0.87751764,0,1,0,2.8449643,"{""geodesic"":false,""type"":""Point"",""coordinates"":[114.7967432202104,30.82519490115512]}"
1190,17,0,0,0,-27.33090845,1.033169616,-17.8184139,0.881430907,1.225019751,0,1,0,1.0792414,"{""geodesic"":false,""type"":""Point"",""coordinates"":[114.47927859880257,30.762941651965633]}"
1191,43,0,0,0,-12.78800263,1.047609354,-6.494320362,1.618366803,1.451565643,0,1,0,2.1414788,"{""geodesic"":false,""type"":""Point"",""coordinates"":[114.5148518840537,30.024526488419387]}"
1192,43,0,0,0,-16.21750671,0.930849844,-8.67202782,-0.775518013,0.836465819,0,1,0,1.8543341,"{""geodesic"":false,""type"":""Point"",""coordinates"":[114.51781632449129,29.97871240892929]}"
1193,27,-0.47302032,0.5560803,1,-14.26643396,-0.181639295,-8.333853246,0.116483742,1.027184303,0,2,0,2.1423023,"{""geodesic"":false,""type"":""Point"",""coordinates"":[114.03757697360099,30.249015477920857]}"
1194,36,-0.37876314,0.2259985,1,-9.708959745,-0.113571172,-3.663372553,0.426787063,1.103262118,0,2,0,1.4206959,"{""geodesic"":false,""type"":""Point"",""coordinates"":[114.06883834548834,30.5101557310144]}"
1195,27,0,0,0,-16.59073708,1.283209148,-9.722873818,-0.529910347,0.885133882,0,1,0,2.3483496,"{""geodesic"":false,""type"":""Point"",""coordinates"":[113.91253148605155,30.768601038255586]}"
1196,27,-0.06438356,0.41726828,1,-13.69705515,-0.625213559,-7.204536214,1.082405491,1.283041043,0,2,0,2.9813392,"{""geodesic"":false,""type"":""Point"",""coordinates"":[113.97640170275245,30.64948443158134]}"
1197,39,0,0,0,-14.19697008,1.906248443,-6.47561959,0.99288357,1.256864203,0,1,0,2.8378763,"{""geodesic"":false,""type"":""Point"",""coordinates"":[114.52078076492889,30.404244359016708]}"
1198,24,0,0,0,-14.12422881,0.476350957,-9.128173939,0.665731217,1.165663296,0,1,0,4.2586174,"{""geodesic"":false,""type"":""Point"",""coordinates"":[114.14106289433155,30.64948443158134]}"
1199,16,0,0,0,-26.61464786,0.55285203,-18.26695181,0.787025587,1.198678067,0,1,0,0,"{""geodesic"":false,""type"":""Point"",""coordinates"":[114.48197354465492,30.69017811395195]}"
1200,21,0,0,0,-14.2152499,2.068299317,-8.183407749,-0.281370099,0.937266274,0,1,0,4.402794,"{""geodesic"":false,""type"":""Point"",""coordinates"":[114.32054628809864,30.66026421499077]}"
1201,27,-0.5030576,0.7477243,1,-19.34754784,0.392007306,-13.02480762,0.659491768,1.163989806,0,2,0,1.4208381,"{""geodesic"":false,""type"":""Point"",""coordinates"":[114.07907913972731,30.52713388988426]}"
1202,22,-0.1146789,0.27415144,1,-15.25350307,0.304418699,-5.986042288,1.337941232,1.360799444,0,2,0,3.230247,"{""geodesic"":false,""type"":""Point"",""coordinates"":[114.0955183094267,30.630889305200064]}"
1203,33,0,0,0,-12.52254355,1.566826005,-8.570604011,-0.546693879,0.881719838,0,1,0,1.080334,"{""geodesic"":false,""type"":""Point"",""coordinates"":[114.49302282264959,30.86022919723578]}"
1204,22,0,0,0,-24.6629354,2.214588237,-20.68578087,-1.132670313,0.770429615,0,1,0,2.9811797,"{""geodesic"":false,""type"":""Point"",""coordinates"":[114.5118874436161,30.60959923296643]}"
1205,65,0,0,0,-13.11574584,0.377131948,-6.76889431,0.555123359,1.136350575,0,1,0,4.2729855,"{""geodesic"":false,""type"":""Point"",""coordinates"":[114.38172155894718,31.210572158042392]}"
1206,27,0,0,0,-5.27498838,0.36770349,0.916790775,1.396846305,1.379382242,0,1,0,1.4205656,"{""geodesic"":false,""type"":""Point"",""coordinates"":[114.3051850967402,30.494794539655956]}"
1207,23,0,0,0,-15.23709923,1.198904859,-10.39432854,-1.093882527,0.777341309,0,1,0,3.2261236,"{""geodesic"":false,""type"":""Point"",""coordinates"":[114.6269616315118,30.506652301406334]}"
1208,22,0,0,0,-15.17308272,0.083306594,-8.998803677,1.088019543,1.284700681,0,1,0,2.341645,"{""geodesic"":false,""type"":""Point"",""coordinates"":[114.57090675778275,30.440087138853077]}"
1209,44,0,0,0,-14.51688364,-0.672516257,-7.815558685,0.212264472,1.050089817,0,1,0,3.8564425,"{""geodesic"":false,""type"":""Point"",""coordinates"":[114.34453130618463,30.273000496006848]}"
1210,19,0,0,0,-19.21451698,-0.356414595,-9.608604657,1.098886789,1.287919382,0,1,0,2.9814968,"{""geodesic"":false,""type"":""Point"",""coordinates"":[114.65849249798441,30.688561146440538]}"
1211,56,0,0,0,-14.41760039,0.827152104,-7.918797908,1.091970079,1.285869833,0,1,0,2.3525903,"{""geodesic"":false,""type"":""Point"",""coordinates"":[114.89187480879866,30.973686417620073]}"
1212,48,-0.5742779,0.82690793,1,-14.1597217,1.55111439,-7.769923043,1.688220428,1.475101969,0,2,0,4.281128,"{""geodesic"":false,""type"":""Point"",""coordinates"":[113.94001993374562,30.476738402445154]}"
1213,22,-0.2776618,0.025225904,1,-11.76119194,2.087143598,-3.738382316,1.676794071,1.471226053,0,2,0,0.92740995,"{""geodesic"":false,""type"":""Point"",""coordinates"":[114.04431433823189,30.45814327606388]}"
1214,62,0,0,0,-16.6921894,1.374650401,-10.0769141,0.389378994,1.093799951,0,1,0,3.3703837,"{""geodesic"":false,""type"":""Point"",""coordinates"":[114.52967408624167,30.94646746451125]}"
1215,44,0,0,0,-15.53210703,0.497214784,-8.317975077,0.410476527,1.099126434,0,1,0,2.98241,"{""geodesic"":false,""type"":""Point"",""coordinates"":[114.93472444785115,30.913858619697713]}"
1216,26,0,0,0,-13.92290585,-0.048541021,-7.044320691,0.976054084,1.252003112,0,1,0,3.5143654,"{""geodesic"":false,""type"":""Point"",""coordinates"":[114.58303401411837,30.550040929629308]}"
1217,23,0,0,0,-18.46187378,2.230484947,-12.17291397,1.430333042,1.390059225,0,1,0,2.348081,"{""geodesic"":false,""type"":""Point"",""coordinates"":[114.40489809327747,30.755665298164267]}"
1218,38,0,0,0,-14.43698821,0.793953212,-9.64515794,-1.05136541,0.784988797,0,1,0,0,"{""geodesic"":false,""type"":""Point"",""coordinates"":[114.60648004303388,30.86723605645191]}"
1219,25,-0.48550725,0.77490497,1,-14.46561453,1.201750262,-5.386470557,1.275947949,1.34151272,0,2,0,0,"{""geodesic"":false,""type"":""Point"",""coordinates"":[113.79233690103636,30.449249954751096]}"
1220,22,0,0,0,-15.47476052,1.397835435,-7.487030074,0.797826598,1.201662919,0,1,0,3.8576546,"{""geodesic"":false,""type"":""Point"",""coordinates"":[114.14833924813293,30.668618547133086]}"
1221,26,-0.35974234,0.3935611,1,-12.07745493,1.14485787,-5.805655127,0.401884175,1.096954003,0,2,0,2.3448725,"{""geodesic"":false,""type"":""Point"",""coordinates"":[114.04215838155,30.598819449557]}"
1222,27,0,0,0,-13.81557299,0.126766075,-6.638725415,1.701148041,1.479499437,0,1,0,1.0799744,"{""geodesic"":false,""type"":""Point"",""coordinates"":[114.80321109025606,30.82842883617795]}"
1223,18,-0.18374436,0.042829894,1,-18.84544851,-0.4068763,-10.05235933,1.219569518,1.32421027,0,2,0,4.296858,"{""geodesic"":false,""type"":""Point"",""coordinates"":[114.19765675723109,30.481319810394165]}"
1224,30,0,0,0,-14.44594386,1.318512476,-9.55332384,-0.722667841,0.846707128,0,1,0,1.4236678,"{""geodesic"":false,""type"":""Point"",""coordinates"":[114.8959172275772,30.861307175576723]}"
1225,36,0,0,0,-13.91349994,2.117604831,-7.077391194,0.129308535,1.03022208,0,1,0,2.8446524,"{""geodesic"":false,""type"":""Point"",""coordinates"":[114.23808094501646,30.80686926935908]}"
1226,66,0,0,0,-14.1712771,0.096631883,-9.424664215,-0.123212814,0.972027873,0,1,0,2.1465862,"{""geodesic"":false,""type"":""Point"",""coordinates"":[114.29494430250124,31.015188583746397]}"
1227,53,0,0,0,-15.88159728,1.038086994,-10.23520571,1.687486546,1.474852724,0,1,0,2.1692605,"{""geodesic"":false,""type"":""Point"",""coordinates"":[114.31111397761539,31.272016923476166]}"
1228,39,0,0,0,-14.20675625,0.733724305,-3.910064661,0.625563908,1.154931937,0,1,0,4.400616,"{""geodesic"":false,""type"":""Point"",""coordinates"":[114.45879701032463,30.609868727551667]}"
1229,20,0,0,0,-13.19136764,1.96202992,-8.796252623,-0.902217556,0.812415582,0,1,0,3.5181692,"{""geodesic"":false,""type"":""Point"",""coordinates"":[114.40597607161841,30.828967825348418]}"
1230,20,0,0,0,-15.18176874,1.306902393,-6.992576539,1.374382573,1.372265855,0,1,0,1.8543341,"{""geodesic"":false,""type"":""Point"",""coordinates"":[114.03784646818623,30.65676078538271]}"
1231,21,0,0,0,-11.94407336,0.908028739,-9.394698521,-1.126393594,0.771543898,0,1,0,0.92740995,"{""geodesic"":false,""type"":""Point"",""coordinates"":[114.75335459198743,30.770756994937475]}"
1232,41,0,0,0,-11.72385194,2.175491934,-5.848133602,0.896291242,1.229218603,0,1,0,3.521367,"{""geodesic"":false,""type"":""Point"",""coordinates"":[114.35072968164506,31.05992468489555]}"
1233,46,0,0,0,-13.52386444,-0.016507294,-6.637600688,-0.731884235,0.844912191,0,1,0,2.8356016,"{""geodesic"":false,""type"":""Point"",""coordinates"":[114.2669168656367,30.26707161513166]}"
1234,43,0,0,0,-16.58263474,0.762797084,-10.2399156,0.470339475,1.114381638,0,1,0,4.2851095,"{""geodesic"":false,""type"":""Point"",""coordinates"":[114.21355693776,30.833818727882665]}"
1235,36,-0.48775056,0.6286079,1,-16.4219353,0.275690169,-8.5367398,0.45379938,1.11014559,0,2,0,2.1439118,"{""geodesic"":false,""type"":""Point"",""coordinates"":[114.08285206392061,30.54087811373129]}"
1236,21,0,0,0,-15.37328346,1.576008372,-8.210544026,1.208539701,1.320851428,0,1,0,0.92740995,"{""geodesic"":false,""type"":""Point"",""coordinates"":[114.20035170308346,30.682093276394877]}"
1237,79,0,0,0,-16.36160745,1.884114622,-12.01170565,0.37314528,1.089719012,0,1,0,2.9824338,"{""geodesic"":false,""type"":""Point"",""coordinates"":[115.00748798586484,30.9197875005729]}"
1238,21,0,0,0,-10.65561926,0.238474595,-5.978982726,-0.35922553,0.920613729,0,1,0,0,"{""geodesic"":false,""type"":""Point"",""coordinates"":[114.48736343635963,30.64274706695044]}"
1239,23,0,0,0,-18.88262476,2.019573774,-12.22593943,1.492804925,1.410199293,0,1,0,1.4226857,"{""geodesic"":false,""type"":""Point"",""coordinates"":[114.7080795016678,30.74623298768101]}"
1240,28,0,0,0,-13.66037457,2.013040656,-9.837726644,1.150731161,1.303386193,0,1,0,3.5185053,"{""geodesic"":false,""type"":""Point"",""coordinates"":[114.57306271446464,30.853222338019645]}"
1241,46,0,0,0,-29.61933259,-0.278271399,-22.99105045,0.763157245,1.192108335,0,1,0,0,"{""geodesic"":false,""type"":""Point"",""coordinates"":[114.4833210175811,31.073938403327812]}"
1242,35,0,0,0,-13.17204274,1.022001464,-7.064595659,-0.480504391,0.895260784,0,1,0,1.0796559,"{""geodesic"":false,""type"":""Point"",""coordinates"":[114.87624412285497,30.799862410142946]}"
1243,31,0,0,0,-14.84049854,-0.077011473,-8.261303213,1.426978765,1.388986026,0,1,0,2.3510106,"{""geodesic"":false,""type"":""Point"",""coordinates"":[114.64744321998974,30.897419449998328]}"
1244,35,0,0,0,-11.78413825,0.527413618,-6.223096788,1.503188084,1.413574846,0,1,0,2.334187,"{""geodesic"":false,""type"":""Point"",""coordinates"":[114.35558058417931,30.067645622057125]}"
1245,42,0,0,0,-14.35260509,1.004141044,-7.069496308,-1.051181524,0.785022036,0,1,0,2.9798164,"{""geodesic"":false,""type"":""Point"",""coordinates"":[114.22460621575468,30.265993636790714]}"
1246,27,0,0,0,-16.55295617,1.837614596,-9.811936335,0.606945466,1.149991278,0,1,0,2.1458714,"{""geodesic"":false,""type"":""Point"",""coordinates"":[114.76548184832303,30.889604107026486]}"
1247,16,0,0,0,-13.06476955,0.600931702,-10.22238186,1.374801219,1.372398143,0,1,0,2.8439634,"{""geodesic"":false,""type"":""Point"",""coordinates"":[114.41352192000501,30.7664450815737]}"
1248,29,0,0,0,-17.30166034,-0.669095436,-13.60702089,0.320137504,1.076499297,0,1,0,2.9804566,"{""geodesic"":false,""type"":""Point"",""coordinates"":[114.44074087311384,30.4282293771027]}"
1249,70,0,0,0,-14.33301556,1.810080762,-10.61679192,1.047473912,1.272762559,0,1,0,3.5227325,"{""geodesic"":false,""type"":""Point"",""coordinates"":[114.323241233951,31.157751219336163]}"
1250,20,-0.124596514,0.6082759,1,-17.33144916,1.480873019,-10.59334588,-0.060830879,0.986090812,0,2,0,2.1436636,"{""geodesic"":false,""type"":""Point"",""coordinates"":[114.06560441046553,30.496142012582137]}"
1251,28,0,0,0,-12.13203055,1.01476848,-8.847220545,-0.891855229,0.814356331,0,1,0,0,"{""geodesic"":false,""type"":""Point"",""coordinates"":[114.81803329244403,30.89661096624262]}"
1252,25,-0.40263632,0.57966614,1,-16.3843479,0.595948835,-8.942993748,-1.028852977,0.789068492,0,2,0,1.0744547,"{""geodesic"":false,""type"":""Point"",""coordinates"":[114.02625820102108,30.331480821003026]}"
1253,38,0,0,0,-15.21855201,-0.379993655,-6.121480478,1.564988454,1.433833904,0,1,0,2.353319,"{""geodesic"":false,""type"":""Point"",""coordinates"":[114.36474340007732,31.008720713700736]}"
1254,53,0,0,0,-12.98394881,2.233660158,-9.427877762,1.714949864,1.484208746,0,1,0,2.3529255,"{""geodesic"":false,""type"":""Point"",""coordinates"":[114.2165213781976,30.989856092734225]}"
1255,25,-0.5388173,0.8335287,1,-11.44180845,1.935269921,-7.54393508,-0.702738108,0.850601588,0,2,0,1.4207169,"{""geodesic"":false,""type"":""Point"",""coordinates"":[114.22137228073184,30.51285067686676]}"
1256,47,0,0,0,-12.9882677,1.426888289,-7.799704902,-0.526529372,0.885823225,0,1,0,2.142295,"{""geodesic"":false,""type"":""Point"",""coordinates"":[114.34614827369604,30.06225573035241]}"
1257,102,0,0,0,-15.306822,1.191144724,-9.850704627,-0.009541123,0.997805487,0,1,0,3.7047918,"{""geodesic"":false,""type"":""Point"",""coordinates"":[114.2631439414434,31.31729201379579]}"
1258,24,-0.50592035,0.8050708,1,-12.02638212,1.837550442,-9.507177738,-0.651526156,0.860691243,0,2,0,2.8380196,"{""geodesic"":false,""type"":""Point"",""coordinates"":[113.87507173870377,30.412868185744255]}"
1259,42,-0.573811,0.8310256,1,-13.61056798,1.885854662,-11.67288306,0.724833782,1.181635087,0,2,0,1.4205725,"{""geodesic"":false,""type"":""Point"",""coordinates"":[113.90956704561395,30.495603023411665]}"
1260,46,0,0,0,-25.64173418,1.257505422,-21.05765401,-0.359356176,0.920586035,0,1,0,0,"{""geodesic"":false,""type"":""Point"",""coordinates"":[114.4833210175811,31.104930280629937]}"
1261,24,-0.3681095,0.689258,1,-13.45402372,1.522596274,-9.360070759,0.048905527,1.011324556,0,2,0,2.1419477,"{""geodesic"":false,""type"":""Point"",""coordinates"":[114.16935982578133,30.183797788293777]}"
1262,18,0,0,0,-16.2834839,1.762791026,-10.39775378,1.110050376,1.291234251,0,1,0,0,"{""geodesic"":false,""type"":""Point"",""coordinates"":[114.69083184821271,30.720361507498367]}"
1263,30,-0.17402408,0.37028682,1,-14.95090473,0.288017123,-11.72383702,-1.213623998,0.756201614,0,2,0,3.3520195,"{""geodesic"":false,""type"":""Point"",""coordinates"":[114.06883834548834,30.37352197629982]}"
1264,56,0,0,0,-16.84406692,0.782983614,-10.58926111,1.656174382,1.464257436,0,1,0,4.4192367,"{""geodesic"":false,""type"":""Point"",""coordinates"":[114.47442769626832,31.035939666809558]}"
1265,26,0,0,0,-13.95883321,2.072343568,-10.18557331,-1.089711157,0.778088299,0,1,0,1.0791044,"{""geodesic"":false,""type"":""Point"",""coordinates"":[113.92088581819387,30.75081439563002]}"
1266,36,0,0,0,-15.90439791,1.352758377,-8.257224526,1.57651939,1.437645929,0,1,0,2.3374307,"{""geodesic"":false,""type"":""Point"",""coordinates"":[114.294674807916,30.230420351539582]}"
1267,28,0,0,0,-16.80107618,-0.548257353,-9.505203518,-0.965563457,0.800651745,0,1,0,1.4176252,"{""geodesic"":false,""type"":""Point"",""coordinates"":[114.25371163096015,30.14013966548557]}"
1268,19,0,0,0,-17.52589979,1.780089408,-10.86629225,1.659664471,1.465434619,0,1,0,0,"{""geodesic"":false,""type"":""Point"",""coordinates"":[114.69217932113888,30.719553023742662]}"
1269,32,0,0,0,-12.46127771,1.756104073,-8.730810687,0.431102952,1.104359052,0,1,0,0.92740995,"{""geodesic"":false,""type"":""Point"",""coordinates"":[114.29144087289316,30.955360785824034]}"
1270,26,-0.36162475,0.3437594,1,-16.06086028,-0.23277539,-8.27050624,0.595066242,1.146850014,0,2,0,2.7802885,"{""geodesic"":false,""type"":""Point"",""coordinates"":[113.99014592659948,30.652987861189406]}"
1271,22,0,0,0,-16.26635829,1.532800537,-10.0575474,1.524164475,1.420418917,0,1,0,2.7802885,"{""geodesic"":false,""type"":""Point"",""coordinates"":[114.3623179488102,30.792586056341577]}"
1272,24,-0.4303698,0.61413425,1,-16.40148688,0.526722499,-8.795988257,0.947302557,1.243741872,0,2,0,4.9087996,"{""geodesic"":false,""type"":""Point"",""coordinates"":[113.99580531288943,30.604209341261715]}"
1273,40,-0.68146026,0.906242,1,-14.363609,0.368569308,-8.733120776,-0.638706814,0.863235553,0,2,0,1.4201984,"{""geodesic"":false,""type"":""Point"",""coordinates"":[114.05805856207891,30.450866922262513]}"
1274,41,0,0,0,-15.60100922,2.237230929,-9.248168353,-0.638844544,0.863208177,0,1,0,4.6917987,"{""geodesic"":false,""type"":""Point"",""coordinates"":[114.43858491643195,30.840825587098795]}"
1275,26,0,0,0,-14.4372745,0.292304198,-8.34677112,-0.312206476,0.930634937,0,1,0,4.278686,"{""geodesic"":false,""type"":""Point"",""coordinates"":[114.3946572990385,30.2538663804551]}"
1276,30,-0.5122388,0.6960685,1,-13.35830408,2.131243742,-7.075861765,0.462294882,1.11231934,0,2,0,2.8340275,"{""geodesic"":false,""type"":""Point"",""coordinates"":[114.18660747923641,30.17140103737293]}"
1277,28,0,0,0,-0.710753084,1.067213099,2.167902678,1.224895137,1.325835104,0,1,0,3.228556,"{""geodesic"":false,""type"":""Point"",""coordinates"":[114.31111397761539,30.579954828590488]}"
1278,21,0,0,0,-15.41939333,-0.235872542,-7.391442167,1.154642247,1.3045605,0,1,0,0,"{""geodesic"":false,""type"":""Point"",""coordinates"":[114.01871235263448,30.74569399851054]}"
1279,41,0,0,0,-15.64213802,0.344190749,-9.989219525,-0.556419298,0.879747558,0,1,0,2.1467075,"{""geodesic"":false,""type"":""Point"",""coordinates"":[114.22918762370368,30.265185153035006]}"
1280,43,0,0,0,-15.02596086,-0.219042865,-6.178500094,0.479526989,1.116741612,0,1,0,2.1610143,"{""geodesic"":false,""type"":""Point"",""coordinates"":[114.65337210086493,30.909816200919177]}"
1281,20,0,0,0,-17.28115961,0.507383535,-9.356009123,1.598311348,1.444877855,0,1,0,1.4229833,"{""geodesic"":false,""type"":""Point"",""coordinates"":[114.83043004336488,30.780997789176435]}"
1282,24,0,0,0,-14.85895405,0.80370137,-7.517658656,0.737069401,1.184968867,0,1,0,0,"{""geodesic"":false,""type"":""Point"",""coordinates"":[114.27203726275619,30.758360244016625]}"
1283,57,0,0,0,-12.35759241,-0.717302793,-8.488941147,1.464336443,1.400985513,0,1,0,3.7315443,"{""geodesic"":false,""type"":""Point"",""coordinates"":[114.58384249787407,30.934609702760874]}"
1284,42,0,0,0,-7.775698914,0.933774661,-2.176472921,-0.112840069,0.974352252,0,1,0,1.4217358,"{""geodesic"":false,""type"":""Point"",""coordinates"":[114.44208834604001,30.63385374563766]}"
1285,52,0,0,0,-17.46379399,-0.220216767,-12.3001345,-0.513381436,0.888509051,0,1,0,0.92740995,"{""geodesic"":false,""type"":""Point"",""coordinates"":[114.58465098162978,30.941077572806535]}"
1286,29,0,0,0,-12.52619393,-0.184196301,-6.880383786,-0.657755838,0.859457521,0,1,0,2.7802885,"{""geodesic"":false,""type"":""Point"",""coordinates"":[114.69783870742884,30.86858352937809]}"
1287,16,0,0,0,-27.76883628,1.212779237,-22.23002405,0.692267227,1.172807468,0,1,0,0,"{""geodesic"":false,""type"":""Point"",""coordinates"":[114.461491956177,30.108069809842505]}"
1288,22,-0.24548934,0.2079314,1,-17.88350243,-0.213072483,-11.6654146,0.012701088,1.002928814,0,2,0,2.337581,"{""geodesic"":false,""type"":""Point"",""coordinates"":[114.0850080206025,30.237966199926184]}"
1289,26,0,0,0,-14.4097367,-0.477302093,-7.762109853,-0.144093112,0.96736571,0,1,0,2.1454155,"{""geodesic"":false,""type"":""Point"",""coordinates"":[114.80213311191511,30.809294720626202]}"
1290,34,0,0,0,-15.59846,-0.235415321,-8.693888915,-0.046899617,0.989259064,0,1,0,2.141383,"{""geodesic"":false,""type"":""Point"",""coordinates"":[114.42996108970439,30.01994508047038]}"
1291,49,0,0,0,-15.60029423,0.014187258,-10.10000528,0.082850652,1.019260197,0,1,0,0.92740995,"{""geodesic"":false,""type"":""Point"",""coordinates"":[114.4984127143543,30.896880460827855]}"
1292,67,0,0,0,-14.63806235,1.329127527,-9.234890312,-0.966955413,0.800395169,0,1,0,2.850037,"{""geodesic"":false,""type"":""Point"",""coordinates"":[114.3946572990385,31.120830461158853]}"
1293,42,0,0,0,-15.89605758,0.467594469,-10.50082262,-0.450225696,0.901524286,0,1,0,0.92740995,"{""geodesic"":false,""type"":""Point"",""coordinates"":[114.37525368890152,31.157212230165694]}"
1294,42,0,0,0,-14.48923602,1.871088404,-8.98760826,0.267331557,1.063489376,0,1,0,2.3513906,"{""geodesic"":false,""type"":""Point"",""coordinates"":[114.83447246214342,30.915745081794366]}"
1295,25,0,0,0,-22.25513683,0.834646452,-16.53289901,0.819163198,1.207581135,0,1,0,2.143244,"{""geodesic"":false,""type"":""Point"",""coordinates"":[114.50541957357044,30.42041403413086]}"
1296,36,0,0,0,-14.97808986,-0.418594662,-6.288464207,0.888441561,1.226998851,0,1,0,2.9816983,"{""geodesic"":false,""type"":""Point"",""coordinates"":[114.12058130585363,30.738687139294406]}"
1297,33,0,0,0,-15.25548616,0.529385667,-7.970219658,-0.768163936,0.837883439,0,1,0,3.8574414,"{""geodesic"":false,""type"":""Point"",""coordinates"":[114.32431921229194,30.599627933312703]}"
1298,57,0,0,0,-15.02597733,1.006523587,-7.270532645,0.416773411,1.100721225,0,1,0,1.4242529,"{""geodesic"":false,""type"":""Point"",""coordinates"":[114.49167534972341,30.92975880022663]}"
1299,23,0,0,0,-16.18282534,0.229524567,-8.670704818,-0.47719951,0.895942316,0,1,0,1.0796559,"{""geodesic"":false,""type"":""Point"",""coordinates"":[114.84120982677432,30.800131904728183]}"
1300,34,0,0,0,-12.99388076,0.449076959,-3.025629989,-0.150662167,0.965903597,0,1,0,3.7135108,"{""geodesic"":false,""type"":""Point"",""coordinates"":[114.27877462738708,30.309651759598925]}"
1301,24,0,0,0,-15.1203432,1.832425007,-9.402264477,1.228303232,1.326875952,0,1,0,1.4239125,"{""geodesic"":false,""type"":""Point"",""coordinates"":[114.75739701076597,30.889873601611722]}"
1302,25,0,0,0,-14.60285487,1.328108624,-9.382783595,0.977446212,1.252404505,0,1,0,1.8543341,"{""geodesic"":false,""type"":""Point"",""coordinates"":[114.76655982666398,30.80040139931342]}"
1303,31,0,0,0,-13.81808128,0.772743613,-4.832199766,-0.839916622,0.824153937,0,1,0,4.255476,"{""geodesic"":false,""type"":""Point"",""coordinates"":[114.30572408591067,30.5244389440319]}"
1304,28,0,0,0,-15.23053763,1.381739089,-9.14416429,-0.838342411,0.824452727,0,1,0,2.3501484,"{""geodesic"":false,""type"":""Point"",""coordinates"":[114.74149683023705,30.855917283872003]}"
1305,43,0,0,0,-16.01408536,0.376752516,-9.771907816,-0.742630316,0.842824144,0,1,0,3.2408707,"{""geodesic"":false,""type"":""Point"",""coordinates"":[114.90588852723091,30.94727594826696]}"
1306,26,0,0,0,-15.31415909,0.272065624,-7.254913322,-1.154484583,0.766569511,0,1,0,1.4221889,"{""geodesic"":false,""type"":""Point"",""coordinates"":[114.3766011618277,30.687483168099593]}"
1307,19,0,0,0,-28.85959313,1.263041518,-22.21058999,-0.363766386,0.919651665,0,1,0,2.9818366,"{""geodesic"":false,""type"":""Point"",""coordinates"":[114.18687697382165,30.77291295161936]}"
1308,23,0,0,0,-16.01416258,0.944860277,-8.384739115,1.453270853,1.397420421,0,1,0,2.1425579,"{""geodesic"":false,""type"":""Point"",""coordinates"":[114.57791361699888,30.295638041166658]}"
1309,30,0,0,0,-24.67992557,0.472588182,-21.10617627,-0.246892784,0.944736559,0,1,0,2.142391,"{""geodesic"":false,""type"":""Point"",""coordinates"":[114.41756433878355,30.06656764371618]}"
1310,29,0,0,0,-14.02076087,1.214486369,-8.507239706,0.681987968,1.170034848,0,1,0,2.8445673,"{""geodesic"":false,""type"":""Point"",""coordinates"":[114.65741451964347,30.802018366824832]}"
1311,21,0,0,0,-19.38138113,0.956451308,-12.28977238,1.547373024,1.428029905,0,1,0,2.844421,"{""geodesic"":false,""type"":""Point"",""coordinates"":[114.52266722702554,30.793394540097285]}"
1312,28,0,0,0,-14.43907038,1.892212946,-8.60452457,0.660987795,1.164390838,0,1,0,2.1571891,"{""geodesic"":false,""type"":""Point"",""coordinates"":[114.55608455559478,30.739495623050114]}"
1313,29,-0.44371986,0.6194753,1,-14.76999714,-0.550096847,-6.130534534,1.035921635,1.269381497,0,2,0,2.3391523,"{""geodesic"":false,""type"":""Point"",""coordinates"":[114.16504791241755,30.31638912422982]}"
1314,26,-0.38453528,0.33021563,1,-12.99627973,-0.314954371,-4.727885312,1.197429324,1.317476667,0,2,0,2.8371747,"{""geodesic"":false,""type"":""Point"",""coordinates"":[114.08366054767632,30.36193370913468]}"
1315,31,0,0,0,-15.96077744,0.550782919,-8.410877081,1.648372075,1.46162919,0,1,0,1.4182082,"{""geodesic"":false,""type"":""Point"",""coordinates"":[114.32458870687718,30.2110167414026]}"
1316,28,-0.3832005,0.47462353,1,-13.28355673,-0.382468909,-6.855720064,-0.029958199,0.993125607,0,2,0,2.8397448,"{""geodesic"":false,""type"":""Point"",""coordinates"":[114.10495061990996,30.51608461188959]}"
1317,29,0,0,0,-14.14276669,1.919508623,-6.113307793,0.430791819,1.104279937,0,1,0,3.3613396,"{""geodesic"":false,""type"":""Point"",""coordinates"":[114.4690378045636,30.666462590451196]}"
1318,30,0,0,0,-12.31166069,0.480232034,-7.189597217,-0.5565016,0.879730887,0,1,0,2.351264,"{""geodesic"":false,""type"":""Point"",""coordinates"":[114.67843509729185,30.909816200919177]}"
1319,43,0,0,0,-13.26355577,-0.658116854,-6.037012563,-0.006314402,0.998547112,0,1,0,3.730673,"{""geodesic"":false,""type"":""Point"",""coordinates"":[114.42052877922114,30.90496529838493]}"
1320,39,-0.5688659,0.8665198,1,-14.64041511,-0.323720825,-9.244716549,-0.428109056,0.906127048,0,2,0,3.720118,"{""geodesic"":false,""type"":""Point"",""coordinates"":[113.8850430383575,30.541147608316525]}"
1321,30,0,0,0,-12.27680643,-0.403950149,-5.566153832,0.694201585,1.173329956,0,1,0,1.0776776,"{""geodesic"":false,""type"":""Point"",""coordinates"":[114.30464610756972,30.623073962228226]}"
1322,22,0,0,0,-16.56590842,0.657678235,-9.168632545,-0.770149924,0.83750037,0,1,0,1.4224336,"{""geodesic"":false,""type"":""Point"",""coordinates"":[114.40193365283987,30.716319088719832]}"
1323,28,0,0,0,-16.92480592,-0.453304342,-8.787780329,1.65648354,1.464361675,0,1,0,3.3508096,"{""geodesic"":false,""type"":""Point"",""coordinates"":[114.44478329189236,30.33525374519633]}"
1324,22,-0.3587353,0.62738645,1,-16.46544448,0.168694554,-10.29204986,0.065953864,1.015302338,0,2,0,2.1460226,"{""geodesic"":false,""type"":""Point"",""coordinates"":[114.127857659655,30.23392378114765]}"
1325,26,0,0,0,-14.16975001,1.957894236,-7.09052921,-0.86015412,0.820322433,0,1,0,2.3488185,"{""geodesic"":false,""type"":""Point"",""coordinates"":[114.58734592748213,30.791508078000636]}"
1326,21,0,0,0,-14.22473757,1.558804794,-7.339446152,0.830911439,1.210852224,0,1,0,2.1451178,"{""geodesic"":false,""type"":""Point"",""coordinates"":[114.79135332850568,30.756473781919972]}"
1327,31,-0.62739176,0.83182406,1,-13.72550676,1.3361317,-7.403000014,-0.955569487,0.802496323,0,2,0,1.0765088,"{""geodesic"":false,""type"":""Point"",""coordinates"":[114.04862625159566,30.517701579401006]}"
1328,65,0,0,0,-18.34360368,-0.747366209,-12.15398415,-0.86031373,0.820292285,0,1,0,1.8543341,"{""geodesic"":false,""type"":""Point"",""coordinates"":[114.49275332806435,30.930297789397102]}"
1329,28,0,0,0,-10.43479453,-0.159563665,-5.689603935,-0.057789241,0.986781675,0,1,0,2.8455703,"{""geodesic"":false,""type"":""Point"",""coordinates"":[114.50191614396238,30.86076818640625]}"
1330,24,0,0,0,-14.58282137,0.184698431,-5.62128497,1.622221442,1.452854571,0,1,0,0,"{""geodesic"":false,""type"":""Point"",""coordinates"":[113.9489132550584,30.726559882958792]}"
1331,23,0,0,0,-17.46513899,-0.455776888,-9.748345817,-0.447818369,0.902024146,0,1,0,2.1434636,"{""geodesic"":false,""type"":""Point"",""coordinates"":[114.31111397761539,30.460029738160532]}"
1332,27,0,0,0,-15.20468864,0.247596827,-10.37799388,-0.480796474,0.895200575,0,1,0,2.979282,"{""geodesic"":false,""type"":""Point"",""coordinates"":[114.35315513291218,30.129359882076134]}"
1333,25,0,0,0,-23.58315505,0.649606965,-13.45674828,-0.821826866,0.827593962,0,1,0,4.283186,"{""geodesic"":false,""type"":""Point"",""coordinates"":[114.05105170286278,30.662150677087425]}"
1334,20,0,0,0,-26.84100359,0.805747836,-14.82849026,0.026727611,1.006173236,0,1,0,3.7244525,"{""geodesic"":false,""type"":""Point"",""coordinates"":[114.14294935642822,30.691525586878132]}"
1335,48,0,0,0,-13.83724237,1.839729503,-8.977596736,-0.628492972,0.86526812,0,1,0,4.2647805,"{""geodesic"":false,""type"":""Point"",""coordinates"":[114.44586127023331,30.892299052878844]}"
1336,42,0,0,0,-15.33052038,0.901427035,-7.698991514,0.611807414,1.15127942,0,1,0,2.1455944,"{""geodesic"":false,""type"":""Point"",""coordinates"":[114.60674953761912,30.840825587098795]}"
1337,22,0,0,0,-15.71812943,0.346098245,-10.48410459,-0.727936852,0.845680496,0,1,0,2.1450603,"{""geodesic"":false,""type"":""Point"",""coordinates"":[114.47496668543879,30.189726669168966]}"
1338,17,0,0,0,-21.7792045,1.152420963,-12.4651178,0.617446203,1.152775188,0,1,0,0,"{""geodesic"":false,""type"":""Point"",""coordinates"":[114.75065964613506,30.643016561535678]}"
1339,24,0,0,0,-14.44230665,1.703460636,-8.039657304,0.669372516,1.166641045,0,1,0,1.0800118,"{""geodesic"":false,""type"":""Point"",""coordinates"":[114.36770784051491,30.83166277120078]}"
1340,26,-0.35560858,0.3540517,1,-16.16298772,-0.290240101,-9.490335052,-1.079469192,0.779925429,0,2,0,2.8364239,"{""geodesic"":false,""type"":""Point"",""coordinates"":[113.92627570989858,30.316658618815055]}"
1341,22,-0.19500446,0.08126573,1,-11.60694217,-0.69673665,-7.467066484,-0.164541486,0.962821659,0,2,0,2.1428263,"{""geodesic"":false,""type"":""Point"",""coordinates"":[113.91765188317103,30.34441656109435]}"
1342,23,0,0,0,-10.84150225,0.584447239,-7.207450512,0.009047827,1.002085511,0,1,0,2.9815044,"{""geodesic"":false,""type"":""Point"",""coordinates"":[114.17205477163368,30.690447608537188]}"
1343,23,0,0,0,-13.3043122,2.216874486,-7.53378816,0.318595011,1.076117022,0,1,0,3.2202096,"{""geodesic"":false,""type"":""Point"",""coordinates"":[114.51835531366176,30.327168907639255]}"
1344,25,0,0,0,-15.10978756,0.616104819,-7.411629436,0.146294341,1.034259298,0,1,0,3.7047918,"{""geodesic"":false,""type"":""Point"",""coordinates"":[114.59219683001639,30.32501295095737]}"
1345,35,0,0,0,-11.25315394,1.013960672,-8.305267235,0.291558614,1.069438615,0,1,0,2.334005,"{""geodesic"":false,""type"":""Point"",""coordinates"":[114.31246145054156,30.058482806159105]}"
1346,24,0,0,0,-15.22351837,0.220131093,-1.391451387,1.578401708,1.438269168,0,1,0,0,"{""geodesic"":false,""type"":""Point"",""coordinates"":[114.04916524076613,30.771834973278416]}"
1347,22,0,0,0,-16.79601239,1.558520429,-10.19410153,0.392459887,1.09457617,0,1,0,3.5160892,"{""geodesic"":false,""type"":""Point"",""coordinates"":[114.01979033097543,30.676972879275397]}"
1348,33,0,0,0,-15.26115314,-0.468029711,-7.076986749,1.52845838,1.421823991,0,1,0,2.8449597,"{""geodesic"":false,""type"":""Point"",""coordinates"":[114.88271199290064,30.824925406569882]}"
1349,25,0,0,0,-13.81690488,-0.174235037,-7.167976376,0.107554223,1.025074482,0,1,0,0,"{""geodesic"":false,""type"":""Point"",""coordinates"":[114.36070098129878,30.683710243906294]}"
1350,23,-0.5711061,0.557394,1,-13.84016822,-0.493088542,-8.460340751,1.491245011,1.409692863,0,2,0,0,"{""geodesic"":false,""type"":""Point"",""coordinates"":[113.76511794792754,30.292673600729064]}"
1351,25,0,0,0,-10.72118177,0.819574378,-6.236652104,0.841921312,1.21392577,0,1,0,2.7802885,"{""geodesic"":false,""type"":""Point"",""coordinates"":[114.48466849050727,30.66188118250219]}"
1352,37,0,0,0,-14.4479668,1.50709391,-9.83471379,0.952784863,1.245312898,0,1,0,2.1455772,"{""geodesic"":false,""type"":""Point"",""coordinates"":[114.44397480813666,30.8378611466612]}"
1353,30,0,0,0,-13.47665026,0.180767736,-8.630376632,1.453133203,1.39737613,0,1,0,2.7802885,"{""geodesic"":false,""type"":""Point"",""coordinates"":[114.45960549408035,30.51150320394058]}"
1354,18,-0.47372344,0.7584661,1,-14.63029651,0.056964034,-6.832667155,-0.678703505,0.855322013,0,2,0,2.336681,"{""geodesic"":false,""type"":""Point"",""coordinates"":[114.14645278603628,30.192960604191796]}"
1355,24,0,0,0,-15.95320396,0.373121671,-11.35229637,-0.91944961,0.809198444,0,1,0,2.1454139,"{""geodesic"":false,""type"":""Point"",""coordinates"":[114.351807659986,30.80875573145573]}"
1356,37,0,0,0,-13.45700684,-0.311757886,-8.704601527,-0.826322795,0.826737658,0,1,0,0.92740995,"{""geodesic"":false,""type"":""Point"",""coordinates"":[114.23888942877218,30.18164183161189]}"
1357,21,0,0,0,-17.83827582,1.484638232,-13.22943088,1.139817551,1.300114958,0,1,0,0.92740995,"{""geodesic"":false,""type"":""Point"",""coordinates"":[114.74850368945319,30.792047067171108]}"
1358,38,0,0,0,-16.63671348,1.764027465,-7.316744115,0.106852989,1.024908981,0,1,0,2.3492308,"{""geodesic"":false,""type"":""Point"",""coordinates"":[114.87327968241738,30.811450677308088]}"
1359,24,-0.1352133,0.11204188,1,-23.676758,0.465404915,-17.24945508,0.464708146,1.112937599,0,2,0,3.5151637,"{""geodesic"":false,""type"":""Point"",""coordinates"":[113.95915404929735,30.608790749210723]}"
1360,30,-0.53103447,0.68263006,1,-14.8863872,0.453111151,-7.737986136,1.695073352,1.477431435,0,2,0,2.3429282,"{""geodesic"":false,""type"":""Point"",""coordinates"":[113.83087462672509,30.503418366383503]}"
1361,21,0,0,0,-16.52337332,0.855485682,-8.355606806,-0.712599915,0.848672263,0,1,0,3.3605828,"{""geodesic"":false,""type"":""Point"",""coordinates"":[114.8298910541944,30.64274706695044]}"
1362,40,0,0,0,-16.14880332,1.601529827,-8.114422244,0.809552864,1.20491188,0,1,0,0,"{""geodesic"":false,""type"":""Point"",""coordinates"":[114.61699033185808,30.908738222578233]}"
1363,25,0,0,0,-14.60216157,2.24056327,-10.55811883,1.631793216,1.456060169,0,1,0,3.5152955,"{""geodesic"":false,""type"":""Point"",""coordinates"":[114.40435910410699,30.618492554279214]}"
1364,57,0,0,0,-12.75297074,1.384869961,-8.34100694,-0.740584105,0.843221341,0,1,0,3.7345586,"{""geodesic"":false,""type"":""Point"",""coordinates"":[114.37687065641293,31.037287139735735]}"
1365,49,0,0,0,-23.46587744,2.175065194,-21.99996083,-0.667251142,0.857580477,0,1,0,3.2460515,"{""geodesic"":false,""type"":""Point"",""coordinates"":[114.48655495260392,31.099809883510456]}"
1366,23,0,0,0,-12.84528756,0.64784575,-6.310968829,-0.352470027,0.922046869,0,1,0,0.92740995,"{""geodesic"":false,""type"":""Point"",""coordinates"":[114.50299412230332,30.633584251052422]}"
1367,19,0,0,0,-14.85928936,0.193255884,-7.958105045,0.839228762,1.213173391,0,1,0,2.3476017,"{""geodesic"":false,""type"":""Point"",""coordinates"":[114.53263852667926,30.732219269248745]}"
1368,34,0,0,0,-16.03320647,-0.090784809,-9.47905256,-0.816249156,0.828657536,0,1,0,2.145747,"{""geodesic"":false,""type"":""Point"",""coordinates"":[114.57548816573176,30.867775045622384]}"
1369,62,0,0,0,-13.47049428,0.287405776,-7.643421278,1.437221041,1.392265636,0,1,0,4.6273675,"{""geodesic"":false,""type"":""Point"",""coordinates"":[114.32836163107048,31.107086237311822]}"
1370,29,-0.45885286,0.544212,1,-15.14938938,1.660196263,-9.960260641,0.683149376,1.170347785,0,2,0,2.1510675,"{""geodesic"":false,""type"":""Point"",""coordinates"":[113.99337986162232,30.463802662353835]}"
1371,40,0,0,0,-11.83119589,0.180430467,-7.400871302,0.141067221,1.033015224,0,1,0,2.8337493,"{""geodesic"":false,""type"":""Point"",""coordinates"":[114.5051500789852,30.15442287850307]}"
1372,51,0,0,0,-17.2652017,-0.678290454,-11.03625863,-0.648283188,0.861334179,0,1,0,2.8465338,"{""geodesic"":false,""type"":""Point"",""coordinates"":[114.54260982633299,30.917092554720544]}"
1373,19,0,0,0,-24.13647915,1.031012432,-19.66538485,1.411666818,1.384097492,0,1,0,3.366438,"{""geodesic"":false,""type"":""Point"",""coordinates"":[114.3863029668962,30.824655911984646]}"
1374,29,0,0,0,-12.01009096,0.871115565,-7.707841957,0.85020668,1.21624388,0,1,0,1.42134,"{""geodesic"":false,""type"":""Point"",""coordinates"":[114.66549935720053,30.58696168780662]}"
1375,33,0,0,0,-14.95132058,1.441619032,-9.497124234,-0.887395689,0.81519298,0,1,0,2.3414314,"{""geodesic"":false,""type"":""Point"",""coordinates"":[114.28982390538175,30.429307355443644]}"
1376,43,0,0,0,-16.11425514,1.831611106,-8.812451782,1.665115548,1.467275125,0,1,0,4.320201,"{""geodesic"":false,""type"":""Point"",""coordinates"":[114.31246145054156,31.00521728409267]}"
1377,16,0,0,0,-25.53280114,0.219170215,-15.50764182,0.465445993,1.113126698,0,1,0,2.3355343,"{""geodesic"":false,""type"":""Point"",""coordinates"":[114.45906650490987,30.13555825753656]}"
1378,59,0,0,0,-14.69721418,0.428214853,-8.355393649,0.762265827,1.191863672,0,1,0,2.3526192,"{""geodesic"":false,""type"":""Point"",""coordinates"":[114.89780368967385,30.975033890546253]}"
1379,27,0,0,0,-13.16154292,1.966826007,-9.137493448,-0.442357213,0.903159134,0,1,0,0,"{""geodesic"":false,""type"":""Point"",""coordinates"":[114.66496036803007,30.863193637673373]}"
1380,23,-0.4866641,0.71088433,1,-14.14084993,1.21361931,-8.454335093,-0.80775424,0.830279999,0,2,0,0,"{""geodesic"":false,""type"":""Point"",""coordinates"":[114.13675098096779,30.26383768010883]}"
1381,40,0,0,0,-12.8447711,1.251296949,-10.40263843,-0.693437874,0.852425067,0,1,0,2.8396006,"{""geodesic"":false,""type"":""Point"",""coordinates"":[114.44828672150044,30.507460785162042]}"
1382,25,0,0,0,-11.49956694,-0.217161026,-6.150207405,-0.109494317,0.97510317,0,1,0,0,"{""geodesic"":false,""type"":""Point"",""coordinates"":[114.76844628876063,30.923021435595732]}"
1383,52,0,0,0,-16.36695352,-0.22832065,-8.720139824,-0.6655118,0.857924006,0,1,0,2.1645627,"{""geodesic"":false,""type"":""Point"",""coordinates"":[114.47900910421733,31.06639255494121]}"
1384,26,0,0,0,-13.29883608,1.782330189,-9.917272459,-1.053199184,0.784657412,0,1,0,3.8565874,"{""geodesic"":false,""type"":""Point"",""coordinates"":[114.48089556631398,30.320701037593594]}"
1385,26,0,0,0,-18.69566073,-0.529882087,-11.22971619,-1.140042008,0.769123001,0,1,0,1.4220408,"{""geodesic"":false,""type"":""Point"",""coordinates"":[114.38145206436194,30.669966020059263]}"
1386,75,0,0,0,-14.46376196,0.361324373,-5.389874701,-0.933573696,0.806571051,0,1,0,4.2693167,"{""geodesic"":false,""type"":""Point"",""coordinates"":[114.20655007854387,31.068818006208332]}"
1387,31,0,0,0,-13.37030489,1.867337181,-6.508388042,0.449347158,1.109008094,0,1,0,1.4234638,"{""geodesic"":false,""type"":""Point"",""coordinates"":[114.52266722702554,30.837591652075968]}"
1388,43,0,0,0,-20.21131273,0.78742729,-14.15228277,0.457965585,1.111211068,0,1,0,2.1624138,"{""geodesic"":false,""type"":""Point"",""coordinates"":[114.35423311125312,30.971799955523423]}"
1389,33,0,0,0,-15.64433053,1.293046016,-9.68509243,0.41287514,1.09973365,0,1,0,1.4228297,"{""geodesic"":false,""type"":""Point"",""coordinates"":[114.86600332861602,30.762941651965633]}"
1390,27,0,0,0,-13.71441774,0.133213892,-8.823416339,-0.320728684,0.928810533,0,1,0,1.4237604,"{""geodesic"":false,""type"":""Point"",""coordinates"":[114.7681767941754,30.872086958986156]}"
1391,30,0,0,0,-16.15744724,0.387369723,-7.633122068,1.232647278,1.328203829,0,1,0,2.8329844,"{""geodesic"":false,""type"":""Point"",""coordinates"":[114.27769664904613,30.10780031525727]}"
1392,33,0,0,0,-15.15882775,1.515597068,-7.690498608,1.623023469,1.4531229,0,1,0,4.30729,"{""geodesic"":false,""type"":""Point"",""coordinates"":[114.6118699347386,30.71712757247554]}"
1393,34,0,0,0,-17.6097944,1.373021146,-10.24781779,0.370650498,1.089093208,0,1,0,2.8440294,"{""geodesic"":false,""type"":""Point"",""coordinates"":[114.2081670460553,30.770218005767003]}"
1394,29,0,0,0,-12.77048566,1.313220804,-8.681509842,-0.043986136,0.989922935,0,1,0,2.7802885,"{""geodesic"":false,""type"":""Point"",""coordinates"":[114.74446127067465,30.768331543670353]}"
1395,36,0,0,0,-15.31745757,1.095064565,-8.771605459,0.157360794,1.036898102,0,1,0,2.1458006,"{""geodesic"":false,""type"":""Point"",""coordinates"":[114.62426668565945,30.877207356105636]}"
1396,39,0,0,0,-16.86812967,0.848221419,-11.4439254,-0.247472945,0.944610362,0,1,0,3.7047918,"{""geodesic"":false,""type"":""Point"",""coordinates"":[114.28254755158038,30.119119087837174]}"
1397,26,0,0,0,-5.752301892,0.165437793,7.929104884,1.651155509,1.462566262,0,1,0,2.342652,"{""geodesic"":false,""type"":""Point"",""coordinates"":[114.27985260572802,30.489674142536476]}"
1398,17,0,0,0,-16.32377949,0.168758542,-10.12093124,0.194726515,1.045857828,0,1,0,1.0783248,"{""geodesic"":false,""type"":""Point"",""coordinates"":[114.71050495293493,30.681015298053932]}"
1399,27,-0.4202424,0.6611002,1,-15.43576414,-0.174630288,-8.417859019,0.255402091,1.060572127,0,2,0,2.3444874,"{""geodesic"":false,""type"":""Point"",""coordinates"":[114.14079339974633,30.579954828590488]}"
1400,21,0,0,0,-12.71158919,1.765219936,-7.911234145,0.483393476,1.11773628,0,1,0,2.3476985,"{""geodesic"":false,""type"":""Point"",""coordinates"":[114.04000242486812,30.737070171782992]}"
1401,47,0,0,0,-16.00995339,1.300333008,-12.4026589,-0.873623922,0.817782114,0,1,0,2.9795182,"{""geodesic"":false,""type"":""Point"",""coordinates"":[114.29656127001265,30.189996163754202]}"
1402,79,0,0,0,-13.38958283,0.348385537,-8.956896443,-0.048025935,0.989002539,0,1,0,3.7047918,"{""geodesic"":false,""type"":""Point"",""coordinates"":[114.48601596343346,30.952665839971676]}"
1403,23,-0.5196901,0.83944666,1,-14.8623316,0.254461294,-9.383009851,0.587560926,1.144869782,0,2,0,2.143881,"{""geodesic"":false,""type"":""Point"",""coordinates"":[114.01386145010024,30.535218727441336]}"
1404,75,0,0,0,-16.72973023,1.665698278,-11.43953747,0.266913175,1.063386929,0,1,0,2.8488953,"{""geodesic"":false,""type"":""Point"",""coordinates"":[114.2022381651801,31.054804287776065]}"
1405,27,0,0,0,-10.36659075,-0.283146541,-1.42988519,1.346831521,1.363587942,0,1,0,0.92740995,"{""geodesic"":false,""type"":""Point"",""coordinates"":[114.237541955846,30.522282987350014]}"
1406,24,0,0,0,-13.13741037,1.304197987,-3.244166051,0.781933939,1.197273565,0,1,0,0.92740995,"{""geodesic"":false,""type"":""Point"",""coordinates"":[114.30249015088783,30.464341651524304]}"
1407,49,0,0,0,-14.52480177,1.40929605,-4.064955204,1.245445521,1.332123691,0,1,0,2.7802885,"{""geodesic"":false,""type"":""Point"",""coordinates"":[114.35288563832694,30.96802703133012]}"
1408,22,-0.41294363,0.57528234,1,-17.70807818,0.392641555,-11.12778404,0.782025352,1.197298767,0,2,0,3.3479083,"{""geodesic"":false,""type"":""Point"",""coordinates"":[114.11303545746703,30.243086597045668]}"
1409,26,0,0,0,-13.54919967,1.301321721,-9.513117648,-0.103063045,0.976548226,0,1,0,3.2370083,"{""geodesic"":false,""type"":""Point"",""coordinates"":[114.69918618035501,30.83274074954172]}"
1410,33,0,0,0,-15.22066103,2.079149937,-8.72031671,1.233709847,1.328528834,0,1,0,1.8543341,"{""geodesic"":false,""type"":""Point"",""coordinates"":[114.92502264278266,30.832471254956484]}"
1411,50,0,0,0,-15.20792538,1.256777214,-8.323882465,0.305756545,1.072940539,0,1,0,4.2651496,"{""geodesic"":false,""type"":""Point"",""coordinates"":[114.49544827391671,30.906582265896347]}"
1412,49,0,0,0,-15.33148827,-0.193185921,-8.131796496,-0.620319067,0.866898184,0,1,0,2.8473618,"{""geodesic"":false,""type"":""Point"",""coordinates"":[114.3615094650545,30.965601580062998]}"
1413,21,0,0,0,-13.29226458,0.128832094,-7.43645714,1.137611465,1.299454707,0,1,0,1.0778105,"{""geodesic"":false,""type"":""Point"",""coordinates"":[114.50865350859327,30.634931723978603]}"
1414,59,0,0,0,-19.55603558,1.192216395,-12.02942113,0.841738413,1.213874648,0,1,0,2.1460812,"{""geodesic"":false,""type"":""Point"",""coordinates"":[114.61456488059096,30.926794359789035]}"
1415,30,0,0,0,-15.41752831,0.492043293,-9.968109632,0.995204084,1.257535947,0,1,0,1.4229667,"{""geodesic"":false,""type"":""Point"",""coordinates"":[114.25074719052256,30.779111327079786]}"
1416,54,0,0,0,-15.34154103,1.444659578,-9.68133859,-0.313778772,0.930298076,0,1,0,3.73615,"{""geodesic"":false,""type"":""Point"",""coordinates"":[114.35908401378737,31.091186056782906]}"
1417,37,0,0,0,-12.27322671,1.317439051,-7.905494642,-0.241945768,0.945813314,0,1,0,2.7802885,"{""geodesic"":false,""type"":""Point"",""coordinates"":[114.55770152310619,30.44844147099539]}"
1418,50,0,0,0,-13.93201009,1.885031306,-11.01659849,-0.092619719,0.978899323,0,1,0,4.289704,"{""geodesic"":false,""type"":""Point"",""coordinates"":[114.35881451920213,30.318006091741236]}"
1419,25,0,0,0,-17.6358919,1.794443787,-11.67797283,0.449820691,1.109129021,0,1,0,1.0745186,"{""geodesic"":false,""type"":""Point"",""coordinates"":[114.55123365306054,30.337140207292983]}"
1420,38,0,0,0,-14.48523837,-0.36204378,1.193579999,-0.99060238,0.796048928,0,1,0,4.749817,"{""geodesic"":false,""type"":""Point"",""coordinates"":[114.53991488048062,30.49263858297407]}"
1421,57,0,0,0,-14.92142002,1.079548004,-11.07809778,-0.253942675,0.943204214,0,1,0,1.424434,"{""geodesic"":false,""type"":""Point"",""coordinates"":[114.58411199245931,30.950779377875026]}"
1422,52,0,0,0,-15.61278412,2.08932618,-7.730354088,-0.680245514,0.855018376,0,1,0,3.2411904,"{""geodesic"":false,""type"":""Point"",""coordinates"":[114.25371163096015,30.956708258750215]}"
1423,24,0,0,0,-14.11176101,0.095624658,-9.501489127,0.258511007,1.061331614,0,1,0,2.145739,"{""geodesic"":false,""type"":""Point"",""coordinates"":[114.77006325627205,30.866427572696203]}"
1424,29,0,0,0,-13.09093804,0.403135545,-6.927876652,-0.275676979,0.938495732,0,1,0,0.92740995,"{""geodesic"":false,""type"":""Point"",""coordinates"":[114.72451867136719,30.603670352091243]}"
1425,42,0,0,0,-13.66123378,0.128186803,-7.141971372,1.620184192,1.452173206,0,1,0,3.5073001,"{""geodesic"":false,""type"":""Point"",""coordinates"":[114.46391740744411,30.01994508047038]}"
1426,27,-0.30262047,0.21777591,1,-14.84023569,1.051569141,-7.359941574,-0.735767041,0.844157136,0,2,0,3.3524146,"{""geodesic"":false,""type"":""Point"",""coordinates"":[113.93220459077378,30.386188221805906]}"
1427,23,-0.41933113,0.64295995,1,-16.03625604,-0.102142464,-8.563303548,-0.538809437,0.883322019,0,2,0,1.420043,"{""geodesic"":false,""type"":""Point"",""coordinates"":[114.14726126979198,30.43227179588124]}"
1428,18,0,0,0,-18.36315186,1.263402291,-12.5300461,-0.133863049,0.969647083,0,1,0,3.232583,"{""geodesic"":false,""type"":""Point"",""coordinates"":[114.71050495293493,30.700957897361388]}"
1429,40,0,0,0,-15.48474498,1.978893075,-9.042964459,1.565685183,1.434063949,0,1,0,4.2812905,"{""geodesic"":false,""type"":""Point"",""coordinates"":[114.54961668554913,30.49129111004789]}"
1430,20,0,0,0,-13.84954012,-0.479445878,-8.593210254,0.577562619,1.1422371,0,1,0,3.8581462,"{""geodesic"":false,""type"":""Point"",""coordinates"":[114.58060856285124,30.82627287949606]}"
1431,44,0,0,0,-14.01541533,0.494219871,-7.937084553,1.254116323,1.334785967,0,1,0,3.7299252,"{""geodesic"":false,""type"":""Point"",""coordinates"":[114.3081495371778,30.879363312787525]}"
1432,21,0,0,0,-18.4028334,1.007997246,-12.26863099,0.883790076,1.225685385,0,1,0,2.8432336,"{""geodesic"":false,""type"":""Point"",""coordinates"":[114.43831542184671,30.72332594793596]}"
1433,37,0,0,0,-12.65291595,-0.670265645,-7.195198269,1.420626412,1.386955864,0,1,0,2.145933,"{""geodesic"":false,""type"":""Point"",""coordinates"":[114.93337697492498,30.900653385021158]}"
1434,24,-0.61368823,0.88704455,1,-14.46882989,-0.392037869,-8.552698332,-0.814166289,0.829055054,0,2,0,0.92740995,"{""geodesic"":false,""type"":""Point"",""coordinates"":[113.92061632360863,30.425803925835577]}"
1435,35,-0.45588234,0.79524857,1,-13.98297351,1.17250592,-7.848835547,-0.622874862,0.86638817,0,2,0,4.389264,"{""geodesic"":false,""type"":""Point"",""coordinates"":[114.12543220838788,30.34576403402053]}"
1436,85,0,0,0,-14.45452948,0.894872744,-9.639456155,1.016216434,1.263634991,0,1,0,3.3781838,"{""geodesic"":false,""type"":""Point"",""coordinates"":[114.33698545779802,31.184700677859748]}"
1437,66,0,0,0,-16.25161643,1.103073826,-10.24146869,1.594844973,1.443725068,0,1,0,4.42791,"{""geodesic"":false,""type"":""Point"",""coordinates"":[114.380374086021,31.231053746520317]}"
1438,24,0,0,0,1.849883162,-0.266026469,2.758269528,1.069560055,1.279251708,0,1,0,3.7047918,"{""geodesic"":false,""type"":""Point"",""coordinates"":[114.36878581885586,30.729793817981623]}"
1439,63,0,0,0,-15.39003678,1.400881103,-11.92126416,-0.372889763,0.917721748,0,1,0,2.984027,"{""geodesic"":false,""type"":""Point"",""coordinates"":[114.40382011493652,31.305434252045412]}"
1440,30,-0.50126326,0.56083375,1,-18.03746894,-0.668852708,-13.51576326,0.496830354,1.121199861,0,2,0,2.337153,"{""geodesic"":false,""type"":""Point"",""coordinates"":[113.82305928375325,30.216676127692555]}"
1441,72,0,0,0,-14.28161173,2.025199713,-7.813681024,1.038529978,1.270144108,0,1,0,2.8528125,"{""geodesic"":false,""type"":""Point"",""coordinates"":[114.3954657827942,31.280640750203716]}"
1442,30,0,0,0,-19.03041318,-0.076701676,-11.931902,-0.488930232,0.893525553,0,1,0,2.342213,"{""geodesic"":false,""type"":""Point"",""coordinates"":[114.57171524153846,30.468114575717607]}"
1443,31,0,0,0,-15.2149829,-0.610585985,-8.879441127,0.341354182,1.081771208,0,1,0,2.335916,"{""geodesic"":false,""type"":""Point"",""coordinates"":[114.48359051216633,30.154692373088306]}"
1444,46,0,0,0,-15.30022611,1.996643371,-9.735620067,-0.295880666,0.934139923,0,1,0,1.0810924,"{""geodesic"":false,""type"":""Point"",""coordinates"":[114.86519484486031,30.927602843544744]}"
1445,42,-0.60652095,0.8663254,1,-12.37780073,-0.14340434,-7.082824972,1.318507685,1.354723825,0,2,0,1.4205005,"{""geodesic"":false,""type"":""Point"",""coordinates"":[114.04808726242518,30.486979196684118]}"
1446,21,-0.3991323,0.5500911,1,-17.53878944,-0.152647033,-8.655146926,1.03878053,1.270217387,0,2,0,4.390629,"{""geodesic"":false,""type"":""Point"",""coordinates"":[113.93516903121137,30.377833889663595]}"
1447,42,0,0,0,-16.54371381,1.390770478,-7.826297948,-0.724060179,0.846435719,0,1,0,4.3170714,"{""geodesic"":false,""type"":""Point"",""coordinates"":[114.17825314709411,30.935957175687054]}"
1448,34,-0.32541254,0.4428731,1,-15.13180019,0.00550539,-9.110343636,0.658781332,1.163799411,0,2,0,1.4211437,"{""geodesic"":false,""type"":""Point"",""coordinates"":[113.94918274964363,30.5635156588911]}"
1449,24,0,0,0,-12.63106616,1.076828746,-7.139453333,-0.925169004,0.80813348,0,1,0,3.8576176,"{""geodesic"":false,""type"":""Point"",""coordinates"":[114.46715134246695,30.65676078538271]}"
1450,39,0,0,0,-11.62951189,1.96900496,-7.893037471,-0.831052924,0.825837705,0,1,0,1.4169898,"{""geodesic"":false,""type"":""Point"",""coordinates"":[114.27122877900048,30.06279471952288]}"
1451,29,0,0,0,-15.60319194,-0.386198618,-9.932994977,-0.723830071,0.846480568,0,1,0,2.98247,"{""geodesic"":false,""type"":""Point"",""coordinates"":[114.65579755213204,30.928680821885685]}"
1452,26,-0.64425015,0.5713277,1,-9.696568678,1.693027239,-2.034653335,-0.24058987,0.94610865,0,2,0,1.0768012,"{""geodesic"":false,""type"":""Point"",""coordinates"":[114.19711776806062,30.54411204875412]}"
1453,42,0,0,0,-14.49667281,0.953331715,-8.821290079,-0.128298664,0.970890236,0,1,0,2.8518155,"{""geodesic"":false,""type"":""Point"",""coordinates"":[114.3938488152828,31.22323840354848]}"
1454,29,0,0,0,-19.7574421,1.850199957,-9.111193953,0.855888284,1.217836057,0,1,0,0.92740995,"{""geodesic"":false,""type"":""Point"",""coordinates"":[114.44613076481855,30.45814327606388]}"
1455,16,0,0,0,-30.22773875,-0.3789506,-23.55668039,-1.101526074,0.775974398,0,1,0,0,"{""geodesic"":false,""type"":""Point"",""coordinates"":[114.4081320283003,30.265993636790714]}"
1456,22,0,0,0,-14.10920814,0.529731275,-7.49272376,1.462221677,1.400303479,0,1,0,1.4228156,"{""geodesic"":false,""type"":""Point"",""coordinates"":[114.77976506134054,30.76132468445422]}"
1457,26,0,0,0,-16.58387933,1.739052792,-7.060343121,1.366264876,1.369703254,0,1,0,1.4238079,"{""geodesic"":false,""type"":""Point"",""coordinates"":[114.74877318403841,30.87774634527611]}"
1458,38,-0.58391523,0.29041022,1,-10.78135122,0.631303521,-10.00991003,-0.991457432,0.795892215,0,2,0,2.9809153,"{""geodesic"":false,""type"":""Point"",""coordinates"":[114.10144719030188,30.543573059583647]}"
1459,24,0,0,0,-12.97202868,-0.27066542,-8.09577874,-0.024625093,0.994345908,0,1,0,2.7802885,"{""geodesic"":false,""type"":""Point"",""coordinates"":[114.4396628947729,30.684788222247235]}"
1460,49,0,0,0,-25.55841047,0.901655275,-20.8138018,0.972747669,1.251050287,0,1,0,4.2885594,"{""geodesic"":false,""type"":""Point"",""coordinates"":[114.48466849050727,31.137539125443475]}"
1461,36,0,0,0,-13.75102461,1.190605382,-8.682544664,1.161439336,1.30660385,0,1,0,4.9005747,"{""geodesic"":false,""type"":""Point"",""coordinates"":[114.36177895963972,30.222335513982507]}"
1462,38,0,0,0,-12.50929671,1.493374461,-6.320630421,-1.186226422,0.76098721,0,1,0,2.8493793,"{""geodesic"":false,""type"":""Point"",""coordinates"":[114.34938220871888,31.082831724640595]}"
1463,19,0,0,0,-16.09227251,0.118112441,-7.988924952,-0.07665056,0.982505395,0,1,0,2.1583836,"{""geodesic"":false,""type"":""Point"",""coordinates"":[114.40166415825463,30.792855550926813]}"
1464,25,0,0,0,-17.6967622,1.301720702,-7.598179348,-0.655292134,0.85994522,0,1,0,4.681702,"{""geodesic"":false,""type"":""Point"",""coordinates"":[114.67385368934285,30.593699052437515]}"
1465,33,0,0,0,-13.71064948,1.610308655,-8.034131265,0.80827041,1.204556127,0,1,0,2.9819434,"{""geodesic"":false,""type"":""Point"",""coordinates"":[114.61995477229567,30.799053926387238]}"
1466,45,0,0,0,-15.6280403,0.312250082,-10.89349442,-0.345147355,0.92360285,0,1,0,2.9828649,"{""geodesic"":false,""type"":""Point"",""coordinates"":[114.32728365272953,31.024890388814885]}"
1467,36,0,0,0,-12.77993765,1.934110458,-8.43313006,0.250773719,1.059442454,0,1,0,2.1444442,"{""geodesic"":false,""type"":""Point"",""coordinates"":[114.22379773199897,30.161429737719203]}"
1468,35,0,0,0,-15.37393972,0.268096794,-9.175936471,-0.8242679,0.827128928,0,1,0,2.7802885,"{""geodesic"":false,""type"":""Point"",""coordinates"":[114.62426668565945,30.855917283872003]}"
1469,25,0,0,0,-15.97923271,1.22437196,-9.206341766,-1.001667396,0.794023325,0,1,0,3.5171783,"{""geodesic"":false,""type"":""Point"",""coordinates"":[114.06937733465882,30.75674327650521]}"
1470,25,-0.4403379,0.3772814,1,-14.9682475,1.669882841,-6.694413346,-0.872483287,0.817996925,0,2,0,1.8543341,"{""geodesic"":false,""type"":""Point"",""coordinates"":[114.01089700966264,30.55839526177162]}"
1471,29,0,0,0,-11.45045644,0.927614903,-7.970414318,-1.164998869,0.764715888,0,1,0,3.232806,"{""geodesic"":false,""type"":""Point"",""coordinates"":[114.35234664915647,30.70742576740705]}"
1472,29,0,0,0,-11.74866552,1.178899514,-6.891093184,-1.120456254,0.772599414,0,1,0,3.2313306,"{""geodesic"":false,""type"":""Point"",""coordinates"":[114.60378509718153,30.663228655428366]}"
1473,25,-0.39671856,0.6367333,1,-14.22889905,1.564388578,-11.11554293,0.825543967,1.209356649,0,2,0,0.92740995,"{""geodesic"":false,""type"":""Point"",""coordinates"":[113.82171181082707,30.482397788735106]}"
1474,45,0,0,0,-12.90110928,-0.364726493,-3.833169982,1.032028955,1.268244231,0,1,0,2.847319,"{""geodesic"":false,""type"":""Point"",""coordinates"":[114.31542589097916,30.963176128795876]}"
1475,24,-0.6323572,0.8772523,1,-11.88309151,1.184936192,-4.899526597,1.289071222,1.345572561,0,2,0,3.5155523,"{""geodesic"":false,""type"":""Point"",""coordinates"":[114.09659628776764,30.63762666983096]}"
1476,37,0,0,0,-16.08321881,0.885628539,-9.580750985,0.670345815,1.16690253,0,1,0,2.7802885,"{""geodesic"":false,""type"":""Point"",""coordinates"":[114.45340711861992,30.374599954640765]}"
1477,25,-0.25613165,0.20295623,1,-14.62162862,1.528600991,-7.84916603,1.311674187,1.352593882,0,2,0,1.4193743,"{""geodesic"":false,""type"":""Point"",""coordinates"":[113.93112661243283,30.351962409480954]}"
1478,38,0,0,0,-15.93344403,-0.68470045,-10.78386356,-0.527835996,0.885556755,0,1,0,2.3526251,"{""geodesic"":false,""type"":""Point"",""coordinates"":[114.39411830986803,30.97530338513149]}"
1479,21,-0.36729223,0.7381583,1,-15.97701857,1.957527557,-8.985339642,1.626896439,1.45441935,0,2,0,1.0731634,"{""geodesic"":false,""type"":""Point"",""coordinates"":[114.07854015055685,30.213442192669724]}"
1480,38,0,0,0,-15.82395845,0.31850618,-11.61425623,-1.198928598,0.758764739,0,1,0,2.3508036,"{""geodesic"":false,""type"":""Point"",""coordinates"":[114.90103762469667,30.8874481503446]}"
1481,32,-0.31346577,0.26354197,1,-19.19939854,2.231560988,-10.55102838,0.716026066,1.179241098,0,2,0,4.664236,"{""geodesic"":false,""type"":""Point"",""coordinates"":[114.17555820124176,30.15846529728161]}"
1482,71,0,0,0,-13.99432804,1.898879253,-10.54593735,0.827076048,1.209783355,0,1,0,0.92740995,"{""geodesic"":false,""type"":""Point"",""coordinates"":[114.27581018694949,30.360316741623265]}"
1483,30,0,0,0,-16.28801228,-0.519955721,-9.93347644,-0.469505186,0.897531049,0,1,0,3.3652716,"{""geodesic"":false,""type"":""Point"",""coordinates"":[114.47334971792738,30.78854363756304]}"
1484,23,0,0,0,-18.75097323,-0.205839318,-12.93504477,-0.039719592,0.990895921,0,1,0,2.3468094,"{""geodesic"":false,""type"":""Point"",""coordinates"":[114.13432552970066,30.693681543560018]}"
1485,44,0,0,0,-13.37261125,1.489347562,-8.167149543,0.8867776,1.226528827,0,1,0,4.2885785,"{""geodesic"":false,""type"":""Point"",""coordinates"":[114.3690553134411,31.139156092954888]}"
1486,27,0,0,0,-16.47102953,1.095985998,-11.66777882,-0.883509701,0.815922726,0,1,0,2.145384,"{""geodesic"":false,""type"":""Point"",""coordinates"":[114.86115242608177,30.80363533433625]}"
1487,29,0,0,0,-10.67279675,-0.517826633,-6.19878758,-0.76023617,0.839414338,0,1,0,1.080262,"{""geodesic"":false,""type"":""Point"",""coordinates"":[114.80240260650035,30.853761327190117]}"
1488,66,0,0,0,-14.81396402,0.77310174,-9.567978095,-0.993986787,0.795428818,0,1,0,1.0814285,"{""geodesic"":false,""type"":""Point"",""coordinates"":[114.56012697437332,30.957247247920687]}"
1489,16,0,0,0,-18.91231877,0.755593811,-13.87159825,0.325359627,1.077794499,0,1,0,3.3599515,"{""geodesic"":false,""type"":""Point"",""coordinates"":[114.73179502516855,30.623073962228226]}"
1490,36,0,0,0,-14.83683733,0.649551555,-7.996164747,-0.463618053,0.898748533,0,1,0,3.3548698,"{""geodesic"":false,""type"":""Point"",""coordinates"":[114.52724863497454,30.4635331677686]}"
1491,37,0,0,0,-16.61191053,-0.47095749,-11.01689169,0.389788967,1.09390321,0,1,0,3.8582594,"{""geodesic"":false,""type"":""Point"",""coordinates"":[114.62022426688091,30.862385153917664]}"
1492,38,0,0,0,-13.9886874,1.106444189,-9.190183565,-0.417269374,0.908391502,0,1,0,2.8339226,"{""geodesic"":false,""type"":""Point"",""coordinates"":[114.323241233951,30.16493316732727]}"
1493,22,0,0,0,-14.4596788,1.868276816,-9.180215098,1.326565766,1.357239769,0,1,0,0.92740995,"{""geodesic"":false,""type"":""Point"",""coordinates"":[114.57467968197605,30.551388402555485]}"
1494,24,-0.28755096,0.24268293,1,-14.36319144,0.523837259,-9.559229016,-0.865901048,0.819237635,0,2,0,4.2511826,"{""geodesic"":false,""type"":""Point"",""coordinates"":[113.95403365217787,30.35223190406619]}"
1495,32,0,0,0,-15.35011619,1.541446671,-9.646609762,0.078062009,1.018136954,0,1,0,0.92740995,"{""geodesic"":false,""type"":""Point"",""coordinates"":[114.57441018739081,30.49856746384926]}"
1496,29,0,0,0,-13.95743656,0.135377999,-8.114332112,1.398089057,1.379777014,0,1,0,2.3432329,"{""geodesic"":false,""type"":""Point"",""coordinates"":[114.31407841805299,30.518240568571475]}"
1497,28,-0.27797157,0.1726701,1,-10.37131146,1.233983464,-6.75323769,0.768388846,1.193545239,0,2,0,0.92740995,"{""geodesic"":false,""type"":""Point"",""coordinates"":[114.05024321910707,30.619301038034923]}"
1498,24,-0.4566181,0.6290112,1,-15.77042361,2.149960496,-8.551037998,1.102066464,1.288862674,0,2,0,4.299096,"{""geodesic"":false,""type"":""Point"",""coordinates"":[114.1909193926002,30.53225428700374]}"
1499,29,0,0,0,-11.45447819,1.947507102,-8.483120364,-0.212766655,0.952189383,0,1,0,2.3377032,"{""geodesic"":false,""type"":""Point"",""coordinates"":[114.22352823741373,30.24416457538661]}"
1500,41,0,0,0,-12.84753164,1.601047359,-6.761221647,1.385283577,1.375714636,0,1,0,2.7802885,"{""geodesic"":false,""type"":""Point"",""coordinates"":[114.4908668659677,30.397506994385814]}"
1501,31,0,0,0,-12.44423105,1.691589534,-6.293052773,1.654156856,1.463577369,0,1,0,3.7047918,"{""geodesic"":false,""type"":""Point"",""coordinates"":[114.79647372562516,30.931914756908515]}"
1502,20,0,0,0,-14.98237454,0.077733769,-8.384808268,-0.074642908,0.982959692,0,1,0,2.980373,"{""geodesic"":false,""type"":""Point"",""coordinates"":[114.54773022345246,30.407208799454303]}"
1503,26,0,0,0,-17.90777738,0.079411178,-10.59110373,0.875041318,1.223218757,0,1,0,2.9802697,"{""geodesic"":false,""type"":""Point"",""coordinates"":[114.49814321976908,30.381067824686426]}"
1504,52,0,0,0,-14.96600067,0.218440914,-8.107999027,0.889648079,1.227339772,0,1,0,2.8506625,"{""geodesic"":false,""type"":""Point"",""coordinates"":[114.44559177564808,31.156942735580458]}"
1505,42,0,0,0,-13.62739323,-0.277771794,-8.2692136,1.568603128,1.435027794,0,1,0,1.0737063,"{""geodesic"":false,""type"":""Point"",""coordinates"":[114.23053509662986,30.26302919635312]}"
1506,40,0,0,0,-13.80240584,0.919334797,-8.243823499,0.776533055,1.195785562,0,1,0,2.3431482,"{""geodesic"":false,""type"":""Point"",""coordinates"":[114.57063726319751,30.51419814979294]}"
1507,34,0,0,0,-14.53004249,0.692394228,-8.282804016,0.756556657,1.190297895,0,1,0,4.3897386,"{""geodesic"":false,""type"":""Point"",""coordinates"":[114.46203094534746,30.357082806600435]}"
1508,36,0,0,0,-14.47771859,2.000245021,-8.586275019,-0.602019506,0.870558679,0,1,0,4.7493577,"{""geodesic"":false,""type"":""Point"",""coordinates"":[114.24805224467019,30.30668731916133]}"
1509,27,-0.5488308,0.83887273,1,-14.50778524,0.353847552,-7.134108179,1.379572986,1.373906881,0,2,0,1.4218248,"{""geodesic"":false,""type"":""Point"",""coordinates"":[113.97101181104773,30.64436403446186]}"
1510,34,0,0,0,-16.18469128,0.752419764,-9.857654237,-0.44509115,0.902590764,0,1,0,1.8543341,"{""geodesic"":false,""type"":""Point"",""coordinates"":[114.39438780445326,30.90900771716347]}"
1511,16,0,0,0,-25.49955855,2.208158901,-24.78791001,-0.6483776,0.861315455,0,1,0,0,"{""geodesic"":false,""type"":""Point"",""coordinates"":[114.58734592748213,30.31638912422982]}"
1512,28,0,0,0,-16.41956343,0.270327906,-8.772013206,0.623131954,1.154285381,0,1,0,1.0765703,"{""geodesic"":false,""type"":""Point"",""coordinates"":[114.57144574695322,30.52336096569096]}"
1513,65,0,0,0,-13.44424445,1.544937684,-7.123992202,-0.808024571,0.830228319,0,1,0,4.272163,"{""geodesic"":false,""type"":""Point"",""coordinates"":[114.40166415825463,31.17877179698456]}"
1514,33,0,0,0,-14.49910883,0.947618874,-8.397667166,1.12894799,1.296865088,0,1,0,3.2397058,"{""geodesic"":false,""type"":""Point"",""coordinates"":[114.17016830953703,30.912780641356772]}"
1515,42,0,0,0,-13.17518746,0.274900497,-8.006045831,0.087021721,1.02023959,0,1,0,1.8543341,"{""geodesic"":false,""type"":""Point"",""coordinates"":[114.2954832916717,30.242547607875196]}"
1516,24,-3.54E-04,0.28072727,1,-13.58827701,1.140334563,-6.062945978,-0.231724894,0.948041853,0,2,0,3.3601027,"{""geodesic"":false,""type"":""Point"",""coordinates"":[113.96238798432019,30.627655370177234]}"
1517,25,0,0,0,-11.94396755,1.844074195,-5.666007503,1.356964969,1.366773334,0,1,0,2.1444774,"{""geodesic"":false,""type"":""Point"",""coordinates"":[114.31111397761539,30.64220807777997]}"
1518,20,0,0,0,-14.92452522,1.302809118,-6.021539935,0.853385236,1.217134362,0,1,0,0.92740995,"{""geodesic"":false,""type"":""Point"",""coordinates"":[114.81506885200643,30.638704648171906]}"
1519,36,0,0,0,-15.83452633,-0.283711796,-7.095083927,-0.082213196,0.981247765,0,1,0,3.3470979,"{""geodesic"":false,""type"":""Point"",""coordinates"":[114.26395242519911,30.217215116863024]}"
1520,27,0,0,0,-16.79001029,1.871838274,-9.561193441,-0.158679133,0.964122208,0,1,0,0.92740995,"{""geodesic"":false,""type"":""Point"",""coordinates"":[114.3329430390195,30.68505771683247]}"
1521,30,0,0,0,-13.82568123,1.108322922,-7.244867497,0.632042369,1.156656058,0,1,0,4.6273675,"{""geodesic"":false,""type"":""Point"",""coordinates"":[114.58518997080026,30.66700157962167]}"
1522,50,0,0,0,-14.97845231,1.017922947,-8.147731694,1.630620559,1.455667065,0,1,0,4.272105,"{""geodesic"":false,""type"":""Point"",""coordinates"":[114.39438780445326,31.176615840302674]}"
1523,19,0,0,0,-14.97313564,1.425599363,-7.703529847,1.703361945,1.480253834,0,1,0,1.8543341,"{""geodesic"":false,""type"":""Point"",""coordinates"":[114.3623179488102,30.197542012140808]}"
1524,27,0,0,0,-15.93951082,0.529339168,-11.65741579,1.086931639,1.284378905,0,1,0,2.8457315,"{""geodesic"":false,""type"":""Point"",""coordinates"":[114.77087174002776,30.870200496889506]}"
1525,22,0,0,0,-20.73779438,2.000460884,-17.5654109,-0.536056754,0.883882071,0,1,0,3.7253783,"{""geodesic"":false,""type"":""Point"",""coordinates"":[114.36501289466256,30.72332594793596]}"
1526,28,0,0,0,-17.46819149,1.243906852,-10.2426319,1.195522911,1.316898464,0,1,0,2.3489444,"{""geodesic"":false,""type"":""Point"",""coordinates"":[114.19442282220827,30.797436958875824]}"
1527,24,0,0,0,-13.93049166,0.31977856,-2.449668957,0.597037359,1.147370649,0,1,0,4.7505717,"{""geodesic"":false,""type"":""Point"",""coordinates"":[114.80186361732989,30.79366403468252]}"
1528,26,0,0,0,-14.26703462,2.188013524,-8.911326319,1.730891012,1.489666671,0,1,0,2.1451085,"{""geodesic"":false,""type"":""Point"",""coordinates"":[114.7005336532812,30.75485681440856]}"
1529,28,-0.30616027,0.09962838,1,-14.66539884,0.722322562,-6.924548514,1.063211356,1.27738301,0,2,0,3.2296274,"{""geodesic"":false,""type"":""Point"",""coordinates"":[114.16720386909944,30.61229417881879]}"
1530,26,0,0,0,-15.09676898,0.652044478,-12.27356341,-1.173486166,0.763222884,0,1,0,4.6273675,"{""geodesic"":false,""type"":""Point"",""coordinates"":[114.380374086021,30.703113854043274]}"
1531,25,-0.44900662,0.7025968,1,-16.47847882,0.463178349,-11.08894537,-0.388079878,0.914517483,0,2,0,1.0729091,"{""geodesic"":false,""type"":""Point"",""coordinates"":[114.18202607128741,30.189996163754202]}"
1532,40,0,0,0,-15.76546452,1.668282878,-7.040111845,1.595801077,1.44404294,0,1,0,2.3501256,"{""geodesic"":false,""type"":""Point"",""coordinates"":[114.82126722746686,30.854839305531062]}"
1533,15,0,0,0,-14.28877664,0.104204715,-8.911901033,0.126174435,1.029478885,0,1,0,0,"{""geodesic"":false,""type"":""Point"",""coordinates"":[114.55851000686191,30.74299905265818]}"
1534,30,0,0,0,-15.10324929,1.487712131,-7.182541006,0.904293522,1.231485641,0,1,0,0,"{""geodesic"":false,""type"":""Point"",""coordinates"":[114.37309773221963,30.351423420310482]}"
1535,32,0,0,0,-12.92705783,0.89357804,-10.83370045,-0.291152459,0.935157485,0,1,0,2.9823442,"{""geodesic"":false,""type"":""Point"",""coordinates"":[114.16100549363901,30.897688944583564]}"
1536,24,0,0,0,-13.54116704,0.693852371,-8.142177466,0.049830365,1.011539943,0,1,0,2.8444304,"{""geodesic"":false,""type"":""Point"",""coordinates"":[114.2345775154084,30.793933529267758]}"
1537,40,0,0,0,-16.56853853,0.267933527,-7.933530756,-0.333306263,0.926124501,0,1,0,1.0774643,"{""geodesic"":false,""type"":""Point"",""coordinates"":[114.46661235329647,30.60393984667648]}"
1538,52,0,0,0,-13.9907413,0.413012272,-8.118707574,0.619881908,1.153421894,0,1,0,0.92740995,"{""geodesic"":false,""type"":""Point"",""coordinates"":[114.3879199344076,31.197905912536307]}"
1539,25,0,0,0,-12.35602601,0.134856191,-4.866629055,1.656287923,1.464295718,0,1,0,4.74885,"{""geodesic"":false,""type"":""Point"",""coordinates"":[114.27338473568237,30.09863749935925]}"
1540,37,0,0,0,-16.16957222,2.103356523,-9.15134411,-0.752267609,0.840955933,0,1,0,3.7075133,"{""geodesic"":false,""type"":""Point"",""coordinates"":[114.24185386920978,30.09729002643307]}"
1541,44,0,0,0,-12.08836583,0.744240023,-5.491770442,-0.072806556,0.98337541,0,1,0,1.420661,"{""geodesic"":false,""type"":""Point"",""coordinates"":[114.43427300306817,30.506113312235865]}"
1542,20,0,0,0,-5.575476907,0.214675398,-2.337950503,0.899214366,1.230046237,0,1,0,2.1445162,"{""geodesic"":false,""type"":""Point"",""coordinates"":[114.27042029524478,30.649214936996103]}"
1543,24,-0.4380982,0.78426456,1,-14.13976828,2.23064333,-8.305907284,0.154752627,1.036275577,0,2,0,2.7802885,"{""geodesic"":false,""type"":""Point"",""coordinates"":[114.06156199168699,30.607443276284545]}"
1544,27,0,0,0,-21.38445119,1.455471024,-14.07991738,-0.291915882,0.934993113,0,1,0,3.857926,"{""geodesic"":false,""type"":""Point"",""coordinates"":[114.23107408580033,30.755934792749503]}"
1545,18,0,0,0,-13.53876358,0.515937981,-8.704597685,1.527280579,1.421438446,0,1,0,0,"{""geodesic"":false,""type"":""Point"",""coordinates"":[114.44640025940379,30.57079201269247]}"
1546,66,0,0,0,-18.63438326,-0.162323123,-10.09152386,1.287672229,1.345139181,0,1,0,3.379035,"{""geodesic"":false,""type"":""Point"",""coordinates"":[114.42133726297685,31.210572158042392]}"
1547,50,0,0,0,-14.75199139,0.907621281,-10.19118073,-0.162646674,0.963241827,0,1,0,2.836958,"{""geodesic"":false,""type"":""Point"",""coordinates"":[114.22945711828892,30.34899796904336]}"
1548,40,0,0,0,-15.47696919,-0.278083438,-7.454513417,0.643368483,1.159676478,0,1,0,1.423675,"{""geodesic"":false,""type"":""Point"",""coordinates"":[114.43993238935812,30.862115659332428]}"
1549,26,-0.17401528,0.08408216,1,-15.43294094,-0.714422757,-8.757162449,0.356704298,1.085601488,0,2,0,1.8543341,"{""geodesic"":false,""type"":""Point"",""coordinates"":[114.13998491599062,30.601514395409357]}"
1550,26,0,0,0,-15.82454329,0.144205484,-8.755752032,-0.132151482,0.970029299,0,1,0,1.4228439,"{""geodesic"":false,""type"":""Point"",""coordinates"":[114.07234177509642,30.764828114062286]}"
1551,29,-0.37022015,0.5534167,1,-15.4285591,0.415684003,-8.974808434,1.719524075,1.485772814,0,2,0,1.0741532,"{""geodesic"":false,""type"":""Point"",""coordinates"":[113.99230188328137,30.303992373308972]}"
1552,25,-0.4369071,0.47285995,1,-13.77646631,0.211656493,-6.807112609,0.261937477,1.062169307,0,2,0,1.4216514,"{""geodesic"":false,""type"":""Point"",""coordinates"":[114.14564430228057,30.62388244598393]}"
1553,29,-0.5978387,0.901521,1,-15.01672747,0.384341946,-8.850923874,0.003328689,1.000766753,0,2,0,2.8390107,"{""geodesic"":false,""type"":""Point"",""coordinates"":[114.0631789591984,30.472156994496146]}"
1554,25,0,0,0,-13.29674448,0.994904063,-6.244215238,1.278451763,1.342286358,0,1,0,1.0801901,"{""geodesic"":false,""type"":""Point"",""coordinates"":[114.77680062090295,30.847562951729692]}"
1555,53,0,0,0,-12.48125752,1.611329342,-7.292411238,0.227792235,1.053851028,0,1,0,0.92740995,"{""geodesic"":false,""type"":""Point"",""coordinates"":[114.494639790161,30.943772518658893]}"
1556,21,-0.39310345,0.68231416,1,-15.61407749,-0.269992491,-11.51832631,1.504753181,1.414084357,0,2,0,2.3402705,"{""geodesic"":false,""type"":""Point"",""coordinates"":[113.87480224411854,30.371905008788406]}"
1557,19,0,0,0,-19.97052924,-0.654077533,-13.51465032,1.153320887,1.304163642,0,1,0,1.0784488,"{""geodesic"":false,""type"":""Point"",""coordinates"":[114.0639874429541,30.69233407063384]}"
1558,37,0,0,0,-12.26478054,2.215769718,-8.09383813,-0.690038734,0.853092505,0,1,0,2.9790053,"{""geodesic"":false,""type"":""Point"",""coordinates"":[114.40947950122647,30.05821331157387]}"
1559,30,0,0,0,-13.7892061,1.261516136,-6.797312551,1.172174775,1.309837674,0,1,0,0.92740995,"{""geodesic"":false,""type"":""Point"",""coordinates"":[114.22918762370368,30.74299905265818]}"
1560,28,0,0,0,-23.39568929,0.107030032,-16.40074515,-1.184577061,0.761276272,0,1,0,1.8543341,"{""geodesic"":false,""type"":""Point"",""coordinates"":[114.4269966492668,30.416910604522794]}"
1561,27,0,0,0,-4.490574668,2.068156702,5.60343813,-0.544008631,0.882265175,0,1,0,2.3407245,"{""geodesic"":false,""type"":""Point"",""coordinates"":[114.25802354432392,30.39454255394822]}"
1562,25,0,0,0,-13.60336986,1.745727673,-8.476665256,1.047891536,1.272884956,0,1,0,1.4233406,"{""geodesic"":false,""type"":""Point"",""coordinates"":[114.3660908730035,30.82303894447323]}"
1563,33,0,0,0,-14.22225987,1.205840506,-9.105477224,0.819745004,1.20774292,0,1,0,2.3502288,"{""geodesic"":false,""type"":""Point"",""coordinates"":[114.89995964635573,30.859690208065306]}"
1564,28,0,0,0,-14.77986523,0.858761085,-9.416753048,-0.337529068,0.925224434,0,1,0,3.3713965,"{""geodesic"":false,""type"":""Point"",""coordinates"":[114.78299899636337,30.977459341813375]}"
1565,23,0,0,0,-15.4506889,1.529772774,-8.558196663,-0.213335853,0.952064594,0,1,0,4.2576866,"{""geodesic"":false,""type"":""Point"",""coordinates"":[114.5488082017934,30.612563673404026]}"
1566,37,0,0,0,-17.73593748,1.244208659,-11.44925326,0.734435606,1.184250456,0,1,0,1.4240385,"{""geodesic"":false,""type"":""Point"",""coordinates"":[114.58815441123785,30.904695803799694]}"
1567,32,0,0,0,-14.81749512,0.318774824,-6.607218807,1.077069945,1.281465724,0,1,0,4.249456,"{""geodesic"":false,""type"":""Point"",""coordinates"":[114.50299412230332,30.282432806490103]}"
1568,45,0,0,0,-12.94682445,0.801235249,-6.810414023,0.580386079,1.142979939,0,1,0,1.4235753,"{""geodesic"":false,""type"":""Point"",""coordinates"":[114.60890549430101,30.850527392167287]}"
1569,35,0,0,0,-14.87072914,-0.581912103,-8.620876399,-1.157643121,0.766012202,0,1,0,1.4176549,"{""geodesic"":false,""type"":""Point"",""coordinates"":[114.24427932047689,30.143912589678873]}"
1570,22,0,0,0,-16.99161774,0.27344347,-8.165474551,-0.550213461,0.88100557,0,1,0,3.7172525,"{""geodesic"":false,""type"":""Point"",""coordinates"":[114.25047769593732,30.44116511719402]}"
1571,54,0,0,0,-14.04176096,2.04712722,-7.735721355,0.082323868,1.019136572,0,1,0,3.2205925,"{""geodesic"":false,""type"":""Point"",""coordinates"":[114.33994989823562,30.339026669389632]}"
1572,69,0,0,0,-16.13844435,-0.076387021,-10.1235721,0.959025456,1.247103637,0,1,0,2.9833066,"{""geodesic"":false,""type"":""Point"",""coordinates"":[114.40974899581171,31.132149233738758]}"
1573,38,0,0,0,-15.20484095,1.266635071,-8.571940648,1.644973432,1.460485815,0,1,0,0.92740995,"{""geodesic"":false,""type"":""Point"",""coordinates"":[114.57387119822035,30.87639887234993]}"
1574,29,-0.6406807,0.88969445,1,-13.29659171,-0.648174286,-6.67803604,0.223201993,1.052737757,0,2,0,2.1432593,"{""geodesic"":false,""type"":""Point"",""coordinates"":[114.07638419387496,30.42310897998322]}"
1575,98,0,0,0,-16.49742355,0.900912121,-10.66068762,1.287000945,1.34493128,0,1,0,3.7363062,"{""geodesic"":false,""type"":""Point"",""coordinates"":[114.42780513302252,31.09630645390239]}"
1576,29,0,0,0,-16.52038085,0.624067688,-9.397141028,-0.7108879,0.849006881,0,1,0,2.1458335,"{""geodesic"":false,""type"":""Point"",""coordinates"":[114.24374033130643,30.883136236980825]}"
1577,35,-0.63724375,0.68626446,1,-13.14828715,0.503572509,-8.954000339,-0.516164078,0.887939942,0,2,0,3.7196393,"{""geodesic"":false,""type"":""Point"",""coordinates"":[113.97397625148533,30.5244389440319]}"
1578,44,0,0,0,-12.66900481,0.335059745,-5.773273401,0.115923518,1.027051809,0,1,0,4.749215,"{""geodesic"":false,""type"":""Point"",""coordinates"":[114.33914141447991,30.24874598333562]}"
1579,35,0,0,0,-15.13192703,0.945327524,-7.800419293,0.585059597,1.144210581,0,1,0,2.8337812,"{""geodesic"":false,""type"":""Point"",""coordinates"":[114.42645766009633,30.156309340599723]}"
1580,83,0,0,0,-16.56137891,-0.096875676,-7.98588076,-0.539032362,0.883276679,0,1,0,0,"{""geodesic"":false,""type"":""Point"",""coordinates"":[114.23484700999364,31.068548511623096]}"
1581,34,0,0,0,-12.55079264,0.757767777,-7.754146319,1.21431969,1.322610509,0,1,0,3.5144255,"{""geodesic"":false,""type"":""Point"",""coordinates"":[114.54584376135581,30.55435284299308]}"
1582,37,0,0,0,-14.2565966,1.869251935,-9.65815481,1.148109213,1.302599542,0,1,0,3.5192866,"{""geodesic"":false,""type"":""Point"",""coordinates"":[114.22945711828892,30.91008569550441]}"
1583,27,-0.28714156,0.40422451,1,-16.12188546,1.227033802,-6.065931624,-0.801136081,0.831546217,0,2,0,2.1546798,"{""geodesic"":false,""type"":""Point"",""coordinates"":[113.99876975332703,30.626846886421525]}"
1584,40,0,0,0,-5.780188337,1.592369113,-3.936174985,0.528260883,1.129343582,0,1,0,0.92740995,"{""geodesic"":false,""type"":""Point"",""coordinates"":[114.2337690316527,30.73141078549304]}"
1585,27,-0.35853,0.35861766,1,-14.77310564,0.025867636,-6.863964311,0.663359364,1.165026855,0,2,0,2.346013,"{""geodesic"":false,""type"":""Point"",""coordinates"":[113.98987643201424,30.65460482870082]}"
1586,30,0,0,0,-15.8385868,-0.017811817,-10.04588001,-0.856831149,0.820950336,0,1,0,1.4239553,"{""geodesic"":false,""type"":""Point"",""coordinates"":[114.5299435808269,30.894993998731202]}"
1587,26,-0.34797162,0.4231047,1,-15.58039085,0.171809926,-7.70207894,0.884063357,1.225762514,0,2,0,3.5156846,"{""geodesic"":false,""type"":""Point"",""coordinates"":[113.96643040309873,30.647328474899453]}"
1588,28,0,0,0,-14.09308526,0.847188582,-5.066407494,1.723413518,1.487104034,0,1,0,2.1516623,"{""geodesic"":false,""type"":""Point"",""coordinates"":[114.24778275008497,30.49075212087742]}"
1589,26,0,0,0,-11.43218938,-0.101883348,-6.421592267,-0.751374834,0.841128826,0,1,0,2.34382,"{""geodesic"":false,""type"":""Point"",""coordinates"":[114.50110766020667,30.54734598377695]}"
1590,43,0,0,0,-18.47357631,0.542242981,-10.3577286,1.525338942,1.420803094,0,1,0,2.3535156,"{""geodesic"":false,""type"":""Point"",""coordinates"":[114.16558690158803,31.01815302418399]}"
1591,36,0,0,0,-19.67061867,0.431521745,-12.18715269,1.113607741,1.292292352,0,1,0,1.8543341,"{""geodesic"":false,""type"":""Point"",""coordinates"":[114.45556307530181,31.023003926718236]}"
1592,22,-0.48877245,0.7070254,1,-18.74995734,0.010997208,-12.48682508,1.60552327,1.447279222,0,2,0,0.92740995,"{""geodesic"":false,""type"":""Point"",""coordinates"":[114.16747336368468,30.104835874819674]}"
1593,41,0,0,0,-15.47451855,0.016861614,-10.15985201,0.635333926,1.157533031,0,1,0,1.0728033,"{""geodesic"":false,""type"":""Point"",""coordinates"":[114.28847643245557,30.180294358685714]}"
1594,55,0,0,0,-15.54461805,0.589524175,-10.92086245,0.158564716,1.037185584,0,1,0,4.70199,"{""geodesic"":false,""type"":""Point"",""coordinates"":[114.30437661298448,31.08714363800437]}"
1595,21,-0.32309124,0.2800761,1,-14.18686945,0.010534397,-8.3426092,0.376656904,1.090600495,0,2,0,1.4184421,"{""geodesic"":false,""type"":""Point"",""coordinates"":[113.77589773133697,30.2395831674376]}"
1596,51,0,0,0,-16.32629437,-0.654636436,-8.777684673,0.220702759,1.052132112,0,1,0,1.8543341,"{""geodesic"":false,""type"":""Point"",""coordinates"":[114.21247895941906,31.001713854484603]}"
1597,24,-0.49844676,0.6379147,1,-14.56947639,-0.233184115,-7.546882179,-0.137664751,0.96879865,0,2,0,1.4212465,"{""geodesic"":false,""type"":""Point"",""coordinates"":[113.97047282187727,30.57591240981195]}"
1598,32,0,0,0,-15.258218,-0.647223396,-7.854552732,-0.859285321,0.820486553,0,1,0,0.92740995,"{""geodesic"":false,""type"":""Point"",""coordinates"":[114.11788636000128,30.735453204271575]}"
1599,20,0,0,0,-15.11683941,1.20108717,-10.06183505,-1.032845657,0.788343397,0,1,0,4.6273675,"{""geodesic"":false,""type"":""Point"",""coordinates"":[114.26664737105148,30.144721073434578]}"
1600,23,0,0,0,-15.38089687,0.872717041,-4.726472359,-0.422001055,0.907402339,0,1,0,2.9812756,"{""geodesic"":false,""type"":""Point"",""coordinates"":[114.50757553025232,30.633584251052422]}"
1601,21,0,0,0,-14.70841902,1.467123399,-12.19881922,0.711518208,1.178017713,0,1,0,2.8424537,"{""geodesic"":false,""type"":""Point"",""coordinates"":[114.75443257032838,30.677242373860633]}"
1602,41,-0.53137255,0.7852123,1,-15.33521719,-0.295860095,-10.45873832,0.854981977,1.21758194,0,2,0,2.1501064,"{""geodesic"":false,""type"":""Point"",""coordinates"":[114.04188888696477,30.420144539545625]}"
1603,47,0,0,0,-13.64627934,0.635001836,-5.918744431,0.073743957,1.017125156,0,1,0,3.232685,"{""geodesic"":false,""type"":""Point"",""coordinates"":[114.59704773255064,30.703922337798982]}"
1604,22,-0.4187759,0.42738044,1,-12.99315585,0.421145982,-6.443699145,-0.824482566,0.827088045,0,2,0,0.92740995,"{""geodesic"":false,""type"":""Point"",""coordinates"":[114.12058130585363,30.6416690886095]}"
1605,47,0,0,0,-16.09686918,0.670072876,-5.290053739,0.39627537,1.095538229,0,1,0,2.8324163,"{""geodesic"":false,""type"":""Point"",""coordinates"":[114.35719755169072,30.07303551376184]}"
1606,30,0,0,0,-9.899649986,0.192985874,-0.844225777,0.270520383,1.064270534,0,1,0,0.92740995,"{""geodesic"":false,""type"":""Point"",""coordinates"":[114.45744953739846,30.640860604853792]}"
1607,47,0,0,0,-16.55683508,-0.396109667,-8.362724985,-0.056425544,0.987091576,0,1,0,2.3526309,"{""geodesic"":false,""type"":""Point"",""coordinates"":[114.30922751551873,30.975572879716726]}"
1608,26,-0.4719955,0.6832117,1,-14.78679122,-0.635262635,-8.780580367,-0.389460229,0.914226861,0,2,0,1.4182839,"{""geodesic"":false,""type"":""Point"",""coordinates"":[113.85162570978825,30.220179557300618]}"
1609,17,0,0,0,-24.8807323,1.335490038,-21.50010568,-0.6332102,0.864328792,0,1,0,1.8543341,"{""geodesic"":false,""type"":""Point"",""coordinates"":[114.79701271479564,30.64759796948469]}"
1610,22,0,0,0,-16.35542649,-0.732204069,-9.250672212,1.257462226,1.335814713,0,1,0,2.3489501,"{""geodesic"":false,""type"":""Point"",""coordinates"":[114.65121614418304,30.79770645346106]}"
1611,54,0,0,0,-13.72677505,0.987675256,-8.561636367,0.36173994,1.086860972,0,1,0,2.334369,"{""geodesic"":false,""type"":""Point"",""coordinates"":[114.51431289488322,30.07707793254038]}"
1612,28,0,0,0,-16.84621436,-0.330987331,-10.33737489,-0.265028033,0.940799757,0,1,0,0,"{""geodesic"":false,""type"":""Point"",""coordinates"":[114.52590116204837,30.01590266169184]}"
1613,33,0,0,0,-15.82074869,1.932844533,-10.94068565,-0.375528814,0.917164251,0,1,0,0,"{""geodesic"":false,""type"":""Point"",""coordinates"":[114.3593535083726,31.123794901596447]}"
1614,25,0,0,0,-12.73357512,-0.06664611,-4.7751569,0.744849577,1.187093584,0,1,0,3.7236807,"{""geodesic"":false,""type"":""Point"",""coordinates"":[114.50703654108186,30.664845622939783]}"
1615,27,0,0,0,-14.84806835,1.770567228,-11.47308064,-1.002798534,0.793816545,0,1,0,4.748793,"{""geodesic"":false,""type"":""Point"",""coordinates"":[114.48601596343346,30.075191470443727]}"
1616,43,0,0,0,-14.25264455,2.054069818,-8.254678697,1.326995794,1.357374166,0,1,0,3.3516424,"{""geodesic"":false,""type"":""Point"",""coordinates"":[114.242123363795,30.361664214549442]}"
1617,45,0,0,0,-19.31551256,0.183103916,-12.81271137,0.660862333,1.164357201,0,1,0,3.518934,"{""geodesic"":false,""type"":""Point"",""coordinates"":[114.27068978983,30.884483709907006]}"
1618,25,-0.48445112,0.7702807,1,-12.51852379,0.706586835,-9.85154446,-0.909418185,0.811069708,0,2,0,1.4214827,"{""geodesic"":false,""type"":""Point"",""coordinates"":[113.94514033086509,30.60393984667648]}"
1619,34,0,0,0,-13.24124277,2.167344489,-8.772617582,-0.113228529,0.974265103,0,1,0,2.1420083,"{""geodesic"":false,""type"":""Point"",""coordinates"":[114.49490928474624,30.195116560873686]}"
1620,22,0,0,0,-8.641063678,0.306374667,-6.468116374,-0.905927157,0.811721939,0,1,0,3.5180507,"{""geodesic"":false,""type"":""Point"",""coordinates"":[114.35800603544642,30.82034399862087]}"
1621,32,0,0,0,-13.7916779,1.248438096,-7.232308333,1.036586019,1.269575702,0,1,0,1.4248304,"{""geodesic"":false,""type"":""Point"",""coordinates"":[114.43615946516482,30.99686295195036]}"
1622,51,0,0,0,-15.87352892,-0.40111922,-6.998801632,1.009625325,1.261718679,0,1,0,2.35281,"{""geodesic"":false,""type"":""Point"",""coordinates"":[114.30545459132543,30.984196706444273]}"
1623,61,0,0,0,-16.25159766,-0.233585026,-10.14822596,0.862483815,1.219686962,0,1,0,0,"{""geodesic"":false,""type"":""Point"",""coordinates"":[114.54207083716251,30.949162410363613]}"
1624,31,0,0,0,-16.80846669,0.857707988,-11.37116632,1.027700688,1.266980903,0,1,0,2.3495977,"{""geodesic"":false,""type"":""Point"",""coordinates"":[114.44559177564808,30.829237319933654]}"
1625,28,-0.5804143,0.8575549,1,-16.80821376,0.367502597,-11.46958941,-0.288264761,0.935779494,0,2,0,3.7177052,"{""geodesic"":false,""type"":""Point"",""coordinates"":[113.82925765921368,30.457065297722938]}"
1626,30,0,0,0,-14.5759368,1.432946917,-7.606977571,1.726594137,1.488193536,0,1,0,0,"{""geodesic"":false,""type"":""Point"",""coordinates"":[114.59327480835732,30.46595861903572]}"
1627,26,-0.28697512,0.415625,1,-11.90120764,1.141088394,-2.514233471,0.749603501,1.188393725,0,2,0,0.92740995,"{""geodesic"":false,""type"":""Point"",""coordinates"":[114.19118888718543,30.46784508113237]}"
1628,15,0,0,0,-25.94453831,1.06572046,-20.56769354,-1.234388138,0.752594753,0,1,0,0,"{""geodesic"":false,""type"":""Point"",""coordinates"":[114.5698287794418,30.764828114062286]}"
1629,16,0,0,0,-27.03397591,2.086564156,-22.37428271,0.067207445,1.015595445,0,1,0,0,"{""geodesic"":false,""type"":""Point"",""coordinates"":[114.44747823774473,30.11938858242241]}"
1630,33,0,0,0,-13.41153207,1.784569186,-8.048588604,-1.107121571,0.774975268,0,1,0,0.92740995,"{""geodesic"":false,""type"":""Point"",""coordinates"":[114.52644015121884,30.55057991879978]}"
1631,44,-0.33723786,0.2270291,1,-13.29198491,1.316916872,-9.400358787,-1.048352974,0.785533485,0,2,0,2.9806585,"{""geodesic"":false,""type"":""Point"",""coordinates"":[114.02329376058348,30.479163853712276]}"
1632,92,0,0,0,-16.99058602,0.121487722,-9.085780695,0.107388472,1.02503536,0,1,0,3.5204594,"{""geodesic"":false,""type"":""Point"",""coordinates"":[114.50326361688855,30.99470699526847]}"
1633,24,0,0,0,-10.54276028,0.650576453,-5.221198971,1.291417117,1.346299584,0,1,0,3.224966,"{""geodesic"":false,""type"":""Point"",""coordinates"":[114.32081578268388,30.471618005325674]}"
1634,31,0,0,0,-16.25090464,0.416141823,-11.37970843,1.218646712,1.323928927,0,1,0,2.1433682,"{""geodesic"":false,""type"":""Point"",""coordinates"":[114.55554556642431,30.44278208470544]}"
1635,22,0,0,0,-15.20534459,-0.054137353,-9.639482956,-0.299055135,0.933457365,0,1,0,3.720717,"{""geodesic"":false,""type"":""Point"",""coordinates"":[114.57387119822035,30.561898691379685]}"
1636,46,0,0,0,-16.74808013,0.889181637,-11.66921993,0.630745092,1.156310606,0,1,0,2.1460607,"{""geodesic"":false,""type"":""Point"",""coordinates"":[114.47334971792738,30.923021435595732]}"
1637,31,0,0,0,-15.29762688,2.079960026,-10.55861117,-1.239312285,0.751741925,0,1,0,0.92740995,"{""geodesic"":false,""type"":""Point"",""coordinates"":[114.82018924912592,30.937574143198468]}"
1638,34,0,0,0,-13.69291947,1.561318019,-10.0356938,1.729967019,1.489349767,0,1,0,2.1511228,"{""geodesic"":false,""type"":""Point"",""coordinates"":[114.5652473714928,30.466497608206193]}"
1639,34,0,0,0,-14.99021228,-0.045837837,-9.128821765,-0.613409432,0.868278519,0,1,0,2.1454358,"{""geodesic"":false,""type"":""Point"",""coordinates"":[114.73206451975379,30.81279815023427]}"
1640,23,-0.35892513,0.29537955,1,-16.16908669,0.482360943,-9.321314174,0.16555752,1.038856956,0,2,0,2.7802885,"{""geodesic"":false,""type"":""Point"",""coordinates"":[113.8580935798339,30.39642901604487]}"
1641,28,0,0,0,-13.58345079,1.194074553,-7.911631025,-0.962628566,0.801192995,0,1,0,4.3002234,"{""geodesic"":false,""type"":""Point"",""coordinates"":[114.54557426677059,30.557856272601146]}"
1642,20,-0.45211208,0.7421875,1,-13.81400789,1.814027681,-6.977606406,1.635166551,1.457191587,0,2,0,2.1430526,"{""geodesic"":false,""type"":""Point"",""coordinates"":[113.903907659324,30.385649232635433]}"
1643,24,0,0,0,-18.0350453,0.368228012,-5.188539181,-0.744153577,0.842528581,0,1,0,3.8575747,"{""geodesic"":false,""type"":""Point"",""coordinates"":[114.12165928419458,30.64274706695044]}"
1644,28,0,0,0,-16.07381377,-9.90E-04,-10.23022147,-0.147331014,0.966644755,0,1,0,2.3494372,"{""geodesic"":false,""type"":""Point"",""coordinates"":[114.65525856296158,30.821421976961815]}"
1645,50,0,0,0,-15.69873531,0.401667479,-9.756412613,-0.846706567,0.822866427,0,1,0,4.9100347,"{""geodesic"":false,""type"":""Point"",""coordinates"":[114.63639394199507,30.660803204161244]}"
1646,36,-0.4089347,0.4665826,1,-16.34371247,0.486711776,-10.84319419,-0.709053874,0.849365492,0,2,0,2.340517,"{""geodesic"":false,""type"":""Point"",""coordinates"":[114.10279466322807,30.384301759709256]}"
1647,30,0,0,0,-17.34557669,0.361107283,-7.999888191,1.338275546,1.360904201,0,1,0,2.981658,"{""geodesic"":false,""type"":""Point"",""coordinates"":[114.57521867114653,30.72871583964068]}"
1648,27,0,0,0,-12.82980754,1.359969483,-5.504556544,-0.271942064,0.939303182,0,1,0,3.3502316,"{""geodesic"":false,""type"":""Point"",""coordinates"":[114.4366984543353,30.31692811340029]}"
1649,42,0,0,0,-17.36559585,0.512994564,-10.7101823,-0.688014735,0.853490176,0,1,0,3.5193136,"{""geodesic"":false,""type"":""Point"",""coordinates"":[114.25155567427826,30.911972157601063]}"
1650,27,0,0,0,-12.02868286,2.117915666,-11.7278071,-0.573850206,0.876223667,0,1,0,0,"{""geodesic"":false,""type"":""Point"",""coordinates"":[113.94433184710938,30.73329724758969]}"
1651,146,0,0,0,-12.94964363,1.234424225,-7.623357133,0.213059673,1.050282108,0,1,0,4.7036104,"{""geodesic"":false,""type"":""Point"",""coordinates"":[114.28308654075086,31.12622035286357]}"
1652,39,0,0,0,-15.12146871,1.880645727,-10.36747631,0.535749078,1.1312925,0,1,0,2.3510048,"{""geodesic"":false,""type"":""Point"",""coordinates"":[114.61375639683526,30.89714995541309]}"
1653,46,0,0,0,-16.33123874,0.100949342,-9.492672277,1.377882596,1.373372224,0,1,0,0,"{""geodesic"":false,""type"":""Point"",""coordinates"":[114.97029773310229,30.92841132730045]}"
1654,38,0,0,0,-15.75394349,0.751497919,-10.30576181,-0.374758707,0.917326901,0,1,0,1.4189363,"{""geodesic"":false,""type"":""Point"",""coordinates"":[114.2488607284259,30.299141470774725]}"
1655,25,0,0,0,-14.49054482,1.142886688,-8.105419931,-0.646340711,0.861719516,0,1,0,2.1455817,"{""geodesic"":false,""type"":""Point"",""coordinates"":[114.77733961007341,30.83866963041691]}"
1656,50,0,0,0,-17.33158875,0.130581951,-6.840338078,1.715527823,1.484406278,0,1,0,0.92740995,"{""geodesic"":false,""type"":""Point"",""coordinates"":[114.24427932047689,30.986622157711395]}"
1657,52,0,0,0,-14.07622455,0.427876248,-7.230951177,1.463797816,1.400811768,0,1,0,4.255177,"{""geodesic"":false,""type"":""Point"",""coordinates"":[114.4404713785286,30.512581182281522]}"
1658,55,0,0,0,-15.42575525,0.60608191,-6.198800796,-0.976600954,0.79861949,0,1,0,4.2880187,"{""geodesic"":false,""type"":""Point"",""coordinates"":[114.34318383325845,31.0903775730272]}"
1659,33,0,0,0,-15.03386948,-0.657146959,-8.971062842,0.151211228,1.035430903,0,1,0,1.0767211,"{""geodesic"":false,""type"":""Point"",""coordinates"":[114.4652648803703,30.53683569495275]}"
1660,25,-0.12273457,0.35980663,1,-13.90013228,0.447272282,-7.972231568,1.357359294,1.366897438,0,2,0,0.92740995,"{""geodesic"":false,""type"":""Point"",""coordinates"":[113.75406866993288,30.429037860858408]}"
1661,23,0,0,0,-15.1848427,-0.549309461,-7.877690758,0.901453029,1.230680453,0,1,0,2.981565,"{""geodesic"":false,""type"":""Point"",""coordinates"":[114.53937589131016,30.705539305310396]}"
1662,28,0,0,0,-14.8580483,0.24239424,-7.160926905,0.509488673,1.124472574,0,1,0,0.92740995,"{""geodesic"":false,""type"":""Point"",""coordinates"":[114.88944935753153,30.8874481503446]}"
1663,29,0,0,0,-12.78486706,0.554115275,-6.045090956,1.343977346,1.362692089,0,1,0,3.2118876,"{""geodesic"":false,""type"":""Point"",""coordinates"":[114.29117137830794,30.0719575354209]}"
1664,33,0,0,0,-15.16621304,1.131130904,-10.44725527,0.436992704,1.105857761,0,1,0,2.1416125,"{""geodesic"":false,""type"":""Point"",""coordinates"":[114.34156686574704,30.122353022860004]}"
1665,41,0,0,0,-13.8548381,1.986165354,-8.669677577,-0.275783205,0.938472778,0,1,0,2.982428,"{""geodesic"":false,""type"":""Point"",""coordinates"":[114.63396849072794,30.918440027646724]}"
1666,42,0,0,0,-16.47921704,0.978104941,-10.88108075,-0.735764707,0.844157589,0,1,0,0,"{""geodesic"":false,""type"":""Point"",""coordinates"":[114.53829791296921,30.902539847117808]}"
1667,27,0,0,0,-22.1157172,1.757639526,-9.698780384,0.708851262,1.17729453,0,1,0,0.92740995,"{""geodesic"":false,""type"":""Point"",""coordinates"":[114.38091307519147,30.338218185633924]}"
1668,49,0,0,0,-12.5310793,1.142494111,-8.884699049,0.050128903,1.011609479,0,1,0,3.8593717,"{""geodesic"":false,""type"":""Point"",""coordinates"":[114.35638906793501,31.21326710389475]}"
1669,58,0,0,0,-14.55291471,1.655757978,-10.12951968,-1.203709352,0.757929943,0,1,0,2.147375,"{""geodesic"":false,""type"":""Point"",""coordinates"":[114.33402101736043,31.15290031680192]}"
1670,41,-0.57223266,0.7873705,1,-15.84659386,0.781055825,-11.26938304,0.263302742,1.062503267,0,2,0,3.8566988,"{""geodesic"":false,""type"":""Point"",""coordinates"":[114.16046650446854,30.357621795770907]}"
1671,26,0,0,0,-15.69465847,1.22293124,-9.654610941,-0.685987817,0.853888606,0,1,0,1.0803151,"{""geodesic"":false,""type"":""Point"",""coordinates"":[114.79108383392045,30.858612229724365]}"
1672,50,0,0,0,-13.36403442,0.935277985,-8.860328691,0.280925304,1.066823393,0,1,0,2.8362398,"{""geodesic"":false,""type"":""Point"",""coordinates"":[114.34075838199134,30.305609340820386]}"
1673,42,0,0,0,-15.62422359,-0.123715429,-8.457229366,1.184110207,1.313442366,0,1,0,1.4239981,"{""geodesic"":false,""type"":""Point"",""coordinates"":[114.54287932091822,30.900114395850686]}"
1674,25,0,0,0,-19.55751511,-0.748974649,-12.47092675,-0.480075667,0.895349166,0,1,0,1.4213634,"{""geodesic"":false,""type"":""Point"",""coordinates"":[114.68059105397374,30.58965663365898]}"
1675,29,0,0,0,-15.9250538,0.117574034,-10.57123462,0.538855783,1.132102054,0,1,0,1.8543341,"{""geodesic"":false,""type"":""Point"",""coordinates"":[114.56955928485657,30.45949074899006]}"
1676,46,0,0,0,-12.96651328,1.84231611,-8.291540952,-0.664793667,0.85806588,0,1,0,4.677823,"{""geodesic"":false,""type"":""Point"",""coordinates"":[114.48817192011535,30.49775898009355]}"
1677,48,0,0,0,-15.53083779,1.236051242,-9.368245453,0.41741708,1.100884376,0,1,0,2.9795878,"{""geodesic"":false,""type"":""Point"",""coordinates"":[114.31165296678586,30.207782806379768]}"
1678,28,0,0,0,-14.56840994,-0.339851841,-8.529478004,-0.03739664,0.991426073,0,1,0,2.1458037,"{""geodesic"":false,""type"":""Point"",""coordinates"":[114.79997715523324,30.87774634527611]}"
1679,15,0,0,0,-25.86330293,0.665583314,-19.55027674,1.11190971,1.291787183,0,1,0,0,"{""geodesic"":false,""type"":""Point"",""coordinates"":[114.54611325594105,30.751622879385728]}"
1680,31,0,0,0,-13.8937674,-0.236497001,-5.472560285,-1.201953908,0.758236365,0,1,0,2.9826064,"{""geodesic"":false,""type"":""Point"",""coordinates"":[114.43427300306817,30.961828655869695]}"
1681,27,0,0,0,-24.60107457,1.514256312,-14.18879984,-1.142808368,0.768633242,0,1,0,3.3525991,"{""geodesic"":false,""type"":""Point"",""coordinates"":[114.39196235318614,30.39184760809586]}"
1682,33,0,0,0,-13.33623996,1.479340437,-4.740314952,-0.828232762,0.826374151,0,1,0,2.1453636,"{""geodesic"":false,""type"":""Point"",""coordinates"":[114.31542589097916,30.800131904728183]}"
1683,46,0,0,0,-11.70246219,0.053609446,-9.004524663,0.635568228,1.157595481,0,1,0,0,"{""geodesic"":false,""type"":""Point"",""coordinates"":[114.26152697393199,30.04500807689731]}"
1684,38,0,0,0,-15.25333332,1.618601547,-9.986032672,-0.63373671,0.864224012,0,1,0,3.7184687,"{""geodesic"":false,""type"":""Point"",""coordinates"":[114.50622805732614,30.48347576707605]}"
1685,40,0,0,0,-16.6126703,1.672715056,-9.619643432,0.857260375,1.218220876,0,1,0,2.980079,"{""geodesic"":false,""type"":""Point"",""coordinates"":[114.26934231690383,30.332828293929207]}"
1686,29,-0.36698171,0.19322345,1,-12.72797639,1.840362207,-7.694734231,-0.890846743,0.814545457,0,2,0,1.0757688,"{""geodesic"":false,""type"":""Point"",""coordinates"":[113.79718780357061,30.450866922262513]}"
1687,27,0,0,0,-12.81378808,-0.422154974,-9.676166022,-1.22036408,0.755028929,0,1,0,0.92740995,"{""geodesic"":false,""type"":""Point"",""coordinates"":[113.94271487959797,30.746771976851484]}"
1688,32,0,0,0,-15.11160214,1.924093262,-8.519450578,0.710450062,1.177728016,0,1,0,3.7306974,"{""geodesic"":false,""type"":""Point"",""coordinates"":[114.65552805754682,30.90577378214064]}"
1689,40,0,0,0,-15.94576611,0.123241578,-10.53424441,-0.608580385,0.86924452,0,1,0,3.3693995,"{""geodesic"":false,""type"":""Point"",""coordinates"":[114.65795350881393,30.916014576379602]}"
1690,27,0,0,0,-13.93727672,2.125593142,-9.305748247,0.305591257,1.072899705,0,1,0,1.0794283,"{""geodesic"":false,""type"":""Point"",""coordinates"":[114.47820062046162,30.779650316250258]}"
1691,18,0,0,0,-23.95670189,0.05624939,-18.62363614,-1.103194382,0.775676371,0,1,0,1.0770693,"{""geodesic"":false,""type"":""Point"",""coordinates"":[114.46310892368841,30.568366561425346]}"
1692,24,0,0,0,-17.822001,-0.353493838,-11.5280679,-0.171485938,0.961283319,0,1,0,4.673048,"{""geodesic"":false,""type"":""Point"",""coordinates"":[114.35153816540077,30.379181362589776]}"
1693,24,0,0,0,-16.18322507,0.921026196,-5.994195375,1.03268144,1.268434787,0,1,0,2.1578732,"{""geodesic"":false,""type"":""Point"",""coordinates"":[114.70268960996309,30.769948511181767]}"
1694,34,0,0,0,-13.03346967,1.854921946,-9.452444806,0.799953327,1.202251514,0,1,0,0,"{""geodesic"":false,""type"":""Point"",""coordinates"":[114.44154935686954,30.902809341703044]}"
1695,33,0,0,0,-14.30606878,1.439656221,-4.549307025,1.344496825,1.362855096,0,1,0,2.3444932,"{""geodesic"":false,""type"":""Point"",""coordinates"":[114.26961181148907,30.580224323175724]}"
1696,18,0,0,0,-26.30679213,-0.197872695,-24.2259061,0.483553797,1.117777542,0,1,0,0,"{""geodesic"":false,""type"":""Point"",""coordinates"":[114.33779394155374,30.449519449336332]}"
1697,27,0,0,0,-12.1481444,0.144670243,-7.132060094,0.124190223,1.029008642,0,1,0,1.0802525,"{""geodesic"":false,""type"":""Point"",""coordinates"":[114.48655495260392,30.85295284343441]}"
1698,32,0,0,0,-16.00023658,0.116663014,-11.28497481,-0.018688371,0.995706089,0,1,0,0.92740995,"{""geodesic"":false,""type"":""Point"",""coordinates"":[114.9034630759638,30.918170533061488]}"
1699,49,0,0,0,-16.74898541,0.950499525,-11.53984162,0.152800364,1.03580985,0,1,0,3.3700314,"{""geodesic"":false,""type"":""Point"",""coordinates"":[114.57710513324318,30.935418186516582]}"
1700,24,-0.42578033,0.43162584,1,-16.36119511,0.14708802,-10.47449032,0.313445897,1.074841904,0,2,0,0.92740995,"{""geodesic"":false,""type"":""Point"",""coordinates"":[113.80635061946863,30.254405369625573]}"
1701,22,-0.53193146,0.7863248,1,-12.21964884,1.478323225,-10.08001445,-0.297220845,0.933851704,0,2,0,3.2254434,"{""geodesic"":false,""type"":""Point"",""coordinates"":[114.09740477152336,30.48617071292841]}"
1702,29,-0.44408718,0.5662957,1,-13.01427553,1.898931296,-6.577848118,0.409528246,1.098886466,0,2,0,2.1442413,"{""geodesic"":false,""type"":""Point"",""coordinates"":[114.1052201144952,30.59989742789794]}"
1703,26,0,0,0,-12.09295064,-0.014488572,-7.314910079,1.210235864,1.321367395,0,1,0,1.8543341,"{""geodesic"":false,""type"":""Point"",""coordinates"":[114.48763293094487,30.163316199815853]}"
1704,50,0,0,0,-13.20921738,2.157173338,-7.86898766,0.305215121,1.072806786,0,1,0,4.6273675,"{""geodesic"":false,""type"":""Point"",""coordinates"":[114.44208834604001,30.982040749762387]}"
1705,18,0,0,0,-17.42453848,-0.741530026,-10.25641157,-0.603062439,0.870349644,0,1,0,1.4229667,"{""geodesic"":false,""type"":""Point"",""coordinates"":[114.23781145043124,30.779111327079786]}"
1706,66,0,0,0,-13.66664216,1.671017446,-9.669454749,-0.405588185,0.910838085,0,1,0,0,"{""geodesic"":false,""type"":""Point"",""coordinates"":[114.27473220860854,31.211111147212865]}"
1707,25,-0.36993036,0.24294965,1,-16.95475992,-0.685898215,-10.09219971,0.427156011,1.103355848,0,2,0,4.676512,"{""geodesic"":false,""type"":""Point"",""coordinates"":[114.10872354410326,30.465150135280012]}"
1708,33,0,0,0,-14.02025986,1.004499873,-7.655148889,-0.779040577,0.835787636,0,1,0,3.8572018,"{""geodesic"":false,""type"":""Point"",""coordinates"":[114.4366984543353,30.522013492764778]}"
1709,19,0,0,0,-14.96328216,1.345984242,-8.334249678,0.156277941,1.036639598,0,1,0,2.7802885,"{""geodesic"":false,""type"":""Point"",""coordinates"":[114.08527751518774,30.659725225820303]}"
1710,30,0,0,0,-15.02258739,0.562045825,-9.432914379,-0.925654333,0.808043176,0,1,0,1.0816708,"{""geodesic"":false,""type"":""Point"",""coordinates"":[114.78731090972714,30.97853732015432]}"
1711,24,0,0,0,-12.56874146,1.472459863,-8.81699189,-0.206240318,0.953621356,0,1,0,0.92740995,"{""geodesic"":false,""type"":""Point"",""coordinates"":[113.94190639584227,30.7664450815737]}"
1712,28,0,0,0,-13.00240732,0.140332683,-8.878812704,0.212079825,1.050045172,0,1,0,2.3456893,"{""geodesic"":false,""type"":""Point"",""coordinates"":[114.62777011526752,30.63897414275714]}"
1713,28,0,0,0,-15.29004471,0.1705774,-9.100457644,0.476011585,1.115838029,0,1,0,2.9816713,"{""geodesic"":false,""type"":""Point"",""coordinates"":[114.62372769648898,30.731949774663512]}"
1714,44,0,0,0,-15.86974131,0.243045097,-7.09627525,-0.838442009,0.82443382,0,1,0,2.143542,"{""geodesic"":false,""type"":""Point"",""coordinates"":[114.45744953739846,30.474043456592796]}"
1715,36,0,0,0,-11.99543058,0.832371249,-2.757372435,1.156752125,1.305194432,0,1,0,1.8543341,"{""geodesic"":false,""type"":""Point"",""coordinates"":[114.65903148715488,30.903348330873516]}"
1716,49,0,0,0,-14.17039279,1.410556259,-8.492761874,1.113655533,1.292306573,0,1,0,3.7328656,"{""geodesic"":false,""type"":""Point"",""coordinates"":[114.95628401467003,30.97961529849526]}"
1717,46,0,0,0,-15.02416035,1.959482745,-8.963960611,1.325650799,1.356953857,0,1,0,1.4237794,"{""geodesic"":false,""type"":""Point"",""coordinates"":[114.90912246225375,30.874512410253278]}"
1718,35,0,0,0,-19.1378392,-0.203146344,-10.35935498,-0.479288812,0.8955114,0,1,0,2.3483438,"{""geodesic"":false,""type"":""Point"",""coordinates"":[114.62453618024469,30.768331543670353]}"
1719,41,0,0,0,-16.84971303,-0.19539949,-10.04315751,-0.27177037,0.939340317,0,1,0,2.979362,"{""geodesic"":false,""type"":""Point"",""coordinates"":[114.3165038693201,30.150110965139298]}"
1720,23,0,0,0,-15.87877493,1.812762532,-8.911014565,-0.314894136,0.930059186,0,1,0,1.0800993,"{""geodesic"":false,""type"":""Point"",""coordinates"":[114.3660908730035,30.839478114172618]}"
1721,47,-0.4705365,0.81659144,1,-13.93443765,-0.456235127,-9.139474834,-0.471720059,0.897073431,0,2,0,1.42054,"{""geodesic"":false,""type"":""Point"",""coordinates"":[113.93193509618854,30.491560604633126]}"
1722,21,-0.19430761,0.4279495,1,-17.27800059,-0.232428925,-11.04375757,-1.090904797,0.777874474,0,2,0,2.3400466,"{""geodesic"":false,""type"":""Point"",""coordinates"":[113.97586271358198,30.360855730793737]}"
1723,31,0,0,0,-15.92557422,0.064297492,-10.36053755,-0.722091328,0.846819533,0,1,0,1.0798713,"{""geodesic"":false,""type"":""Point"",""coordinates"":[114.81587733576214,30.81926602027993]}"
1724,24,0,0,0,-14.43731405,-0.266485054,-7.599482754,1.612035861,1.44945116,0,1,0,2.144401,"{""geodesic"":false,""type"":""Point"",""coordinates"":[114.5404538696511,30.62873334851818]}"
1725,23,0,0,0,-14.69794859,-0.321063778,-8.715981466,-0.81243172,0.829386244,0,1,0,3.7047918,"{""geodesic"":false,""type"":""Point"",""coordinates"":[114.29359682957505,30.500184431360672]}"
1726,45,0,0,0,-14.98439076,0.496768209,-10.68703832,-0.838326942,0.824455664,0,1,0,2.9819806,"{""geodesic"":false,""type"":""Point"",""coordinates"":[114.29521379708648,30.808216742285257]}"
1727,45,0,0,0,-13.31727913,-0.416723906,-8.330725388,0.26438571,1.062768249,0,1,0,3.2168915,"{""geodesic"":false,""type"":""Point"",""coordinates"":[114.31865982600199,30.22583894359057]}"
1728,34,0,0,0,-12.45025956,0.859891033,-6.064845697,0.30816851,1.073536589,0,1,0,2.7802885,"{""geodesic"":false,""type"":""Point"",""coordinates"":[114.28578148660321,30.405861326528125]}"
1729,24,-0.53218096,0.71554404,1,-14.67293451,-0.089136104,-8.869491526,-1.158799953,0.765808187,0,2,0,0,"{""geodesic"":false,""type"":""Point"",""coordinates"":[113.92654520448382,30.37756439507836]}"
1730,14,0,0,0,-14.59352724,0.709498826,-8.94889768,0.676309346,1.168505967,0,1,0,4.2616324,"{""geodesic"":false,""type"":""Point"",""coordinates"":[114.51754682990605,30.768601038255586]}"
1731,27,0,0,0,-12.88974577,1.304743777,-10.69998303,0.146255647,1.034250084,0,1,0,2.8417556,"{""geodesic"":false,""type"":""Point"",""coordinates"":[114.81911127078497,30.63574020773431]}"
1732,29,0,0,0,-16.13158715,2.075091142,-12.67808061,-0.467295158,0.897987899,0,1,0,0.92740995,"{""geodesic"":false,""type"":""Point"",""coordinates"":[114.88944935753153,30.882866742395592]}"
1733,22,0,0,0,-17.63255182,1.290819383,-13.41135534,0.291075944,1.069319765,0,1,0,2.3484697,"{""geodesic"":false,""type"":""Point"",""coordinates"":[114.75443257032838,30.774529919130774]}"
1734,31,0,0,0,-14.94918766,1.671937257,-10.17307714,-0.109951702,0.975000481,0,1,0,2.839982,"{""geodesic"":false,""type"":""Point"",""coordinates"":[114.6261531477561,30.53036782490709]}"
1735,22,0,0,0,-15.41227557,-0.313726752,-9.20280669,0.671385908,1.167182025,0,1,0,2.1495748,"{""geodesic"":false,""type"":""Point"",""coordinates"":[114.32054628809864,30.396159521459634]}"
1736,27,0,0,0,-13.26752443,1.627423351,-7.20050452,0.373222524,1.089738394,0,1,0,2.1450303,"{""geodesic"":false,""type"":""Point"",""coordinates"":[113.94001993374562,30.740843095976295]}"
1737,51,0,0,0,-14.41532815,0.615894446,-9.961509664,-0.144458613,0.9672843,0,1,0,2.7802885,"{""geodesic"":false,""type"":""Point"",""coordinates"":[114.34749574662223,30.963984612551585]}"
1738,52,0,0,0,-16.21334515,-0.030276104,-9.998084796,-0.045508629,0.989575962,0,1,0,1.4244817,"{""geodesic"":false,""type"":""Point"",""coordinates"":[114.58788491665261,30.95643876416498]}"
1739,45,0,0,0,-14.45611584,1.730571883,-9.106026593,0.70640233,1.176630856,0,1,0,1.4240338,"{""geodesic"":false,""type"":""Point"",""coordinates"":[114.58141704660694,30.90415681462922]}"
1740,24,0,0,0,-17.19374063,0.29389914,-12.48413945,-0.362180364,0.919987578,0,1,0,0,"{""geodesic"":false,""type"":""Point"",""coordinates"":[114.33348202818996,30.416910604522794]}"
1741,21,0,0,0,-15.71206918,1.36882843,-10.22963876,-0.017879453,0.995891566,0,1,0,3.2367654,"{""geodesic"":false,""type"":""Point"",""coordinates"":[114.6690027868086,30.825464395740354]}"
1742,36,0,0,0,-13.47091916,1.68057447,-6.842862405,1.246650816,1.332493446,0,1,0,3.3657289,"{""geodesic"":false,""type"":""Point"",""coordinates"":[114.87247119866167,30.80282685058054]}"
1743,26,0,0,0,-15.51462341,-0.168805034,-9.441824987,1.366531807,1.369787443,0,1,0,2.1457028,"{""geodesic"":false,""type"":""Point"",""coordinates"":[114.76090044037403,30.859959702650542]}"
1744,24,-0.53107345,0.70252323,1,-15.22303147,0.965161353,-10.09773511,-1.079835885,0.77985958,0,2,0,1.0739372,"{""geodesic"":false,""type"":""Point"",""coordinates"":[114.12112029502411,30.284049774001517]}"
1745,25,0,0,0,-13.70303814,1.78037107,-12.84430454,1.28269144,1.343597367,0,1,0,3.5179095,"{""geodesic"":false,""type"":""Point"",""coordinates"":[114.22864863453322,30.81010320438191]}"
1746,25,0,0,0,-18.32521756,1.332411141,-13.61283903,-1.001116394,0.794124072,0,1,0,1.4236797,"{""geodesic"":false,""type"":""Point"",""coordinates"":[114.75227661364649,30.8626546485029]}"
1747,29,-0.52005345,0.80548394,1,-14.22884679,2.146042262,-7.975140345,1.521870918,1.419668976,0,2,0,2.8376083,"{""geodesic"":false,""type"":""Point"",""coordinates"":[114.11303545746703,30.38807468390256]}"
1748,45,0,0,0,-17.17047913,-0.292324896,-11.63720609,-0.332531946,0.926289637,0,1,0,2.1616852,"{""geodesic"":false,""type"":""Point"",""coordinates"":[114.51781632449129,30.93946060529512]}"
1749,29,0,0,0,-18.65175206,0.624465023,-9.269303143,-0.772869209,0.836976143,0,1,0,3.3616068,"{""geodesic"":false,""type"":""Point"",""coordinates"":[114.65283311169445,30.67481692259351]}"
1750,56,0,0,0,-12.93104156,1.787974863,-8.045480876,-0.378116136,0.91661801,0,1,0,2.3521688,"{""geodesic"":false,""type"":""Point"",""coordinates"":[114.95951794969285,30.953204829142148]}"
1751,23,0,0,0,-14.18832406,1.819948859,-8.723889227,-0.343073446,0.924044008,0,1,0,1.0796934,"{""geodesic"":false,""type"":""Point"",""coordinates"":[114.6929878048946,30.803365839751013]}"
1752,43,0,0,0,-10.53061151,1.59033988,0.511868056,-0.495160506,0.892244643,0,1,0,1.8543341,"{""geodesic"":false,""type"":""Point"",""coordinates"":[114.40382011493652,30.51285067686676]}"
1753,33,0,0,0,-15.53020362,0.262507005,-10.1715059,-0.413746865,0.909128586,0,1,0,2.1586952,"{""geodesic"":false,""type"":""Point"",""coordinates"":[114.61160044015337,30.806599774773844]}"
1754,25,-0.45944172,0.59053445,1,-15.01595767,-0.225382904,-6.117123557,0.816772987,1.206916706,0,2,0,0,"{""geodesic"":false,""type"":""Point"",""coordinates"":[113.95241668466646,30.358430279526612]}"
1755,21,0,0,0,-13.36133722,1.11119567,-10.45236615,1.038653751,1.270180307,0,1,0,1.4203633,"{""geodesic"":false,""type"":""Point"",""coordinates"":[114.53748942921351,30.47054002698473]}"
1756,23,0,0,0,-15.4005838,1.696196967,-8.696829446,-0.36669843,0.919030992,0,1,0,1.4227471,"{""geodesic"":false,""type"":""Point"",""coordinates"":[114.65445007920587,30.753239846897145]}"
1757,26,0,0,0,-14.45753209,1.458727505,-9.295733031,0.088212003,1.020519248,0,1,0,4.244981,"{""geodesic"":false,""type"":""Point"",""coordinates"":[114.32162426643958,30.1005239614559]}"
1758,24,0,0,0,-14.73803722,2.245418782,-8.429623813,-0.189220507,0.957365889,0,1,0,3.512594,"{""geodesic"":false,""type"":""Point"",""coordinates"":[114.2871289595294,30.41852757203421]}"
1759,34,0,0,0,-16.56241251,0.79606756,-11.50221936,-0.622390557,0.866484791,0,1,0,2.7802885,"{""geodesic"":false,""type"":""Point"",""coordinates"":[114.58249502494789,30.49398605590025]}"
1760,31,0,0,0,-27.73115943,0.279496472,-21.34338905,0.685306396,1.170929209,0,1,0,1.4190699,"{""geodesic"":false,""type"":""Point"",""coordinates"":[114.42780513302252,30.315311145888877]}"
1761,25,0,0,0,-14.05978089,-0.195905833,-5.534538149,-1.115700589,0.773445899,0,1,0,0,"{""geodesic"":false,""type"":""Point"",""coordinates"":[113.97155080021821,30.75539580357903]}"
1762,43,0,0,0,-17.30881046,-0.473384886,-13.53520927,-0.932315564,0.806804745,0,1,0,2.7802885,"{""geodesic"":false,""type"":""Point"",""coordinates"":[114.64286181204072,30.90388732004399]}"
1763,24,-0.18744907,0.36736214,1,-15.6450344,0.777650514,-8.25254807,-0.978915553,0.798193974,0,2,0,0,"{""geodesic"":false,""type"":""Point"",""coordinates"":[113.89097191923268,30.437122698415482]}"
1764,26,0,0,0,-15.16342874,2.011014122,-9.86173356,1.582261328,1.439547941,0,1,0,2.1587515,"{""geodesic"":false,""type"":""Point"",""coordinates"":[114.26934231690383,30.809294720626202]}"
1765,29,-0.07634543,0.4435754,1,-13.71290122,-0.133058091,-7.417550344,1.068057489,1.278809191,0,2,0,2.339476,"{""geodesic"":false,""type"":""Point"",""coordinates"":[114.13055260550736,30.33255879934397]}"
1766,41,0,0,0,-15.31069769,1.533700654,-10.79656954,0.147849796,1.034629792,0,1,0,2.3499706,"{""geodesic"":false,""type"":""Point"",""coordinates"":[114.56928979027134,30.847293457144456]}"
1767,25,-0.507682,0.7966879,1,-14.32395107,1.474291876,-10.75224586,-1.005699143,0.79328654,0,2,0,0.92740995,"{""geodesic"":false,""type"":""Point"",""coordinates"":[114.19442282220827,30.408286777795247]}"
1768,60,0,0,0,-15.27678145,0.502039432,-7.701154502,0.285362793,1.067913998,0,1,0,3.519932,"{""geodesic"":false,""type"":""Point"",""coordinates"":[114.72128473634436,30.956708258750215]}"
1769,25,0,0,0,-14.68006975,2.117059546,-12.05908498,-0.621933987,0.866575889,0,1,0,1.079285,"{""geodesic"":false,""type"":""Point"",""coordinates"":[114.2367334720903,30.766984070744172]}"
1770,24,0,0,0,-13.012223,0.236882279,-6.424277644,-0.302446456,0.93272873,0,1,0,2.14484,"{""geodesic"":false,""type"":""Point"",""coordinates"":[114.46176145076222,30.706886778236576]}"
1771,50,0,0,0,-15.67453673,1.864070503,-10.27801539,0.664011782,1.165201884,0,1,0,2.9826472,"{""geodesic"":false,""type"":""Point"",""coordinates"":[114.23107408580033,30.97206945010866]}"
1772,32,0,0,0,-16.19895075,0.361046535,-7.114733217,1.085886744,1.284069926,0,1,0,3.3668063,"{""geodesic"":false,""type"":""Point"",""coordinates"":[114.41163545790836,30.836244179149787]}"
1773,60,0,0,0,-15.0239201,1.940716701,-8.21818766,1.008620095,1.261426672,0,1,0,2.9826064,"{""geodesic"":false,""type"":""Point"",""coordinates"":[114.718589790492,30.961828655869695]}"
1774,18,0,0,0,-26.19221042,1.75804361,-20.8669642,0.103889464,1.024209846,0,1,0,2.8437843,"{""geodesic"":false,""type"":""Point"",""coordinates"":[114.54611325594105,30.755934792749503]}"
1775,35,0,0,0,-14.14660525,1.987095613,-9.183765878,0.287982401,1.068558344,0,1,0,1.4171832,"{""geodesic"":false,""type"":""Point"",""coordinates"":[114.24077589086883,30.086510243023636]}"
1776,30,0,0,0,-14.35395932,0.432058933,-8.955224282,0.837981076,1.212824908,0,1,0,2.1411898,"{""geodesic"":false,""type"":""Point"",""coordinates"":[114.25910152266486,30.044199593141606]}"
1777,33,0,0,0,-15.4098873,0.449478196,-9.301895224,0.179183937,1.042121591,0,1,0,3.731764,"{""geodesic"":false,""type"":""Point"",""coordinates"":[114.41352192000501,30.94215555114748]}"
1778,27,0,0,0,-13.98897925,0.235798126,-11.84714577,0.122028436,1.02849656,0,1,0,3.367085,"{""geodesic"":false,""type"":""Point"",""coordinates"":[114.17582769582698,30.844598511292098]}"
1779,32,0,0,0,-13.80096349,0.276520197,-8.922732047,-0.920242123,0.809050793,0,1,0,4.896818,"{""geodesic"":false,""type"":""Point"",""coordinates"":[114.42268473590303,30.04500807689731]}"
1780,32,0,0,0,-14.09243304,1.390784603,-8.146915171,1.568749334,1.435076106,0,1,0,3.5098455,"{""geodesic"":false,""type"":""Point"",""coordinates"":[114.24966921218162,30.212903203499252]}"
1781,23,0,0,0,-14.57361546,-0.54924196,-5.324933242,1.49703706,1.41157418,0,1,0,1.0802057,"{""geodesic"":false,""type"":""Point"",""coordinates"":[114.50056867103619,30.848910424655873]}"
1782,49,0,0,0,-15.73663206,1.27773928,-8.036111249,0.298654856,1.071187474,0,1,0,2.143465,"{""geodesic"":false,""type"":""Point"",""coordinates"":[114.45960549408035,30.46029923274577]}"
1783,36,0,0,0,-14.57023447,-0.642208138,-6.870152116,0.139394938,1.032617531,0,1,0,4.89656,"{""geodesic"":false,""type"":""Point"",""coordinates"":[114.4232237250735,30.032880820561697]}"
1784,52,0,0,0,-13.88337699,1.303656455,-6.339167795,0.982702526,1.253921222,0,1,0,4.2866645,"{""geodesic"":false,""type"":""Point"",""coordinates"":[114.32189376102482,30.97126096635295]}"
1785,28,-0.45153132,0.5786614,1,-13.04907199,2.191882548,-12.61065003,-0.936748544,0.805981634,0,2,0,1.420647,"{""geodesic"":false,""type"":""Point"",""coordinates"":[114.03191758731104,30.504496344724448]}"
1786,31,0,0,0,-12.90465015,1.633182845,-6.879208906,0.521307687,1.127536913,0,1,0,2.8444257,"{""geodesic"":false,""type"":""Point"",""coordinates"":[114.60001217298823,30.79366403468252]}"
1787,24,-0.36375546,0.4721419,1,-14.92371327,0.362668685,-8.589907293,0.195853201,1.046129189,0,2,0,3.3599424,"{""geodesic"":false,""type"":""Point"",""coordinates"":[113.961040511394,30.62280446764299]}"
1788,28,0,0,0,-15.99743458,1.102240369,-10.56972394,0.018057254,1.004166492,0,1,0,0,"{""geodesic"":false,""type"":""Point"",""coordinates"":[114.2871289595294,30.064142192449058]}"
1789,23,0,0,0,-15.08125698,0.964997063,-7.498403094,0.594877637,1.14680021,0,1,0,2.1579354,"{""geodesic"":false,""type"":""Point"",""coordinates"":[114.01628690136737,30.772643457034125]}"
1790,33,0,0,0,-13.91595942,2.165330993,-4.104703685,0.767811737,1.193386646,0,1,0,3.7296815,"{""geodesic"":false,""type"":""Point"",""coordinates"":[114.65714502505823,30.87100898064521]}"
1791,19,0,0,0,-13.76389233,-0.233968949,-8.141260326,0.061069721,1.014161155,0,1,0,3.5174904,"{""geodesic"":false,""type"":""Point"",""coordinates"":[114.46876830997836,30.779380821665022]}"
1792,27,0,0,0,-16.35325729,-0.552307855,-7.764214402,1.371150336,1.371244926,0,1,0,3.7047918,"{""geodesic"":false,""type"":""Point"",""coordinates"":[114.38872841816331,30.155231362258778]}"
1793,21,0,0,0,-16.78909565,-0.685743497,-5.738444209,1.750107129,1.496272565,0,1,0,4.295808,"{""geodesic"":false,""type"":""Point"",""coordinates"":[114.34021939282086,30.45760428689341]}"
1794,35,0,0,0,-16.35485229,-0.271743454,-9.89664728,-0.718395252,0.847540528,0,1,0,4.2839437,"{""geodesic"":false,""type"":""Point"",""coordinates"":[114.51053997068992,30.18568425039043]}"
1795,39,0,0,0,-13.44378641,1.841527741,-9.151739345,0.115201797,1.026881145,0,1,0,4.6946235,"{""geodesic"":false,""type"":""Point"",""coordinates"":[114.43508148682388,30.90954670633394]}"
1796,77,0,0,0,-15.78003796,1.782227691,-9.919756732,0.995989629,1.257763429,0,1,0,2.3567011,"{""geodesic"":false,""type"":""Point"",""coordinates"":[114.4396628947729,31.170147970257013]}"
1797,25,0,0,0,-15.34349773,1.46506783,-6.865135074,0.311204918,1.074287424,0,1,0,1.423388,"{""geodesic"":false,""type"":""Point"",""coordinates"":[114.63989737160313,30.82869833076318]}"
1798,75,0,0,0,-17.07604322,0.459830353,-10.65304424,0.589105529,1.145277036,0,1,0,4.920053,"{""geodesic"":false,""type"":""Point"",""coordinates"":[114.40112516908417,31.11382360194272]}"
1799,29,0,0,0,-16.07388322,1.125386706,-10.42344302,-0.163769976,0.962992716,0,1,0,2.1453872,"{""geodesic"":false,""type"":""Point"",""coordinates"":[114.71454737171346,30.80417432350672]}"
1800,34,-0.50493217,0.7528402,1,-15.88665162,-0.168635062,-9.514186011,-0.275164147,0.93860656,0,2,0,3.5129526,"{""geodesic"":false,""type"":""Point"",""coordinates"":[114.0060461071284,30.44520753597256]}"
1801,29,0,0,0,-13.93649128,1.62068068,-9.605001706,0.640666957,1.158955326,0,1,0,2.145057,"{""geodesic"":false,""type"":""Point"",""coordinates"":[114.21113148649289,30.745424503925303]}"
1802,61,0,0,0,-15.54969112,1.970591298,-9.982873617,0.661362353,1.164491265,0,1,0,2.1481059,"{""geodesic"":false,""type"":""Point"",""coordinates"":[114.30195116171737,31.279293277277535]}"
1803,22,0,0,0,-15.42377637,1.984504332,-9.157012047,1.166739369,1.308199374,0,1,0,0.92740995,"{""geodesic"":false,""type"":""Point"",""coordinates"":[114.8492946643314,30.786657175466388]}"
1804,27,0,0,0,-20.4516631,-0.571124455,-11.5340763,0.130829337,1.030582904,0,1,0,3.8569074,"{""geodesic"":false,""type"":""Point"",""coordinates"":[114.31407841805299,30.425803925835577]}"
1805,36,0,0,0,-17.47617461,0.735209536,-9.38222699,0.58416225,1.143974187,0,1,0,1.0816834,"{""geodesic"":false,""type"":""Point"",""coordinates"":[114.34345332784369,30.97961529849526]}"
1806,34,0,0,0,-12.1924123,2.232869278,-9.756992074,-0.920114079,0.809074646,0,1,0,2.9796443,"{""geodesic"":false,""type"":""Point"",""coordinates"":[114.4396628947729,30.222335513982507]}"
1807,30,-0.5209051,0.84045684,1,-12.02260232,0.776374307,-9.358395907,-0.737357454,0.843848057,0,2,0,0.92740995,"{""geodesic"":false,""type"":""Point"",""coordinates"":[114.15804105320142,30.363011687475623]}"
1808,25,0,0,0,-15.1906117,0.532358876,-9.199146941,-0.148457018,0.966394163,0,1,0,1.4239339,"{""geodesic"":false,""type"":""Point"",""coordinates"":[114.67331470017238,30.89256854746408]}"
1809,23,0,0,0,-15.95839629,-0.501934009,-7.368306778,-0.974634732,0.798981138,0,1,0,3.234145,"{""geodesic"":false,""type"":""Point"",""coordinates"":[114.3900758910895,30.74758046060719]}"
1810,28,0,0,0,-14.37505243,0.860802415,-7.974990536,1.467017375,1.401850618,0,1,0,3.5203016,"{""geodesic"":false,""type"":""Point"",""coordinates"":[114.38765043982237,30.983388222688564]}"
1811,24,0,0,0,-14.86150691,1.691151891,-11.92510796,-1.184853371,0.76122784,0,1,0,3.8562937,"{""geodesic"":false,""type"":""Point"",""coordinates"":[114.44235784062525,30.22395248149392]}"
1812,37,0,0,0,-14.55503521,0.868019802,-7.423576235,1.495038457,1.41092473,0,1,0,4.3141646,"{""geodesic"":false,""type"":""Point"",""coordinates"":[114.55554556642431,30.87100898064521]}"
1813,58,0,0,0,-12.60885076,2.242679634,-6.202842668,1.626914124,1.454425272,0,1,0,1.4249836,"{""geodesic"":false,""type"":""Point"",""coordinates"":[114.91505134312894,31.014649594575925]}"
1814,44,0,0,0,-17.71200655,0.10705151,-12.80684549,0.162727044,1.038180111,0,1,0,2.146146,"{""geodesic"":false,""type"":""Point"",""coordinates"":[114.54557426677059,30.93811313236894]}"
1815,40,0,0,0,-14.83879006,0.505355719,-9.654552369,0.627682185,1.155495394,0,1,0,0,"{""geodesic"":false,""type"":""Point"",""coordinates"":[114.5479997180377,30.897688944583564]}"
1816,23,-0.46422842,0.6779085,1,-17.07007261,1.622938332,-10.6238726,1.386242525,1.376018436,0,2,0,0.92740995,"{""geodesic"":false,""type"":""Point"",""coordinates"":[114.1812175875317,30.54411204875412]}"
1817,27,0,0,0,-13.8794439,1.296647435,-8.139126846,0.91727302,1.235171613,0,1,0,1.4245437,"{""geodesic"":false,""type"":""Point"",""coordinates"":[114.42591867092587,30.96371511796635]}"
1818,29,0,0,0,-15.98636408,-0.494969188,-9.07046113,0.428000069,1.103570307,0,1,0,1.8543341,"{""geodesic"":false,""type"":""Point"",""coordinates"":[114.64906018750115,30.833818727882665]}"
1819,52,0,0,0,-15.09812335,-0.253391245,-5.981799838,1.368998603,1.370565705,0,1,0,3.3698597,"{""geodesic"":false,""type"":""Point"",""coordinates"":[114.61833780478426,30.930297789397102]}"
1820,18,0,0,0,-25.36086574,1.895932794,-20.00772827,0.467494461,1.113651858,0,1,0,0,"{""geodesic"":false,""type"":""Point"",""coordinates"":[114.7215542309296,30.773451940789833]}"
1821,26,0,0,0,-15.14941903,1.241995449,-7.522209192,1.121206956,1.294555564,0,1,0,2.844506,"{""geodesic"":false,""type"":""Point"",""coordinates"":[114.54530477218535,30.798245442631533]}"
1822,33,-0.42110932,0.41829085,1,-13.54079556,1.219237259,-6.980914114,0.263072935,1.062447046,0,2,0,2.838691,"{""geodesic"":false,""type"":""Point"",""coordinates"":[114.0173648797083,30.4530228789444]}"
1823,27,0,0,0,-11.11903244,2.089408959,-6.724797072,-0.219626494,0.950686552,0,1,0,3.362133,"{""geodesic"":false,""type"":""Point"",""coordinates"":[114.25209466344873,30.69098659770766]}"
1824,25,0,0,0,-14.53505602,2.060699704,-8.435798056,0.491139513,1.119731643,0,1,0,2.9798164,"{""geodesic"":false,""type"":""Point"",""coordinates"":[114.40355062035128,30.265993636790714]}"
1825,41,0,0,0,-17.62497757,0.715657269,-12.96563727,-0.521319873,0.886886436,0,1,0,1.4244794,"{""geodesic"":false,""type"":""Point"",""coordinates"":[114.27661867070519,30.956169269579743]}"
1826,46,0,0,0,-24.91578326,1.285640128,-20.9966612,1.048516719,1.273068205,0,1,0,0,"{""geodesic"":false,""type"":""Point"",""coordinates"":[114.46930729914884,31.05992468489555]}"
1827,47,0,0,0,-18.55789254,1.402117781,-9.123759543,1.582661828,1.4396807,0,1,0,2.8466003,"{""geodesic"":false,""type"":""Point"",""coordinates"":[114.57063726319751,30.921134973499083]}"
1828,21,0,0,0,-15.6934018,1.996720389,-8.832887349,0.972953693,1.251109637,0,1,0,4.285426,"{""geodesic"":false,""type"":""Point"",""coordinates"":[114.34156686574704,30.861846164747192]}"
1829,36,0,0,0,-9.996072222,-0.575585409,-3.384330832,1.149906493,1.303138721,0,1,0,1.4211227,"{""geodesic"":false,""type"":""Point"",""coordinates"":[114.27823563821661,30.561090207623977]}"
1830,52,0,0,0,-14.50995556,2.163283505,-9.415211457,0.174229813,1.04093349,0,1,0,0,"{""geodesic"":false,""type"":""Point"",""coordinates"":[114.30976650468921,31.260428656311024]}"
1831,69,0,0,0,-14.35905383,2.214819503,-8.780950346,0.53913416,1.132174623,0,1,0,3.5221963,"{""geodesic"":false,""type"":""Point"",""coordinates"":[114.50353311147379,31.119482988232672]}"
1832,35,-0.43558282,0.63368523,1,-13.4031643,0.989838443,-6.457195352,0.965702981,1.249022604,0,2,0,3.7184367,"{""geodesic"":false,""type"":""Point"",""coordinates"":[114.06749087256217,30.482397788735106]}"
1833,26,-0.53333336,0.6733601,1,-15.92281649,0.730688403,-9.704498369,0.766750559,1.193095083,0,2,0,2.1431153,"{""geodesic"":false,""type"":""Point"",""coordinates"":[114.14564430228057,30.396968005215342]}"
1834,48,0,0,0,-17.24585821,1.965592887,-10.06927186,-0.36943261,0.918452581,0,1,0,3.213374,"{""geodesic"":false,""type"":""Point"",""coordinates"":[114.33968040365039,30.117771614910993]}"
1835,32,0,0,0,-14.96057905,-0.471710028,-8.939401199,-0.387655936,0.914606759,0,1,0,3.7275338,"{""geodesic"":false,""type"":""Point"",""coordinates"":[114.60486307552247,30.797436958875824]}"
1836,22,0,0,0,-15.65692557,0.296337336,-11.21554278,0.020986487,1.004844012,0,1,0,1.0782969,"{""geodesic"":false,""type"":""Point"",""coordinates"":[114.0014646991794,30.67858984678681]}"
1837,24,0,0,0,-14.98662775,-0.114363811,-7.996072549,0.678633964,1.169131593,0,1,0,3.3610456,"{""geodesic"":false,""type"":""Point"",""coordinates"":[114.21167047566335,30.657299774553177]}"
1838,92,0,0,0,-17.00055222,0.736822053,-10.65702761,0.573228381,1.141097721,0,1,0,1.4273759,"{""geodesic"":false,""type"":""Point"",""coordinates"":[114.26826433856289,31.290342555272204]}"
1839,21,0,0,0,-14.95948915,0.329183631,-9.233991289,-0.508105636,0.889589066,0,1,0,0.92740995,"{""geodesic"":false,""type"":""Point"",""coordinates"":[114.75065964613506,30.793933529267758]}"
1840,31,-0.4437414,0.7387505,1,-16.17791607,0.753155121,-8.992966018,1.077015401,1.28144963,0,2,0,3.5145683,"{""geodesic"":false,""type"":""Point"",""coordinates"":[113.99796126957132,30.565132626402516]}"
1841,32,0,0,0,-16.3985465,1.455269395,-9.829441888,-0.294008476,0.934542706,0,1,0,2.333405,"{""geodesic"":false,""type"":""Point"",""coordinates"":[114.51673834615035,30.02829941261269]}"
1842,44,0,0,0,-12.02471332,1.589481625,-6.630900744,1.1812925,1.31259048,0,1,0,4.2483244,"{""geodesic"":false,""type"":""Point"",""coordinates"":[114.30302914005831,30.236618727000007]}"
1843,27,0,0,0,-15.92329961,0.314628448,-8.043245436,1.201929137,1.318842438,0,1,0,2.3506885,"{""geodesic"":false,""type"":""Point"",""coordinates"":[114.78219051260767,30.882058258639884]}"
1844,23,-0.3353566,0.7794254,1,-12.8678615,1.23166365,-6.578514463,0.236698951,1.056014533,0,2,0,1.0745612,"{""geodesic"":false,""type"":""Point"",""coordinates"":[113.74652282154626,30.341182626071518]}"
1845,50,-0.46134412,0.33411834,1,-15.86472064,-0.637344455,-10.64815458,0.46151047,1.112118453,0,2,0,3.2267678,"{""geodesic"":false,""type"":""Point"",""coordinates"":[113.89690080010787,30.526055911543317]}"
1846,23,0,0,0,-14.47658054,0.796326047,-7.373178055,0.014800506,1.003413756,0,1,0,1.8543341,"{""geodesic"":false,""type"":""Point"",""coordinates"":[114.78003455592578,30.77156547869318]}"
1847,63,0,0,0,-15.37417672,-0.149434395,-8.872485045,-0.694720698,0.852173314,0,1,0,4.902307,"{""geodesic"":false,""type"":""Point"",""coordinates"":[114.32108527726912,30.3034533841385]}"
1848,58,0,0,0,-17.29550742,0.146757603,-10.37211866,0.617512165,1.152792697,0,1,0,0.92740995,"{""geodesic"":false,""type"":""Point"",""coordinates"":[114.47685314753544,30.94619796992602]}"
1849,22,0,0,0,-14.02434552,1.98238512,-8.030156323,1.160128479,1.30620953,0,1,0,2.1557498,"{""geodesic"":false,""type"":""Point"",""coordinates"":[114.17394123373033,30.675086417178743]}"
1850,16,0,0,0,-29.66452457,0.482294195,-21.86887993,1.128806309,1.296822781,0,1,0,0,"{""geodesic"":false,""type"":""Point"",""coordinates"":[114.73152553058333,30.73733966636823]}"
1851,27,0,0,0,-14.39501052,1.022003861,-9.738337957,-0.810525712,0.82975032,0,1,0,1.0807567,"{""geodesic"":false,""type"":""Point"",""coordinates"":[114.38010459143577,30.897688944583564]}"
1852,18,0,0,0,-24.24026413,0.366252542,-15.87527532,1.583349179,1.439908575,0,1,0,0,"{""geodesic"":false,""type"":""Point"",""coordinates"":[114.2383504396017,30.429037860858408]}"
1853,27,0,0,0,-18.27336956,0.123844302,-8.137640483,1.310507552,1.352230587,0,1,0,2.8392012,"{""geodesic"":false,""type"":""Point"",""coordinates"":[114.5967782379654,30.48347576707605]}"
1854,24,-0.22395614,0.39500913,1,-16.41981244,-0.033217797,-8.609725256,0.011282104,1.002601178,0,2,0,3.856599,"{""geodesic"":false,""type"":""Point"",""coordinates"":[114.06075350793128,30.324743456372133]}"
1855,31,0,0,0,-15.0085183,2.146425188,-11.6873184,-1.081730429,0.779519452,0,1,0,0,"{""geodesic"":false,""type"":""Point"",""coordinates"":[114.24562679340308,30.306417824576094]}"
1856,28,0,0,0,-14.59485713,0.607664829,-10.28145709,0.812580465,1.205752154,0,1,0,2.1572077,"{""geodesic"":false,""type"":""Point"",""coordinates"":[113.91414845356297,30.740304106805823]}"
1857,23,-0.5409627,0.8318644,1,-11.31453087,1.477859755,-8.805989937,0.8559526,1.217854093,0,2,0,1.4211297,"{""geodesic"":false,""type"":""Point"",""coordinates"":[114.00200368834986,30.561898691379685]}"
1858,21,0,0,0,-15.42562687,1.413039596,-8.473562194,-0.232579348,0.947855349,0,1,0,2.350631,"{""geodesic"":false,""type"":""Point"",""coordinates"":[114.39519628820898,30.87909381820229]}"
1859,15,0,0,0,-16.67516265,1.548359651,-7.974370245,-0.313098885,0.930443725,0,1,0,0,"{""geodesic"":false,""type"":""Point"",""coordinates"":[114.5614744472995,30.74434652558436]}"
1860,26,0,0,0,-13.21110457,2.171435557,-7.643246378,1.544646721,1.427133734,0,1,0,2.1451993,"{""geodesic"":false,""type"":""Point"",""coordinates"":[114.84740820223475,30.770756994937475]}"
1861,39,0,0,0,-12.20963714,2.100943761,-5.822600748,0.795496266,1.201018305,0,1,0,1.4176526,"{""geodesic"":false,""type"":""Point"",""coordinates"":[114.34830423037793,30.143643095093637]}"
1862,31,0,0,0,-12.06502892,1.311632599,-6.401951483,1.526927207,1.421322793,0,1,0,4.749881,"{""geodesic"":false,""type"":""Point"",""coordinates"":[114.24966921218162,30.518240568571475]}"
1863,24,0,0,0,-12.76566398,0.016232483,-7.175802225,1.472491018,1.403618558,0,1,0,1.8543341,"{""geodesic"":false,""type"":""Point"",""coordinates"":[114.3421058549175,30.584266741954263]}"
1864,31,-0.19503172,0.15406452,1,-10.81890843,0.523163984,-8.895745389,0.519028582,1.126945356,0,2,0,3.7214763,"{""geodesic"":false,""type"":""Point"",""coordinates"":[114.21220946483383,30.5883091607328]}"
1865,24,-0.24165621,0.2977876,1,-14.87281889,2.2495786,-13.7417681,-1.217369223,0.75554977,0,2,0,2.8407042,"{""geodesic"":false,""type"":""Point"",""coordinates"":[113.92358076404622,30.57321746395959]}"
1866,44,-0.5888889,0.86064124,1,-12.68955562,0.468929116,-6.717374167,1.307815202,1.351392549,0,2,0,2.980642,"{""geodesic"":false,""type"":""Point"",""coordinates"":[113.90902805644349,30.47512143493374]}"
1867,21,0,0,0,-14.94429861,1.430861339,-5.999406062,1.38408608,1.375335357,0,1,0,1.4215014,"{""geodesic"":false,""type"":""Point"",""coordinates"":[114.68786740777512,30.606095803358365]}"
1868,26,0,0,0,-13.09428252,0.698835081,-7.308835879,0.927437106,1.238065753,0,1,0,2.9816792,"{""geodesic"":false,""type"":""Point"",""coordinates"":[114.41918130629496,30.733836236760162]}"
1869,24,-0.33622292,0.76337606,1,-15.21522132,-0.634831813,-10.92390072,-0.857298363,0.820862023,0,2,0,2.142898,"{""geodesic"":false,""type"":""Point"",""coordinates"":[113.78101812845645,30.357621795770907]}"
1870,32,-0.5749722,0.83789766,1,-14.620313,0.712170994,-9.910278849,-0.178909763,0.959641506,0,2,0,1.4209499,"{""geodesic"":false,""type"":""Point"",""coordinates"":[114.09794376069382,30.540608619146052]}"
1871,55,0,0,0,-15.46415359,1.479331427,-9.757633427,0.460395814,1.111833055,0,1,0,2.3540545,"{""geodesic"":false,""type"":""Point"",""coordinates"":[114.30976650468921,31.044024504366632]}"
1872,58,0,0,0,-11.18170182,0.241905917,-4.139530405,1.409179878,1.383305131,0,1,0,2.7802885,"{""geodesic"":false,""type"":""Point"",""coordinates"":[114.29117137830794,30.80875573145573]}"
1873,40,0,0,0,-10.81258806,2.026818024,-5.125324673,1.621760987,1.452700543,0,1,0,2.9811575,"{""geodesic"":false,""type"":""Point"",""coordinates"":[114.42915260594869,30.604209341261715]}"
1874,36,0,0,0,-12.81027692,2.094331792,-9.755505638,1.399263795,1.380150285,0,1,0,0.92740995,"{""geodesic"":false,""type"":""Point"",""coordinates"":[114.19064989801495,30.902539847117808]}"
1875,29,0,0,0,-7.356898166,-0.454501159,-3.4688694,-0.241267487,0.945961043,0,1,0,4.4076624,"{""geodesic"":false,""type"":""Point"",""coordinates"":[114.26934231690383,30.772104467863652]}"
1876,53,0,0,0,-15.06185641,0.856157378,-9.941879556,0.235846272,1.055807219,0,1,0,1.0818031,"{""geodesic"":false,""type"":""Point"",""coordinates"":[114.24778275008497,30.990395081904698]}"
1877,45,0,0,0,-14.96038487,1.93825167,-9.648445216,-0.771753083,0.837191271,0,1,0,2.7802885,"{""geodesic"":false,""type"":""Point"",""coordinates"":[114.3173123530758,30.115076669058634]}"
1878,25,0,0,0,-15.05062803,0.597692997,-6.887839251,1.160819,1.306417231,0,1,0,2.1539326,"{""geodesic"":false,""type"":""Point"",""coordinates"":[114.60755802137483,30.593429557852282]}"
1879,28,0,0,0,-15.81597137,0.176759027,-10.87740969,0.06318314,1.0146548,0,1,0,0.92740995,"{""geodesic"":false,""type"":""Point"",""coordinates"":[114.77895657758484,30.95563028040927]}"
1880,20,0,0,0,-25.87951488,1.299757213,-22.0983659,0.56162459,1.138052924,0,1,0,4.2605057,"{""geodesic"":false,""type"":""Point"",""coordinates"":[114.7215542309296,30.72413443169167]}"
1881,33,0,0,0,-16.11201901,-0.24660963,-8.430447921,0.813902315,1.206119201,0,1,0,4.6836433,"{""geodesic"":false,""type"":""Point"",""coordinates"":[114.40921000664123,30.641399594024264]}"
1882,22,0,0,0,-13.61143746,2.218688728,-6.366973495,0.981636921,1.253613592,0,1,0,1.4221606,"{""geodesic"":false,""type"":""Point"",""coordinates"":[114.18175657670217,30.684249233076763]}"
1883,17,0,0,0,-19.13204664,0.787189251,-10.30503488,0.877976939,1.224045873,0,1,0,1.4220996,"{""geodesic"":false,""type"":""Point"",""coordinates"":[114.77006325627205,30.676972879275397]}"
1884,31,0,0,0,-8.324673108,0.846323739,-7.088436689,-0.531102444,0.884890954,0,1,0,1.8543341,"{""geodesic"":false,""type"":""Point"",""coordinates"":[114.34318383325845,30.60124490082412]}"
1885,31,0,0,0,-21.43443097,1.976521841,-17.28948108,-0.582276586,0.874525226,0,1,0,1.8543341,"{""geodesic"":false,""type"":""Point"",""coordinates"":[114.38684195606666,30.98689165229663]}"
1886,23,0,0,0,-14.30005655,1.096010839,-7.351706753,1.489142756,1.40901065,0,1,0,2.144488,"{""geodesic"":false,""type"":""Point"",""coordinates"":[114.79081433933521,30.644094539876622]}"
1887,27,0,0,0,-14.91806149,0.790831923,-7.641554533,1.262817407,1.33746289,0,1,0,2.1430387,"{""geodesic"":false,""type"":""Point"",""coordinates"":[114.45744953739846,30.382954286783075]}"
1888,46,0,0,0,-13.56813069,1.831074971,-7.132380754,-0.233796869,0.94758966,0,1,0,2.7802885,"{""geodesic"":false,""type"":""Point"",""coordinates"":[114.58492047621502,30.751353384800492]}"
1889,39,0,0,0,-13.56544458,1.490468506,-7.915322307,0.657398474,1.163428899,0,1,0,2.1607575,"{""geodesic"":false,""type"":""Point"",""coordinates"":[114.84417426721191,30.898227933754033]}"
1890,27,0,0,0,-14.95910445,1.147497693,-7.327191738,0.176487324,1.041474719,0,1,0,1.4239196,"{""geodesic"":false,""type"":""Point"",""coordinates"":[114.68409448358182,30.890951579952667]}"
1891,29,0,0,0,-12.57968642,1.039509219,-9.829021905,1.741386905,1.493271205,0,1,0,2.3496377,"{""geodesic"":false,""type"":""Point"",""coordinates"":[114.64555675789309,30.831123782030307]}"
1892,30,-0.13470748,0.101815954,1,-17.40633474,-0.641604219,-8.392916212,-0.31054169,0.930991747,0,2,0,2.9810586,"{""geodesic"":false,""type"":""Point"",""coordinates"":[114.01871235263448,30.579415839420015]}"
1893,35,0,0,0,-10.27269445,-0.035874614,0.942573765,1.477580816,1.405264521,0,1,0,3.7258377,"{""geodesic"":false,""type"":""Point"",""coordinates"":[114.34453130618463,30.73922612846488]}"
1894,20,0,0,0,-18.27529719,1.473707475,-7.217906573,1.365290537,1.369395996,0,1,0,1.4229242,"{""geodesic"":false,""type"":""Point"",""coordinates"":[114.64447877955214,30.774260424545542]}"
1895,19,0,0,0,-26.39772418,0.567917401,-19.03728409,-0.53164483,0.884780448,0,1,0,4.404144,"{""geodesic"":false,""type"":""Point"",""coordinates"":[114.20089069225392,30.691525586878132]}"
1896,23,-0.5421687,0.72521466,1,-17.40124161,-0.293398636,-8.998158771,-0.025857463,0.994063789,0,2,0,1.8543341,"{""geodesic"":false,""type"":""Point"",""coordinates"":[113.8279101862875,30.377294900493123]}"
1897,33,0,0,0,-15.48166054,1.112902609,-10.92864383,-0.730831347,0.845117053,0,1,0,4.402697,"{""geodesic"":false,""type"":""Point"",""coordinates"":[114.66118744383677,30.658108258308886]}"
1898,49,0,0,0,-14.87622166,0.669107437,-10.8447213,1.128978307,1.296874141,0,1,0,4.265228,"{""geodesic"":false,""type"":""Point"",""coordinates"":[114.86627282320126,30.909816200919177]}"
1899,33,0,0,0,-9.399206758,0.197226157,-4.862544738,0.75334626,1.189418327,0,1,0,0.92740995,"{""geodesic"":false,""type"":""Point"",""coordinates"":[114.79539574728422,30.84109508168403]}"
1900,25,0,0,0,-13.62125163,1.680363653,-7.918092227,1.046556669,1.272493776,0,1,0,2.3339114,"{""geodesic"":false,""type"":""Point"",""coordinates"":[114.23619448291981,30.053901398210098]}"
1901,44,0,0,0,-18.82281978,1.032100012,-10.91519774,0.058370827,1.013531108,0,1,0,2.161077,"{""geodesic"":false,""type"":""Point"",""coordinates"":[114.88513744416775,30.912511146771536]}"
1902,37,0,0,0,-19.27545209,0.081374435,-14.46864293,-0.578470336,0.875292015,0,1,0,1.4248735,"{""geodesic"":false,""type"":""Point"",""coordinates"":[114.43481199223865,31.00198334906984]}"
1903,27,0,0,0,-14.81839589,0.430820838,-7.191402466,-0.982351479,0.797562732,0,1,0,0,"{""geodesic"":false,""type"":""Point"",""coordinates"":[114.42079827380638,30.67535591176398]}"
1904,28,-0.2836689,0.52262443,1,-20.86536152,0.508917213,-15.11896164,-0.181039235,0.959171081,0,2,0,2.9798777,"{""geodesic"":false,""type"":""Point"",""coordinates"":[113.86051903110103,30.281624322734395]}"
1905,24,0,0,0,-15.69472481,2.007180524,-11.31613758,-1.216854435,0.755639334,0,1,0,0.92740995,"{""geodesic"":false,""type"":""Point"",""coordinates"":[114.45825802115417,30.7198225183279]}"
1906,63,0,0,0,-14.01734564,0.221036142,-9.806335478,-0.388762047,0.914373846,0,1,0,2.8498209,"{""geodesic"":false,""type"":""Point"",""coordinates"":[114.44666975398903,31.108433710238003]}"
1907,45,0,0,0,-18.05247424,0.757192441,-10.46550091,1.113728417,1.292328261,0,1,0,2.1463532,"{""geodesic"":false,""type"":""Point"",""coordinates"":[114.25209466344873,30.97449490137578]}"
1908,22,-0.33357415,0.21922715,1,-15.35222739,0.448287095,-4.852041163,1.159759194,1.306098466,0,2,0,1.0775107,"{""geodesic"":false,""type"":""Point"",""coordinates"":[114.09012841772198,30.607982265455018]}"
1909,22,0,0,0,-18.95672607,0.078375889,-13.18367949,-0.787091703,0.834239655,0,1,0,1.4227943,"{""geodesic"":false,""type"":""Point"",""coordinates"":[114.65337210086493,30.758899233187098]}"
1910,22,0,0,0,-14.92012843,0.457197721,-8.843336413,-0.145711042,0.967005392,0,1,0,2.9817972,"{""geodesic"":false,""type"":""Point"",""coordinates"":[114.771141234613,30.762941651965633]}"
1911,24,0,0,0,-15.20214461,-0.648374061,-10.03453872,-1.133574908,0.770269159,0,1,0,4.3032575,"{""geodesic"":false,""type"":""Point"",""coordinates"":[114.22595368868086,30.626307897251056]}"
1912,48,0,0,0,-13.30917681,1.580794588,-5.540036264,-0.101614342,0.976874034,0,1,0,2.8428292,"{""geodesic"":false,""type"":""Point"",""coordinates"":[114.61025296722718,30.69934092984997]}"
1913,47,0,0,0,-15.40544916,1.915597583,-10.27455193,0.622380527,1.154085681,0,1,0,2.7802885,"{""geodesic"":false,""type"":""Point"",""coordinates"":[114.31057498844491,30.212094719743543]}"
1914,22,0,0,0,-7.380572768,1.298796417,-0.626184658,-0.203925224,0.954129838,0,1,0,2.8429327,"{""geodesic"":false,""type"":""Point"",""coordinates"":[114.52105025951411,30.705539305310396]}"
1915,33,0,0,0,-12.15647951,0.281790104,-8.538950293,-1.114279754,0.773698981,0,1,0,1.4171854,"{""geodesic"":false,""type"":""Point"",""coordinates"":[114.24481830964737,30.08677973760887]}"
1916,50,0,0,0,-15.08418938,0.875204452,-7.935112187,-1.231850123,0.753034698,0,1,0,4.415329,"{""geodesic"":false,""type"":""Point"",""coordinates"":[114.16882083661085,30.94727594826696]}"
1917,42,0,0,0,-16.00434899,-0.290589405,-7.056238653,1.537341215,1.424735092,0,1,0,2.982645,"{""geodesic"":false,""type"":""Point"",""coordinates"":[114.73502896019139,30.97126096635295]}"
1918,48,0,0,0,-14.15250332,1.864434884,-7.60332451,1.41016781,1.383619841,0,1,0,2.1410773,"{""geodesic"":false,""type"":""Point"",""coordinates"":[114.4690378045636,30.023448510078445]}"
1919,29,0,0,0,-13.30478415,1.400678446,-7.326433956,1.482448971,1.406840613,0,1,0,1.0809449,"{""geodesic"":false,""type"":""Point"",""coordinates"":[114.1585800423719,30.914397608868185]}"
1920,40,-0.5171902,0.6347167,1,-15.93783015,-0.017725376,-9.008637112,-0.252729091,0.943467818,0,2,0,2.3392918,"{""geodesic"":false,""type"":""Point"",""coordinates"":[114.21598238902713,30.323395983445952]}"
1921,51,0,0,0,-13.06420077,0.297286953,-5.028755768,0.478936715,1.116589839,0,1,0,1.8543341,"{""geodesic"":false,""type"":""Point"",""coordinates"":[114.237541955846,30.970452482597242]}"
1922,71,0,0,0,-14.99856692,1.007346249,-9.705078201,-0.379313513,0.916365328,0,1,0,2.1474009,"{""geodesic"":false,""type"":""Point"",""coordinates"":[114.4517901511085,31.157212230165694]}"
1923,29,0,0,0,-14.2143152,2.157468444,-8.759202094,0.469542825,1.11417724,0,1,0,1.0804497,"{""geodesic"":false,""type"":""Point"",""coordinates"":[114.73179502516855,30.870469991474742]}"
1924,32,0,0,0,-13.67366779,1.645688766,-9.065923089,1.530530012,1.422502379,0,1,0,1.4238483,"{""geodesic"":false,""type"":""Point"",""coordinates"":[114.89699520591813,30.882597247810356]}"
1925,22,0,0,0,-8.300078916,0.826904991,-2.346369862,0.069412011,1.016111113,0,1,0,1.4213587,"{""geodesic"":false,""type"":""Point"",""coordinates"":[114.3383329307242,30.589117644488507]}"
1926,28,0,0,0,-14.7841485,2.115840848,-8.893169626,0.535747505,1.13129209,0,1,0,2.150192,"{""geodesic"":false,""type"":""Point"",""coordinates"":[114.32081578268388,30.424186958324164]}"
1927,37,-0.5106823,0.81977254,1,-12.46123436,1.59809868,-10.30588575,0.185892124,1.043732513,0,2,0,2.3420048,"{""geodesic"":false,""type"":""Point"",""coordinates"":[113.94109791208656,30.457873781478646]}"
1928,73,0,0,0,-13.04052477,2.228622835,-8.748969283,0.584685204,1.144111947,0,1,0,4.923119,"{""geodesic"":false,""type"":""Point"",""coordinates"":[114.36393491632161,31.250187862072064]}"
1929,74,0,0,0,-11.87450958,-0.315579095,-7.153631794,1.708443347,1.481986798,0,1,0,2.8530164,"{""geodesic"":false,""type"":""Point"",""coordinates"":[114.31326993429727,31.292229017368857]}"
1930,33,0,0,0,-15.36277965,1.916710629,-10.34307931,1.36198365,1.368353682,0,1,0,1.0806533,"{""geodesic"":false,""type"":""Point"",""coordinates"":[114.58680693831167,30.888526128685545]}"
1931,24,0,0,0,-14.73252658,1.935988454,-9.028388622,0.802395826,1.202927858,0,1,0,4.283906,"{""geodesic"":false,""type"":""Point"",""coordinates"":[114.41810332795401,30.726559882958792]}"
1932,51,0,0,0,-16.99284723,1.17772957,-7.825840926,1.012317332,1.262501007,0,1,0,2.1468883,"{""geodesic"":false,""type"":""Point"",""coordinates"":[114.45394610779039,31.068009522452623]}"
1933,21,-0.5724907,0.8678011,1,-12.61325236,1.957299562,-9.16723344,0.638732246,1.158439145,0,2,0,3.5144444,"{""geodesic"":false,""type"":""Point"",""coordinates"":[114.00335116127604,30.555969810504497]}"
1934,24,0,0,0,-14.05005032,1.471752447,-7.800822555,0.781234506,1.19708076,0,1,0,1.0783217,"{""geodesic"":false,""type"":""Point"",""coordinates"":[114.4396628947729,30.6807458034687]}"
1935,25,-0.46371463,0.76359785,1,-13.19667707,0.917757637,-7.672724731,0.779036072,1.196474941,0,2,0,2.1531131,"{""geodesic"":false,""type"":""Point"",""coordinates"":[114.10737607117707,30.55650879967497]}"
1936,46,0,0,0,-13.84842266,1.643058384,-8.278155672,0.808236402,1.204546695,0,1,0,3.518869,"{""geodesic"":false,""type"":""Point"",""coordinates"":[114.60998347264196,30.87963280737276]}"
1937,40,0,0,0,-14.19894793,0.415401512,-8.589433509,1.304613025,1.350396496,0,1,0,2.8449218,"{""geodesic"":false,""type"":""Point"",""coordinates"":[114.8967257113329,30.822769449887993]}"
1938,21,-0.46398893,0.6327179,1,-16.79400329,1.378133844,-11.87156308,0.53508517,1.131119572,0,2,0,2.145163,"{""geodesic"":false,""type"":""Point"",""coordinates"":[114.13621199179731,30.194577571703213]}"
1939,32,0,0,0,-18.4655073,2.198086532,-11.62333529,1.451214399,1.396758876,0,1,0,3.2345545,"{""geodesic"":false,""type"":""Point"",""coordinates"":[114.21355693776,30.759707716942803]}"
1940,18,0,0,0,-21.45402982,1.690551696,-17.15358996,0.370598212,1.089080097,0,1,0,0,"{""geodesic"":false,""type"":""Point"",""coordinates"":[114.38603347231096,30.37998984634548]}"
1941,71,0,0,0,-15.5341447,-0.132786298,-7.954200491,1.343142661,1.362430213,0,1,0,3.5190759,"{""geodesic"":false,""type"":""Point"",""coordinates"":[115.00856596420579,30.89472450414597]}"
1942,51,0,0,0,-13.71623399,0.998720772,-5.963947352,0.709948848,1.177592103,0,1,0,2.1413732,"{""geodesic"":false,""type"":""Point"",""coordinates"":[114.5118874436161,30.07815591088132]}"
1943,22,-0.33624074,0.44453248,1,-15.47866027,0.854033707,-9.08292392,0.180376127,1.042407705,0,2,0,2.1422675,"{""geodesic"":false,""type"":""Point"",""coordinates"":[114.1316305838483,30.242547607875196]}"
1944,18,0,0,0,-25.87407784,0.016778395,-21.47786843,1.235178076,1.328978049,0,1,0,0,"{""geodesic"":false,""type"":""Point"",""coordinates"":[114.59435278669827,30.66430663376931]}"
1945,19,-0.29457033,0.64196724,1,-13.74852329,0.596212501,-7.845461963,0.072737251,1.016889411,0,2,0,2.1523747,"{""geodesic"":false,""type"":""Point"",""coordinates"":[114.2022381651801,30.523091471105722]}"
1946,28,0,0,0,-14.2240182,1.590769016,-7.575757418,0.450313078,1.109254777,0,1,0,2.8424163,"{""geodesic"":false,""type"":""Point"",""coordinates"":[114.40759303912982,30.675086417178743]}"
1947,30,0,0,0,-13.93964309,0.238937777,-5.6211178,1.738498205,1.492278289,0,1,0,0,"{""geodesic"":false,""type"":""Point"",""coordinates"":[114.37148076470822,30.923560424766205]}"
1948,38,0,0,0,-12.98709987,0.996893705,-8.05416285,1.190359079,1.315333581,0,1,0,2.1459298,"{""geodesic"":false,""type"":""Point"",""coordinates"":[114.8996901517705,30.900114395850686]}"
1949,42,0,0,0,-15.4214187,0.834563616,-11.42554241,1.566223918,1.434241854,0,1,0,1.4171604,"{""geodesic"":false,""type"":""Point"",""coordinates"":[114.49598726308719,30.08354580258604]}"
1950,63,0,0,0,-14.03752117,2.097645335,-9.50939504,0.344366279,1.082521742,0,1,0,2.1620746,"{""geodesic"":false,""type"":""Point"",""coordinates"":[114.59866470006205,30.956708258750215]}"
1951,21,0,0,0,-17.41918016,0.755505975,-10.18800273,-0.041883437,0.990402337,0,1,0,4.750321,"{""geodesic"":false,""type"":""Point"",""coordinates"":[114.52509267829265,30.69422053273049]}"
1952,21,-0.5755592,0.81480044,1,-11.62162964,1.966535368,-7.387587157,1.624413649,1.45358812,0,2,0,0.92740995,"{""geodesic"":false,""type"":""Point"",""coordinates"":[113.87614971704471,30.36247269830515]}"
1953,19,-0.23279953,0.20149365,1,-17.65501519,1.808339045,-13.09143055,-0.738248052,0.843675029,0,2,0,0.92740995,"{""geodesic"":false,""type"":""Point"",""coordinates"":[114.10279466322807,30.63520121856384]}"
1954,27,0,0,0,-13.92500317,2.029758123,-6.085801316,1.030461674,1.26778663,0,1,0,1.0780365,"{""geodesic"":false,""type"":""Point"",""coordinates"":[114.62803960985275,30.655413312456528]}"
1955,16,0,0,0,-24.04163992,2.005065902,-17.85772217,1.217953966,1.323717763,0,1,0,2.1446795,"{""geodesic"":false,""type"":""Point"",""coordinates"":[114.67304520558714,30.678320352201574]}"
1956,71,-0.33106413,0.18051326,1,-15.6864755,-0.116964937,-4.027723228,1.211504322,1.321753388,0,2,0,1.4204144,"{""geodesic"":false,""type"":""Point"",""coordinates"":[113.96804737061014,30.476738402445154]}"
1957,27,0,0,0,-15.39088984,-0.683152454,-9.224814758,1.485225114,1.407740196,0,1,0,2.7802885,"{""geodesic"":false,""type"":""Point"",""coordinates"":[114.49544827391671,30.17517396156623]}"
1958,23,0,0,0,-13.58222403,0.57501112,-7.291859649,0.137511327,1.032169764,0,1,0,2.7802885,"{""geodesic"":false,""type"":""Point"",""coordinates"":[114.47685314753544,30.64436403446186]}"
1959,51,0,0,0,-15.10817672,-0.359678077,-7.402100441,1.607113075,1.447809118,0,1,0,2.9820786,"{""geodesic"":false,""type"":""Point"",""coordinates"":[114.25694556598297,30.832471254956484]}"
1960,28,0,0,0,-12.776581,-0.40596175,-7.096955111,1.382406397,1.374803534,0,1,0,2.7802885,"{""geodesic"":false,""type"":""Point"",""coordinates"":[114.31542589097916,30.513659160622467]}"
1961,25,-0.39515167,0.3049253,1,-15.19792652,0.964333696,-6.497307631,1.241731168,1.330984864,0,2,0,1.0776405,"{""geodesic"":false,""type"":""Point"",""coordinates"":[114.01709538512307,30.619840027205395]}"
1962,27,0,0,0,-14.10132391,0.016264814,-7.765490464,-1.074573248,0.780805161,0,1,0,2.1461427,"{""geodesic"":false,""type"":""Point"",""coordinates"":[114.77410567505059,30.937574143198468]}"
1963,27,0,0,0,-14.4822011,-0.540791325,-6.696742024,-0.189211607,0.95736785,0,1,0,2.845921,"{""geodesic"":false,""type"":""Point"",""coordinates"":[114.34722625203699,30.88151926946941]}"
1964,22,-0.2572234,0.26174936,1,-16.57394063,0.902217246,-10.73541988,0.092937826,1.021630342,0,2,0,1.419839,"{""geodesic"":false,""type"":""Point"",""coordinates"":[113.82278978916801,30.407747788624775]}"
1965,20,-0.3375517,0.3381001,1,-16.22828158,-0.65371754,-8.813073137,-0.336820718,0.925375353,0,2,0,0.92740995,"{""geodesic"":false,""type"":""Point"",""coordinates"":[113.83734249677075,30.224491470664393]}"
1966,42,0,0,0,-14.92740321,2.024370602,-12.33723769,-1.187458403,0.760771369,0,1,0,3.2369337,"{""geodesic"":false,""type"":""Point"",""coordinates"":[114.26556939271053,30.830584792859835]}"
1967,27,0,0,0,-11.98323264,-0.159203133,-6.384866124,1.061039788,1.27674445,0,1,0,1.4213938,"{""geodesic"":false,""type"":""Point"",""coordinates"":[114.33051758775237,30.593429557852282]}"
1968,18,0,0,0,-15.87324991,-0.084917886,-9.49826852,1.272990486,1.340599486,0,1,0,2.7802885,"{""geodesic"":false,""type"":""Point"",""coordinates"":[114.53748942921351,30.539800135390344]}"
1969,28,-0.24298316,0.05451399,1,-10.71066665,1.943002488,-5.393597877,-1.026967396,0.789411157,0,2,0,2.3447876,"{""geodesic"":false,""type"":""Point"",""coordinates"":[114.22191126990232,30.59477703077846]}"
1970,21,0,0,0,-16.76049268,1.598227972,-8.461692919,0.833273767,1.211511042,0,1,0,0.92740995,"{""geodesic"":false,""type"":""Point"",""coordinates"":[114.77922607217008,30.776416381227428]}"
1971,60,0,0,0,-15.51588451,1.231185718,-8.550766571,-0.016083743,0.99630343,0,1,0,2.1625586,"{""geodesic"":false,""type"":""Point"",""coordinates"":[114.93688040453304,30.977998330983848]}"
1972,26,0,0,0,-14.06621735,0.371894081,-7.667546287,0.662082064,1.16468426,0,1,0,2.1560287,"{""geodesic"":false,""type"":""Point"",""coordinates"":[114.32970910399666,30.687483168099593]}"
1973,32,0,0,0,-12.67665225,0.393112414,-7.121575622,1.495219465,1.410983537,0,1,0,2.3528504,"{""geodesic"":false,""type"":""Point"",""coordinates"":[114.7959347364547,30.986083168540922]}"
1974,27,-0.20059386,0.056385033,1,-8.362163055,1.656405371,-4.096102625,-0.321961363,0.928546941,0,2,0,4.908673,"{""geodesic"":false,""type"":""Point"",""coordinates"":[114.20574159478817,30.598280460386526]}"
1975,17,0,0,0,-26.65556705,-0.220727808,-22.67052685,-1.169120029,0.763990568,0,1,0,0.92740995,"{""geodesic"":false,""type"":""Point"",""coordinates"":[114.4698462883193,30.089744178046466]}"
1976,25,0,0,0,-14.19337737,0.956457883,-6.783885397,-0.388639496,0.914399648,0,1,0,2.144815,"{""geodesic"":false,""type"":""Point"",""coordinates"":[113.9241197532167,30.7025748648728]}"
1977,22,-0.20106053,0.52583027,1,-15.53604672,0.44906134,-5.689305075,-0.5877657,0.873420599,0,2,0,1.4197904,"{""geodesic"":false,""type"":""Point"",""coordinates"":[113.88019213582325,30.401818907749586]}"
1978,21,0,0,0,-14.93515186,1.826921404,-5.942146278,-0.406818519,0.910580086,0,1,0,4.2606883,"{""geodesic"":false,""type"":""Point"",""coordinates"":[114.48359051216633,30.73141078549304]}"
1979,48,0,0,0,-14.16452107,1.260542524,-9.255742058,0.889728641,1.22736254,0,1,0,3.5188997,"{""geodesic"":false,""type"":""Point"",""coordinates"":[114.85926596398512,30.882058258639884]}"
1980,39,0,0,0,-13.07195896,1.545300967,-8.841530226,1.651785456,1.462778423,0,1,0,3.23949,"{""geodesic"":false,""type"":""Point"",""coordinates"":[114.9568230038405,30.90631277131111]}"
1981,21,0,0,0,-12.58007441,-0.492963349,-5.990955751,0.534402939,1.130941899,0,1,0,1.4223723,"{""geodesic"":false,""type"":""Point"",""coordinates"":[114.5013771547919,30.709042734918462]}"
1982,42,0,0,0,-15.54984558,1.925665282,-6.197988259,-0.507377395,0.889738248,0,1,0,2.9811375,"{""geodesic"":false,""type"":""Point"",""coordinates"":[114.43777643267624,30.599088944142235]}"
1983,62,0,0,0,-14.74370968,-0.389324807,-9.806239236,-1.060130949,0.783406021,0,1,0,3.8584838,"{""geodesic"":false,""type"":""Point"",""coordinates"":[114.46661235329647,30.93380121900517]}"
1984,20,0,0,0,-27.24715379,-0.492206188,-15.62954581,1.172961601,1.310075003,0,1,0,3.5096207,"{""geodesic"":false,""type"":""Point"",""coordinates"":[114.35611957334977,30.19592504462939]}"
1985,34,0,0,0,-12.39813753,1.20973728,-8.5406037,0.685235973,1.170910222,0,1,0,4.3802657,"{""geodesic"":false,""type"":""Point"",""coordinates"":[114.28470350826227,30.133941290025145]}"
1986,30,0,0,0,-14.76542629,1.310076047,-7.493171017,0.819984332,1.207809478,0,1,0,1.8543341,"{""geodesic"":false,""type"":""Point"",""coordinates"":[114.61672083727285,30.78530970254021]}"
1987,36,0,0,0,-11.96709562,2.056779735,-10.4751617,-0.94948933,0.803620611,0,1,0,2.1474504,"{""geodesic"":false,""type"":""Point"",""coordinates"":[114.37875711850958,31.16583605689324]}"
1988,22,0,0,0,-14.15052673,0.832239666,-6.091490711,-0.148823239,0.966312675,0,1,0,3.7047918,"{""geodesic"":false,""type"":""Point"",""coordinates"":[114.31111397761539,30.6454420128028]}"
1989,33,0,0,0,-13.80118282,0.779632653,-10.05827833,-0.670613869,0.856916713,0,1,0,4.8986387,"{""geodesic"":false,""type"":""Point"",""coordinates"":[114.43696794892053,30.131246344172787]}"
1990,21,0,0,0,-19.44057102,0.072622994,-15.85691756,-0.193232808,0.956481819,0,1,0,2.141233,"{""geodesic"":false,""type"":""Point"",""coordinates"":[114.2458962879883,30.012938221254245]}"
1991,24,0,0,0,-15.50322909,1.457142411,-11.55613388,1.488605646,1.408836402,0,1,0,0,"{""geodesic"":false,""type"":""Point"",""coordinates"":[114.04997372452183,30.7664450815737]}"
1992,40,0,0,0,-14.15711985,1.66902832,-5.413049445,1.052703676,1.27429614,0,1,0,3.3681107,"{""geodesic"":false,""type"":""Point"",""coordinates"":[114.46553437495554,30.87639887234993]}"
1993,19,0,0,0,-16.53601853,0.603720485,-10.25354326,0.85396086,1.217295695,0,1,0,2.8429515,"{""geodesic"":false,""type"":""Point"",""coordinates"":[114.68382498899658,30.70661728365134]}"
1994,22,-0.4575657,0.46562123,1,-14.94395364,0.857561844,-10.84888923,-0.771524546,0.837235328,0,2,0,0,"{""geodesic"":false,""type"":""Point"",""coordinates"":[114.04620080032853,30.561090207623977]}"
1995,36,-0.5698551,0.8218119,1,-14.00923978,-0.738282868,-10.63797948,-0.605478126,0.869865662,0,2,0,2.839503,"{""geodesic"":false,""type"":""Point"",""coordinates"":[113.87345477119236,30.50180139887209]}"
1996,38,0,0,0,-12.92993281,2.159951252,-6.56502561,1.258476266,1.336126651,0,1,0,1.4255351,"{""geodesic"":false,""type"":""Point"",""coordinates"":[114.3480347357927,31.078519811276824]}"
1997,24,0,0,0,-10.61123214,0.953614542,-3.952749842,0.068479494,1.015892957,0,1,0,1.8543341,"{""geodesic"":false,""type"":""Point"",""coordinates"":[114.2984477321093,30.494794539655956]}"
1998,41,0,0,0,-27.19884858,-0.7413272,-17.66927478,0.243787938,1.057739673,0,1,0,0,"{""geodesic"":false,""type"":""Point"",""coordinates"":[114.58977137874926,30.91655356555007]}"
1999,26,0,0,0,-14.10234569,0.563224647,-8.937583236,0.200361884,1.047215806,0,1,0,2.161334,"{""geodesic"":false,""type"":""Point"",""coordinates"":[114.38953690191902,30.92382991935144]}"
2000,20,0,0,0,-23.64428223,-3.763517716,-23.97843735,-14.98678908,0.031719117,1,0,1,1.8543341,"{""geodesic"":false,""type"":""Point"",""coordinates"":[114.22460621575468,30.11345970154722]}"
2001,16,0,0,0,-34.57957476,-11.14165802,-23.33050008,-9.712502824,0.106843896,1,0,1,0,"{""geodesic"":false,""type"":""Point"",""coordinates"":[114.36636036758874,30.193230098777033]}"
2002,27,0,0,0,-27.62708103,-8.00737914,-24.43893409,-7.181727367,0.19134947,1,0,1,0,"{""geodesic"":false,""type"":""Point"",""coordinates"":[114.76629033207875,30.939191110709885]}"
2003,24,0,0,0,-23.20130199,-6.798765582,-15.85706308,-7.16686433,0.192005455,1,0,1,4.309555,"{""geodesic"":false,""type"":""Point"",""coordinates"":[114.55797101769143,30.768062049085117]}"
2004,39,0,0,0,-3.138348859,-3.843351725,5.320013896,-5.33935613,0.292458593,1,0,1,0,"{""geodesic"":false,""type"":""Point"",""coordinates"":[114.40355062035128,30.48670970209888]}"
2005,17,0,0,0,-26.08578018,-10.42056916,-18.67553422,-12.68972329,0.053830408,1,0,1,0,"{""geodesic"":false,""type"":""Point"",""coordinates"":[114.72559664970814,30.682362770980113]}"
2006,21,0,0,0,-20.67895754,-4.626090333,-9.957888968,-4.069776356,0.391762051,1,0,1,1.0781542,"{""geodesic"":false,""type"":""Point"",""coordinates"":[114.0241022443392,30.665923601280724]}"
2007,27,0.75429976,-0.44876325,1,-26.91975019,-8.967242729,-21.05213734,-9.573357747,0.110322533,2,0,1,2.1420445,"{""geodesic"":false,""type"":""Point"",""coordinates"":[113.83006614296939,30.201584430919347]}"
2008,21,0,0,0,-24.68528631,-4.90869358,-18.44412532,-7.121009843,0.194043463,1,0,1,1.4193789,"{""geodesic"":false,""type"":""Point"",""coordinates"":[114.4585275157394,30.352501398651423]}"
2009,18,0,0,0,-26.80415235,-8.189450211,-23.95926468,-9.032709168,0.124947935,1,0,1,1.418119,"{""geodesic"":false,""type"":""Point"",""coordinates"":[114.37633166724247,30.200236957993166]}"
2010,25,0.77099234,-1,1,-29.49457413,-9.95050054,-21.72566093,-8.493076512,0.14147912,2,0,1,3.5119197,"{""geodesic"":false,""type"":""Point"",""coordinates"":[113.98529502406524,30.36840157918034]}"
2011,26,0,0,0,-26.66896262,-6.208320301,-17.9124464,-8.339450587,0.146573325,1,0,1,3.23172,"{""geodesic"":false,""type"":""Point"",""coordinates"":[114.50703654108186,30.675086417178743]}"
2012,25,0.35151514,0.072375126,1,-28.09994531,-14.29838474,-23.85795184,-12.53228181,0.055817685,2,0,1,1.8543341,"{""geodesic"":false,""type"":""Point"",""coordinates"":[113.75945856163759,30.333636777684916]}"
2013,51,0.37185356,-0.44782034,1,-23.68775531,-6.096171133,-21.26029023,-5.162674116,0.304601886,2,0,1,4.6273675,"{""geodesic"":false,""type"":""Point"",""coordinates"":[114.03703798443053,30.40801728321001]}"
2014,19,0.81467986,-0.505597,1,-25.4745351,-6.059905202,-21.56362392,-14.544911,0.035116312,2,0,1,1.0730302,"{""geodesic"":false,""type"":""Point"",""coordinates"":[114.17528870665652,30.201045441748875]}"
2015,66,0,0,0,-18.52537813,-4.713845042,-13.29662489,-6.827926815,0.207590425,1,0,1,1.8543341,"{""geodesic"":false,""type"":""Point"",""coordinates"":[114.2308045912151,31.010876670382622]}"
2016,21,0.8265583,-0.3550864,1,-33.84258229,-15.83303565,-22.57115874,-13.13182057,0.048620335,2,0,1,2.979929,"{""geodesic"":false,""type"":""Point"",""coordinates"":[113.81443545702571,30.294829557410953]}"
2017,29,0.93397045,-0.64855325,1,-24.41319297,-10.58235732,-23.13250916,-11.77028973,0.066522878,2,0,1,2.142263,"{""geodesic"":false,""type"":""Point"",""coordinates"":[113.87695820080042,30.241739124119487]}"
2018,25,0.21201092,0.18268216,1,-23.32067037,-8.615827314,-16.64256963,-6.682533745,0.214657776,2,0,1,0.92740995,"{""geodesic"":false,""type"":""Point"",""coordinates"":[113.75514664827381,30.35223190406619]}"
2019,21,0.63012046,-0.3282365,1,-25.4333519,-11.92899416,-16.60548982,-7.548074938,0.175870301,2,0,1,0.92740995,"{""geodesic"":false,""type"":""Point"",""coordinates"":[114.15804105320142,30.235540748659062]}"
2020,26,0,0,0,-32.74631566,-14.0600739,-21.56841304,-16.31040362,0.023386199,1,0,1,1.8543341,"{""geodesic"":false,""type"":""Point"",""coordinates"":[114.58518997080026,30.594507536193223]}"
2021,20,0,0,0,-29.52885728,-9.902482162,-21.57502154,-11.42999116,0.071945044,1,0,1,2.8329115,"{""geodesic"":false,""type"":""Point"",""coordinates"":[114.2677253493924,30.103218907308257]}"
2022,19,0,0,0,-18.66809395,-4.451181269,-11.7587836,-8.148079339,0.153176473,1,0,1,1.0787438,"{""geodesic"":false,""type"":""Point"",""coordinates"":[114.07800116138637,30.718475045401718]}"
2023,18,0,0,0,-27.57693949,-8.450948567,-18.53351308,-5.348556435,0.291839691,1,0,1,3.8578246,"{""geodesic"":false,""type"":""Point"",""coordinates"":[114.05293816495943,30.72332594793596]}"
2024,21,0.962632,-0.58849955,1,-30.23228249,-9.964712689,-25.36933407,-12.12069872,0.061366327,2,0,1,3.3433566,"{""geodesic"":false,""type"":""Point"",""coordinates"":[114.16531740700279,30.097559521018304]}"
2025,22,0,0,0,-27.66762463,-4.046123352,-21.37539059,-5.562123046,0.277835474,1,0,1,0.92740995,"{""geodesic"":false,""type"":""Point"",""coordinates"":[114.22137228073184,30.282971795660576]}"
2026,24,0.7177322,-0.69974554,1,-27.73905668,-3.758117018,-25.15434429,-10.65335224,0.086032942,2,0,1,1.4201288,"{""geodesic"":false,""type"":""Point"",""coordinates"":[114.14456632393963,30.442512590120202]}"
2027,23,0.83970857,-0.43913436,1,-32.23828599,-14.13710497,-21.80479478,-14.71033572,0.03380387,2,0,1,0,"{""geodesic"":false,""type"":""Point"",""coordinates"":[113.89447534884076,30.353040387821896]}"
2028,19,0,0,0,-22.05792319,-7.683232717,-17.65273832,-10.65433517,0.086013473,1,0,1,2.1558862,"{""geodesic"":false,""type"":""Point"",""coordinates"":[114.11222697371133,30.681015298053932]}"
2029,20,0.80323625,-0.4198113,1,-22.25487647,-5.970518974,-20.27720773,-11.18498749,0.076120433,2,0,1,0,"{""geodesic"":false,""type"":""Point"",""coordinates"":[113.94325386876844,30.385110243464965]}"
2030,20,0,0,0,-20.16843527,-4.675789309,-15.66064277,-7.237992767,0.188886415,1,0,1,0.92740995,"{""geodesic"":false,""type"":""Point"",""coordinates"":[114.66927228139384,30.67993731971299]}"
2031,22,0,0,0,-25.81841852,-9.771427828,-24.19763787,-12.41394608,0.057359505,1,0,1,2.1452477,"{""geodesic"":false,""type"":""Point"",""coordinates"":[113.93975043916038,30.779380821665022]}"
2032,21,0,0,0,-30.37283042,-15.42183969,-19.02369945,-8.80665248,0.131623899,1,0,1,1.4234662,"{""geodesic"":false,""type"":""Point"",""coordinates"":[114.18526000631024,30.8378611466612]}"
2033,21,0,0,0,-25.56779438,-8.869442781,-16.06136946,-4.512289321,0.353810786,1,0,1,2.1455786,"{""geodesic"":false,""type"":""Point"",""coordinates"":[114.19954321932774,30.838130641246437]}"
2034,23,0,0,0,-23.4510593,-4.899486049,-19.53796401,-8.850345632,0.130306307,1,0,1,3.3615,"{""geodesic"":false,""type"":""Point"",""coordinates"":[114.50568906815568,30.671313492985444]}"
2035,19,0.24785408,-0.003340757,1,-30.87519353,-11.26238155,-22.75690299,-7.222055726,0.189580833,2,0,1,0.92740995,"{""geodesic"":false,""type"":""Point"",""coordinates"":[113.84758329100971,30.288361687365292]}"
2036,22,0,0,0,-26.97966899,-11.69327917,-18.5994419,-7.997603952,0.158576784,1,0,1,1.4225326,"{""geodesic"":false,""type"":""Point"",""coordinates"":[114.78811939348286,30.72817685047021]}"
2037,19,0,0,0,-25.53333221,-6.715943078,-19.91130687,-14.09066942,0.038988189,1,0,1,1.8543341,"{""geodesic"":false,""type"":""Point"",""coordinates"":[114.11168798454085,30.681015298053932]}"
2038,21,0,0,0,-27.73819101,-11.36332581,-21.63585974,-7.958843222,0.159998414,1,0,1,1.0789707,"{""geodesic"":false,""type"":""Point"",""coordinates"":[114.80563654152319,30.738956633879642]}"
2039,21,0,0,0,-23.48144366,-3.630256959,-18.13410556,-6.64203108,0.216669056,1,0,1,1.4226127,"{""geodesic"":false,""type"":""Point"",""coordinates"":[114.35019069247458,30.737609160953465]}"
2040,19,0.54608697,-0.06989748,1,-25.64877017,-6.880390171,-17.36116658,-4.122576544,0.387027964,2,0,1,1.4197419,"{""geodesic"":false,""type"":""Point"",""coordinates"":[114.0316480927258,30.396159521459634]}"
2041,19,0.7925408,-0.346211,1,-26.41841309,-4.110058983,-21.73122028,-8.364038054,0.145745849,2,0,1,0,"{""geodesic"":false,""type"":""Point"",""coordinates"":[113.81524394078141,30.30992125418416]}"
2042,16,0,0,0,-28.4366065,-8.16562509,-21.9095742,-10.04712013,0.098920883,1,0,1,0,"{""geodesic"":false,""type"":""Point"",""coordinates"":[114.57144574695322,30.3282468859802]}"
2043,25,0.8310559,-0.6383442,1,-25.49357745,-11.79848816,-23.80243642,-13.82636898,0.041434595,2,0,1,1.4192082,"{""geodesic"":false,""type"":""Point"",""coordinates"":[113.75838058329664,30.3320198101735]}"
2044,23,0,0,0,-24.18484181,-7.147481505,-13.20402152,-4.642007187,0.343399202,1,0,1,2.9816434,"{""geodesic"":false,""type"":""Point"",""coordinates"":[114.72424917678195,30.72494291544738]}"
2045,20,0,0,0,-27.06353985,-5.892659017,-24.34069363,-12.41487639,0.057347219,1,0,1,0,"{""geodesic"":false,""type"":""Point"",""coordinates"":[114.22514520492514,30.219910062715382]}"
2046,18,0.567029,-0.43554953,1,-23.23395311,-5.304919869,-17.35190477,-5.751181112,0.266000154,2,0,1,1.0761492,"{""geodesic"":false,""type"":""Point"",""coordinates"":[114.1345950242859,30.4853622291727]}"
2047,16,0,0,0,-29.26355445,-3.956627784,-24.61201648,-4.466424923,0.357567063,1,0,1,0,"{""geodesic"":false,""type"":""Point"",""coordinates"":[114.4517901511085,30.12450897954189]}"
2048,18,0,0,0,-29.88323373,-11.21847566,-27.35325239,-15.86908194,0.025887601,1,0,1,1.416924,"{""geodesic"":false,""type"":""Point"",""coordinates"":[114.25748455515345,30.054709881965803]}"
2049,24,0.59239703,-0.21529745,1,-28.97047449,-11.76239683,-17.88554763,-11.63684766,0.068598597,2,0,1,2.9799082,"{""geodesic"":false,""type"":""Point"",""coordinates"":[113.82225079999755,30.289439665706233]}"
2050,16,0,0,0,-26.27165248,-10.37599011,-18.95481982,-8.117859745,0.154246041,1,0,1,2.9800646,"{""geodesic"":false,""type"":""Point"",""coordinates"":[114.56928979027134,30.329055369735904]}"
2051,22,0.6846652,-0.49920255,1,-26.48551511,-6.725000857,-21.25549761,-8.922744181,0.128152057,2,0,1,2.1469746,"{""geodesic"":false,""type"":""Point"",""coordinates"":[113.80284718986056,30.277581903955856]}"
2052,23,0.61757106,-0.35078534,1,-26.22001328,-8.065386134,-25.99177318,-16.16730501,0.024169602,2,0,1,3.8566887,"{""geodesic"":false,""type"":""Point"",""coordinates"":[113.84354087223117,30.35411836616284]}"
2053,22,0,0,0,-29.62987988,-15.7257821,-25.16875877,-15.58461553,0.027640026,1,0,1,1.4227235,"{""geodesic"":false,""type"":""Point"",""coordinates"":[114.84606072930856,30.750544901044783]}"
2054,18,0.28726554,-0.16981132,1,-27.4850207,-4.832643486,-19.90813056,-8.229321956,0.150337666,2,0,1,0,"{""geodesic"":false,""type"":""Point"",""coordinates"":[114.20331614352105,30.285666741512934]}"
2055,27,0.9574845,-0.6101469,1,-31.47990585,-14.18005608,-23.77683641,-12.47594953,0.056546411,2,0,1,3.2185893,"{""geodesic"":false,""type"":""Point"",""coordinates"":[113.90067372430117,30.27785139854109]}"
2056,17,0,0,0,-25.11270897,-4.213964635,-21.80608505,-10.16731264,0.09622075,1,0,1,4.2801986,"{""geodesic"":false,""type"":""Point"",""coordinates"":[114.55824051227667,30.392117102681095]}"
2057,22,0,0,0,-26.48207268,-6.256633002,-21.27290072,-11.36318542,0.073060301,1,0,1,2.1535442,"{""geodesic"":false,""type"":""Point"",""coordinates"":[114.6463652416488,30.57591240981195]}"
2058,23,0.5254237,-0.22591944,1,-27.83559275,-12.81468675,-22.02531319,-16.28703781,0.02351236,2,0,1,2.1493917,"{""geodesic"":false,""type"":""Point"",""coordinates"":[113.76862137753561,30.387805189317323]}"
2059,20,0,0,0,-17.42667462,-7.268197781,-6.421770843,-6.903163592,0.204025119,1,0,1,4.405714,"{""geodesic"":false,""type"":""Point"",""coordinates"":[114.30491560215496,30.727637861299737]}"
2060,21,0.69866073,-0.6788831,1,-22.33699626,-5.289233341,-13.52070622,-5.169875872,0.304097194,2,0,1,1.4175112,"{""geodesic"":false,""type"":""Point"",""coordinates"":[114.19496181137873,30.12639544163854]}"
2061,24,0.57421875,-0.43490306,1,-27.6463809,-10.12336956,-18.4012858,-10.04703575,0.098922806,2,0,1,1.4197974,"{""geodesic"":false,""type"":""Point"",""coordinates"":[113.961040511394,30.40289688609053]}"
2062,23,0.43771628,-0.03253012,1,-23.16196593,-6.058013103,-13.83507979,-7.144430027,0.192999861,2,0,1,2.1427789,"{""geodesic"":false,""type"":""Point"",""coordinates"":[113.9766711973377,30.3357927343668]}"
2063,17,0,0,0,-33.93261002,-6.591825748,-23.05288919,-5.852269183,0.259880134,1,0,1,0,"{""geodesic"":false,""type"":""Point"",""coordinates"":[114.27095928441524,30.011590748328068]}"
2064,25,0.5433526,-0.30243903,1,-27.52381595,-11.81185647,-26.24904347,-17.86056938,0.016366019,2,0,1,2.3391857,"{""geodesic"":false,""type"":""Point"",""coordinates"":[113.7820961067974,30.318006091741236]}"
2065,22,0,0,0,-23.55967301,-8.067766155,-17.04101445,-6.506241168,0.223550622,1,0,1,0,"{""geodesic"":false,""type"":""Point"",""coordinates"":[114.83420296755818,30.75081439563002]}"
2066,26,0.9490909,-0.67,1,-25.60064555,-10.70551698,-23.44376702,-15.50027233,0.028182062,2,0,1,0,"{""geodesic"":false,""type"":""Point"",""coordinates"":[113.84488834515736,30.193769087947505]}"
2067,23,0.5803144,-0.2129964,1,-22.03329265,-6.151702271,-15.37530332,-5.549784665,0.278625932,2,0,1,3.717197,"{""geodesic"":false,""type"":""Point"",""coordinates"":[114.19603978971968,30.43927865509737]}"
2068,21,0,0,0,-21.61419705,-4.865844901,-20.36687893,-7.05124765,0.197185618,1,0,1,1.4219539,"{""geodesic"":false,""type"":""Point"",""coordinates"":[114.05024321910707,30.659725225820303]}"
2069,23,0.8160535,-0.7517564,1,-32.75446132,-10.12786768,-24.30551163,-9.377433163,0.115413519,2,0,1,3.3468628,"{""geodesic"":false,""type"":""Point"",""coordinates"":[113.85566812856679,30.20966926847642]}"
2070,25,0,0,0,-28.09997305,-13.51499986,-19.00390103,-12.54348927,0.055673827,1,0,1,3.7047918,"{""geodesic"":false,""type"":""Point"",""coordinates"":[114.51512137863892,30.671313492985444]}"
2071,25,0,0,0,-28.19994459,-10.37730569,-22.38756465,-8.184185196,0.151908292,1,0,1,3.710633,"{""geodesic"":false,""type"":""Point"",""coordinates"":[114.3766011618277,30.208052300965004]}"
2072,22,0.8199052,-0.4918033,1,-30.67678145,-17.78173074,-21.95016857,-13.36651266,0.04606263,2,0,1,1.074543,"{""geodesic"":false,""type"":""Point"",""coordinates"":[113.75757209954094,30.339565658560105]}"
2073,24,0,0,0,-25.23112857,-5.084369133,-20.79018464,-5.204528582,0.301680432,1,0,1,2.3486526,"{""geodesic"":false,""type"":""Point"",""coordinates"":[114.8546845560361,30.78342324044356]}"
2074,16,0,0,0,-30.83792083,-8.325282003,-25.20824057,-19.12110047,0.012243059,1,0,1,0,"{""geodesic"":false,""type"":""Point"",""coordinates"":[114.3631264325659,30.188648690828025]}"
2075,24,0.43015215,-0.2145749,1,-26.21718583,-11.02464871,-21.49276217,-14.71291321,0.033783814,2,0,1,1.0748389,"{""geodesic"":false,""type"":""Point"",""coordinates"":[113.78667751474642,30.36651511708369]}"
2076,28,0,0,0,-9.637380114,-10.06311758,-3.549317262,-11.88973832,0.064718161,1,0,1,2.144488,"{""geodesic"":false,""type"":""Point"",""coordinates"":[114.26044899559105,30.644094539876622]}"
2077,21,0.7754293,-0.31407943,1,-30.49778323,-7.233510527,-23.10882459,-13.09321166,0.049054498,2,0,1,1.074068,"{""geodesic"":false,""type"":""Point"",""coordinates"":[113.8076980923948,30.29617703033713]}"
2078,18,0,0,0,-29.20036161,-9.681806563,-17.20164341,-4.429228526,0.360642701,1,0,1,0,"{""geodesic"":false,""type"":""Point"",""coordinates"":[114.63504646906888,30.731949774663512]}"
2079,29,0,0,0,-23.88210841,-5.427219961,-14.92396514,-4.989163841,0.317017777,1,0,1,3.2340424,"{""geodesic"":false,""type"":""Point"",""coordinates"":[114.2022381651801,30.74434652558436]}"
2080,22,0.46482122,0.0927835,1,-34.19231549,-10.07036581,-25.88857202,-13.31407734,0.046622147,2,0,1,0,"{""geodesic"":false,""type"":""Point"",""coordinates"":[113.79206740645112,30.29752450326331]}"
2081,26,0.77566284,-0.47244096,1,-23.25958002,-7.640137872,-21.53735382,-13.84127888,0.041292589,2,0,1,2.1481662,"{""geodesic"":false,""type"":""Point"",""coordinates"":[114.14618329145104,30.3320198101735]}"
2082,25,0.55025905,-0.46058092,1,-26.12336548,-6.770161304,-18.29599585,-6.122261298,0.244215863,2,0,1,1.4183619,"{""geodesic"":false,""type"":""Point"",""coordinates"":[114.1308221000926,30.229611867783873]}"
2083,21,0,0,0,-23.21198035,-5.080543559,-20.23803168,-7.750496853,0.167861197,1,0,1,1.0789272,"{""geodesic"":false,""type"":""Point"",""coordinates"":[114.75658852701025,30.734914215101107]}"
2084,22,0,0,0,-20.0556889,-4.129473789,-11.97925235,-4.323167106,0.36955858,1,0,1,2.3443234,"{""geodesic"":false,""type"":""Point"",""coordinates"":[114.52482318370743,30.571869991033413]}"
2085,21,0,0,0,-20.55554194,-5.543015628,-17.58608595,-5.101425409,0.308928133,1,0,1,1.4180092,"{""geodesic"":false,""type"":""Point"",""coordinates"":[114.47954809338779,30.187031723316608]}"
2086,24,0.7109034,-0.4445141,1,-25.13596996,-10.32597493,-19.14825626,-11.44972228,0.071618921,2,0,1,2.7802885,"{""geodesic"":false,""type"":""Point"",""coordinates"":[113.71553094424414,30.422839485397983]}"
2087,22,0,0,0,-22.35291215,-5.178935571,-15.16242296,-9.511459379,0.111906178,1,0,1,2.1569903,"{""geodesic"":false,""type"":""Point"",""coordinates"":[114.66630784095625,30.73060230173733]}"
2088,20,0,0,0,-25.75875386,-11.6367497,-20.13145616,-9.103630245,0.122924083,1,0,1,2.3461778,"{""geodesic"":false,""type"":""Point"",""coordinates"":[114.76494285915257,30.662689666257897]}"
2089,26,0,0,0,-28.39766483,-9.832458485,-20.27748581,-9.06546509,0.124009082,1,0,1,2.8423364,"{""geodesic"":false,""type"":""Point"",""coordinates"":[114.50946199234897,30.6702355146445]}"
2090,19,0.7121588,-0.43236715,1,-36.78815441,-12.69613732,-24.9763136,-7.244697105,0.18859505,2,0,1,0,"{""geodesic"":false,""type"":""Point"",""coordinates"":[114.1677428582699,30.226916921931515]}"
2091,16,0,0,0,-20.08812139,-5.414274455,-15.28842495,-6.830965482,0.207445229,1,0,1,2.1455457,"{""geodesic"":false,""type"":""Point"",""coordinates"":[114.50326361688855,30.832201760371248]}"
2092,21,0,0,0,-26.4505096,-3.811959738,-22.08992315,-5.570960258,0.277270697,1,0,1,0,"{""geodesic"":false,""type"":""Point"",""coordinates"":[114.69568275074695,30.697723962338557]}"
2093,21,0,0,0,-26.26884004,-11.15687384,-16.46091536,-8.360574225,0.145862139,1,0,1,2.1452713,"{""geodesic"":false,""type"":""Point"",""coordinates"":[114.64663473623403,30.783692735028794]}"
2094,26,0.84732825,-0.34505495,1,-29.46749517,-12.69615242,-27.06880644,-20.56424619,0.008781635,2,0,1,2.9800198,"{""geodesic"":false,""type"":""Point"",""coordinates"":[113.80203870610485,30.317736597156]}"
2095,20,0.70287836,-0.41747573,1,-31.04954947,-14.35132193,-20.82703861,-9.597818441,0.109702912,2,0,1,0,"{""geodesic"":false,""type"":""Point"",""coordinates"":[114.14699177520674,30.316119629644586]}"
2096,27,0,0,0,-27.41033803,-9.806530731,-20.65695016,-11.11329186,0.077387499,1,0,1,2.144653,"{""geodesic"":false,""type"":""Point"",""coordinates"":[114.5051500789852,30.673738944252566]}"
2097,19,0,0,0,-24.9201118,-10.52661292,-19.0508236,-11.96477047,0.063609642,1,0,1,1.4228274,"{""geodesic"":false,""type"":""Point"",""coordinates"":[114.85252859935422,30.762672157380397]}"
2098,21,0,0,0,-24.13067064,-6.750707841,-22.08547516,-12.6196659,0.054705805,1,0,1,0.92740995,"{""geodesic"":false,""type"":""Point"",""coordinates"":[114.58815441123785,30.670505009229736]}"
2099,20,0,0,0,-27.82555894,-10.86393381,-14.75866493,-4.295732453,0.371900494,1,0,1,1.4194182,"{""geodesic"":false,""type"":""Point"",""coordinates"":[114.42187625214733,30.35735230118567]}"
2100,20,0,0,0,-24.21361378,-7.881367715,-18.88484403,-8.932308263,0.12787015,1,0,1,1.8543341,"{""geodesic"":false,""type"":""Point"",""coordinates"":[114.45071217276755,30.7807282945912]}"
2101,17,0,0,0,-31.09437458,-8.814653414,-22.76929642,-8.876291158,0.129530155,1,0,1,0,"{""geodesic"":false,""type"":""Point"",""coordinates"":[114.24077589086883,30.050128474016795]}"
2102,18,0,0,0,-23.83083262,-6.889959773,-18.3209872,-4.964428873,0.318828483,1,0,1,3.512009,"{""geodesic"":false,""type"":""Point"",""coordinates"":[114.55500657725383,30.374869449226]}"
2103,21,0.8566553,-0.8116233,1,-31.12654013,-4.525677762,-19.00728268,-8.723644165,0.134163872,2,0,1,0,"{""geodesic"":false,""type"":""Point"",""coordinates"":[113.8362645184298,30.497489485508314]}"
2104,24,0.50639856,-0.096921325,1,-24.69162633,-8.469927974,-17.1283666,-6.630085118,0.21726586,2,0,1,3.2151892,"{""geodesic"":false,""type"":""Point"",""coordinates"":[114.2060110893734,30.173556994054817]}"
2105,20,0,0,0,-23.11802577,-4.550568275,-16.96439162,-4.521055226,0.353097366,1,0,1,1.4196724,"{""geodesic"":false,""type"":""Point"",""coordinates"":[114.56012697437332,30.387805189317323]}"
2106,24,0.7162791,-0.27218935,1,-38.00177804,-7.322597992,-24.94915606,-5.891217196,0.257559919,2,0,1,0,"{""geodesic"":false,""type"":""Point"",""coordinates"":[113.81578292995188,30.188109701657552]}"
2107,22,0,0,0,-30.18290367,-12.62133925,-20.94997888,-9.175066036,0.12091868,1,0,1,3.2370083,"{""geodesic"":false,""type"":""Point"",""coordinates"":[114.17582769582698,30.83274074954172]}"
2108,25,0,0,0,-27.06422026,-6.119855296,-20.34903308,-5.364033599,0.290801498,1,0,1,0,"{""geodesic"":false,""type"":""Point"",""coordinates"":[114.21005350815194,30.85942071348007]}"
2109,21,0.65943015,-0.29263914,1,-24.36202288,-5.259757649,-17.46421084,-7.63618118,0.172338331,2,0,1,2.3434134,"{""geodesic"":false,""type"":""Point"",""coordinates"":[113.95915404929735,30.52713388988426]}"
2110,20,0,0,0,-29.15153267,-7.892919744,-23.08351869,-11.29295114,0.074251441,1,0,1,2.1420856,"{""geodesic"":false,""type"":""Point"",""coordinates"":[114.25910152266486,30.20913027930595]}"
2111,21,0.9290671,-0.7014419,1,-26.34858354,-11.20021046,-24.08016368,-16.30558877,0.023412141,2,0,1,0.92740995,"{""geodesic"":false,""type"":""Point"",""coordinates"":[114.16262246115043,30.102679918137785]}"
2112,23,0,0,0,-28.36309256,-13.42908351,-20.51586005,-9.341977379,0.116359611,1,0,1,1.8543341,"{""geodesic"":false,""type"":""Point"",""coordinates"":[114.81210441156884,30.762672157380397]}"
2113,16,0,0,0,-26.70276309,-6.834051321,-20.95893036,-10.77967556,0.083566544,1,0,1,0,"{""geodesic"":false,""type"":""Point"",""coordinates"":[114.36501289466256,30.19349959336227]}"
2114,23,0.7652582,-0.24183007,1,-28.08287336,-5.547615395,-23.2993466,-16.69807809,0.021389084,2,0,1,3.3495932,"{""geodesic"":false,""type"":""Point"",""coordinates"":[113.79503184688872,30.296716019507603]}"
2115,22,0.8171263,-0.3747573,1,-32.16763402,-16.26223388,-27.63058846,-20.10509585,0.009760912,2,0,1,1.4191852,"{""geodesic"":false,""type"":""Point"",""coordinates"":[113.82009484331566,30.329055369735904]}"
2116,24,0.8831341,-0.74449337,1,-29.6055067,-14.43696154,-25.38266471,-16.42258603,0.022789846,2,0,1,1.419275,"{""geodesic"":false,""type"":""Point"",""coordinates"":[113.75999755080807,30.340104647730577]}"
2117,19,0.7225573,-0.28869048,1,-29.30042654,-12.98084405,-28.41048157,-22.18665705,0.006044137,2,0,1,0,"{""geodesic"":false,""type"":""Point"",""coordinates"":[113.81901686497471,30.299949954530433]}"
2118,24,0,0,0,-30.51310498,-11.90124963,-19.35026172,-6.972003907,0.2008166,1,0,1,2.160019,"{""geodesic"":false,""type"":""Point"",""coordinates"":[114.17421072831557,30.865619088940495]}"
2119,23,0,0,0,-25.23896632,-5.171701836,-22.32187468,-12.69352197,0.053783344,1,0,1,2.8457172,"{""geodesic"":false,""type"":""Point"",""coordinates"":[114.16558690158803,30.869392013133798]}"
2120,24,0.669598,-0.59521097,1,-25.13606498,-10.32136418,-18.49764674,-10.95695064,0.080224115,2,0,1,0,"{""geodesic"":false,""type"":""Point"",""coordinates"":[114.16639538534373,30.443321073875907]}"
2121,17,0,0,0,-30.93696309,-8.343309347,-18.9209324,-12.58510801,0.055142849,1,0,1,4.2851315,"{""geodesic"":false,""type"":""Point"",""coordinates"":[114.17367173914509,30.835705189979315]}"
2122,18,0,0,0,-28.17164489,-4.810775239,-25.62051433,-7.847830952,0.164140936,1,0,1,1.4182152,"{""geodesic"":false,""type"":""Point"",""coordinates"":[114.49517877933148,30.211825225158307]}"
2123,20,0,0,0,-31.37409939,-16.10412946,-20.96906099,-12.36317428,0.058034009,1,0,1,0,"{""geodesic"":false,""type"":""Point"",""coordinates"":[114.16558690158803,30.84783244631493]}"
2124,21,0,0,0,-32.9975706,-12.10648736,-25.73862831,-14.87790484,0.032524417,1,0,1,1.8543341,"{""geodesic"":false,""type"":""Point"",""coordinates"":[114.17501921207128,30.77803334873884]}"
2125,25,0.6137339,-0.41091955,1,-28.47631984,-10.66677354,-20.20337719,-7.868984317,0.163343391,2,0,1,1.419372,"{""geodesic"":false,""type"":""Point"",""coordinates"":[113.79476235230348,30.351692914895718]}"
2126,21,0.27964205,0.16379955,1,-25.72622446,-9.819035735,-22.51495319,-10.47173922,0.089706947,2,0,1,1.8543341,"{""geodesic"":false,""type"":""Point"",""coordinates"":[113.7707773342175,30.374599954640765]}"
2127,23,0.8414634,-0.734072,1,-31.57574908,-15.5902976,-24.66163904,-16.40003487,0.022908493,2,0,1,1.8543341,"{""geodesic"":false,""type"":""Point"",""coordinates"":[113.76835188295037,30.3673236008394]}"
2128,21,0,0,0,-28.27640609,-17.42565081,-13.66252292,-16.77747718,0.021001595,1,0,1,3.7246537,"{""geodesic"":false,""type"":""Point"",""coordinates"":[114.43076957346011,30.69826295150903]}"
2129,24,0,0,0,-23.63444722,-8.307063693,-19.58533343,-10.2383617,0.094659418,1,0,1,2.1457863,"{""geodesic"":false,""type"":""Point"",""coordinates"":[114.21544339985665,30.874781904838514]}"
2130,19,0,0,0,-29.92958053,-4.454757223,-26.13849389,-5.195031205,0.302340885,1,0,1,0,"{""geodesic"":false,""type"":""Point"",""coordinates"":[114.23161307497081,30.125586957882835]}"
2131,17,0,0,0,-27.58485234,-10.21670257,-23.85375966,-10.53498702,0.088409981,1,0,1,1.0787531,"{""geodesic"":false,""type"":""Point"",""coordinates"":[114.72856109014573,30.719553023742662]}"
2132,28,0,0,0,-22.29089499,-8.487388912,-13.72544763,-4.7904509,0.331860001,1,0,1,1.4238387,"{""geodesic"":false,""type"":""Point"",""coordinates"":[114.19011090884449,30.88151926946941]}"
2133,37,0,0,0,-11.49891209,-4.622879657,3.039526057,-4.742342878,0.335556544,1,0,1,0.92740995,"{""geodesic"":false,""type"":""Point"",""coordinates"":[114.44990368901185,30.62469092973964]}"
2134,23,0.9080189,-0.55184275,1,-24.80717243,-8.319470288,-13.37182978,-4.103981515,0.388688641,2,0,1,0.92740995,"{""geodesic"":false,""type"":""Point"",""coordinates"":[113.87291578202188,30.39642901604487]}"
2135,20,0,0,0,-29.32255452,-11.42225092,-20.66756492,-13.8185513,0.041509248,1,0,1,0,"{""geodesic"":false,""type"":""Point"",""coordinates"":[114.1669343745142,30.847293457144456]}"
2136,22,0,0,0,-21.22575489,-4.146949223,-15.94443179,-5.535108351,0.279569098,1,0,1,1.4221584,"{""geodesic"":false,""type"":""Point"",""coordinates"":[114.53560296711686,30.683979738491526]}"
2137,24,0,0,0,-26.01599394,-7.002300708,-21.10055858,-12.78621495,0.052647591,1,0,1,1.0710175,"{""geodesic"":false,""type"":""Point"",""coordinates"":[114.27419321943808,30.015633167106603]}"
2138,20,0,0,0,-33.29684542,-10.69993394,-22.13775497,-11.83047921,0.065607287,1,0,1,1.4171832,"{""geodesic"":false,""type"":""Point"",""coordinates"":[114.22002480780567,30.086510243023636]}"
2139,23,0,0,0,-21.4299011,-7.491306145,-14.99055533,-7.68052944,0.170587442,1,0,1,0.92740995,"{""geodesic"":false,""type"":""Point"",""coordinates"":[114.61213942932383,30.578068366493838]}"
2140,26,0.23391813,-0.4227545,1,-26.08113362,-5.590534737,-18.32309197,-5.762946806,0.265280495,2,0,1,2.1443236,"{""geodesic"":false,""type"":""Point"",""coordinates"":[113.96912534895108,30.61471963008591]}"
2141,21,0,0,0,-29.04731677,-11.4164998,-18.59503928,-8.50137532,0.141209029,1,0,1,2.347362,"{""geodesic"":false,""type"":""Point"",""coordinates"":[114.79323979060233,30.720631002083604]}"
2142,17,0,0,0,-30.03035683,-11.6984527,-20.63814842,-7.941424156,0.160641438,1,0,1,1.0787065,"{""geodesic"":false,""type"":""Point"",""coordinates"":[114.19846524098679,30.715241110378887]}"
2143,18,0.76203454,-0.48051947,1,-28.79342374,-6.043074549,-19.79513162,-10.51184605,0.088882323,2,0,1,1.4203795,"{""geodesic"":false,""type"":""Point"",""coordinates"":[114.07773166680113,30.472426489081382]}"
2144,20,0.55932206,-0.2973761,1,-24.74435625,-5.203722237,-18.95394172,-6.239584412,0.237706774,2,0,1,3.2128332,"{""geodesic"":false,""type"":""Point"",""coordinates"":[114.1774446633384,30.10106295062637]}"
2145,17,0,0,0,-29.79758157,-4.849377914,-22.3511447,-7.417728561,0.18122877,1,0,1,4.2918634,"{""geodesic"":false,""type"":""Point"",""coordinates"":[114.47577516919449,30.36759309542463]}"
2146,31,0,0,0,-21.42615832,-9.052893891,-12.22575684,-7.051859955,0.197157819,1,0,1,3.3635886,"{""geodesic"":false,""type"":""Point"",""coordinates"":[114.34399231701416,30.736261688027284]}"
2147,24,0.6469534,-0.2900097,1,-28.32917425,-7.476875827,-21.64607952,-10.22735515,0.094899623,2,0,1,3.352116,"{""geodesic"":false,""type"":""Point"",""coordinates"":[114.03030061979962,30.37675591132265]}"
2148,21,0,0,0,-29.72544937,-11.7680921,-21.92398543,-9.579724268,0.110160925,1,0,1,2.9792213,"{""geodesic"":false,""type"":""Point"",""coordinates"":[114.23269105331175,30.113998690717693]}"
2149,20,0.77319586,-0.49544072,1,-27.09845243,-6.01384632,-17.93847756,-4.218358821,0.378585623,2,0,1,0.92740995,"{""geodesic"":false,""type"":""Point"",""coordinates"":[113.80042173859344,30.397506994385814]}"
2150,17,0.7781955,-0.2967033,1,-25.03285369,-8.618430837,-23.3042452,-16.62421708,0.021755962,2,0,1,0,"{""geodesic"":false,""type"":""Point"",""coordinates"":[114.21220946483383,30.05821331157387]}"
2151,24,0,0,0,-21.10071935,-3.705979669,-14.68766093,-7.870985386,0.163268146,1,0,1,0,"{""geodesic"":false,""type"":""Point"",""coordinates"":[114.61402589142048,30.57914634483478]}"
2152,21,0,0,0,-26.5236457,-5.323650665,-18.60147562,-6.767793377,0.210484763,1,0,1,1.0710504,"{""geodesic"":false,""type"":""Point"",""coordinates"":[114.23888942877218,30.018597607544198]}"
2153,19,0,0,0,-32.88109707,-8.872789916,-26.06065992,-12.40612958,0.057462834,1,0,1,0,"{""geodesic"":false,""type"":""Point"",""coordinates"":[114.23215206414127,30.23500175948859]}"
2154,20,0,0,0,-24.9224374,-5.954242868,-21.61122016,-11.79954039,0.066076337,1,0,1,3.8562183,"{""geodesic"":false,""type"":""Point"",""coordinates"":[114.33806343613897,30.198889485066985]}"
2155,18,0,0,0,-24.09539571,-4.636735527,-18.31340389,-4.094804699,0.389510824,1,0,1,2.3482468,"{""geodesic"":false,""type"":""Point"",""coordinates"":[114.09524881484147,30.763480641136105]}"
2156,26,0,0,0,-10.46084227,-3.690493999,-5.625252655,-4.501003565,0.354731409,1,0,1,2.3446007,"{""geodesic"":false,""type"":""Point"",""coordinates"":[114.33617697404232,30.58561421488044]}"
2157,22,0,0,0,-24.27943741,-6.737710195,-20.99716037,-10.43443265,0.090480863,1,0,1,1.0772204,"{""geodesic"":false,""type"":""Point"",""coordinates"":[114.60701903220436,30.581841290687137]}"
2158,19,0,0,0,-26.2876458,-6.153878161,-19.46398805,-7.395973689,0.182138867,1,0,1,0,"{""geodesic"":false,""type"":""Point"",""coordinates"":[114.26098798476151,30.141756632996984]}"
2159,24,0,0,0,-25.86449128,-9.627092708,-17.23581394,-4.539717894,0.351583278,1,0,1,4.2840242,"{""geodesic"":false,""type"":""Point"",""coordinates"":[114.19927372474251,30.73733966636823]}"
2160,17,0,0,0,-21.93418725,-5.811992503,-15.61671697,-5.417644258,0.28723382,1,0,1,2.836562,"{""geodesic"":false,""type"":""Point"",""coordinates"":[114.48439899592204,30.32501295095737]}"
2161,22,0.7017544,-1,1,-30.63421162,-8.029902193,-21.91967893,-9.9002927,0.102322403,2,0,1,2.1489644,"{""geodesic"":false,""type"":""Point"",""coordinates"":[113.98475603489476,30.36840157918034]}"
2162,20,0,0,0,-28.12654013,-14.35604647,-22.92320576,-15.46343394,0.028422129,1,0,1,2.7802885,"{""geodesic"":false,""type"":""Point"",""coordinates"":[114.52482318370743,30.280815838978686]}"
2163,24,0.62173915,-0.3788914,1,-26.58883694,-12.51440658,-15.22228937,-7.051856703,0.197157966,2,0,1,1.4194875,"{""geodesic"":false,""type"":""Point"",""coordinates"":[113.74194141359726,30.365437138742745]}"
2164,22,0.59838545,-0.24407583,1,-36.60754592,-17.05784169,-20.65115016,-9.835534243,0.103859583,2,0,1,1.4195707,"{""geodesic"":false,""type"":""Point"",""coordinates"":[114.08366054767632,30.37567793298171]}"
2165,27,0,0,0,-31.26125343,-18.58631512,-20.0662011,-11.33470718,0.073540958,1,0,1,0.92740995,"{""geodesic"":false,""type"":""Point"",""coordinates"":[114.18202607128741,30.88556168824795]}"
2166,14,0,0,0,-28.66832746,-4.47286545,-20.29252332,-5.225780203,0.300207805,1,0,1,1.4199247,"{""geodesic"":false,""type"":""Point"",""coordinates"":[114.56497787690756,30.41798858286374]}"
2167,22,0,0,0,-22.18103922,-4.083720596,-15.80239701,-6.447466341,0.226596588,1,0,1,2.8426602,"{""geodesic"":false,""type"":""Point"",""coordinates"":[114.57009827402705,30.689369630196246]}"
2168,19,0.96456087,-0.6692913,1,-25.26277744,-6.128234496,-23.64522496,-15.40692071,0.028794393,2,0,1,0,"{""geodesic"":false,""type"":""Point"",""coordinates"":[114.16262246115043,30.096751037262596]}"
2169,25,0.9499241,-0.74413645,1,-29.36391402,-13.89832549,-20.90633425,-6.866103506,0.205773597,2,0,1,4.2790613,"{""geodesic"":false,""type"":""Point"",""coordinates"":[113.86968184699906,30.288361687365292]}"
2170,22,0.57631576,-0.19629629,1,-31.06838691,-12.43262803,-22.05409781,-13.29906248,0.046783612,2,0,1,2.9802818,"{""geodesic"":false,""type"":""Point"",""coordinates"":[113.78910296601353,30.38403226512402]}"
2171,23,0,0,0,-23.07513699,-5.175958822,-16.62987216,-6.156840634,0.242279092,1,0,1,4.6819725,"{""geodesic"":false,""type"":""Point"",""coordinates"":[114.56120495271426,30.600166922483176]}"
2172,21,0.69636965,-0.7457627,1,-26.66036164,-3.692597613,-18.11077359,-6.452808475,0.226318029,2,0,1,2.143396,"{""geodesic"":false,""type"":""Point"",""coordinates"":[113.77023834504702,30.44790248182492]}"
2173,21,0.3888889,-0.25365853,1,-29.68460888,-4.750955886,-24.4142535,-10.34572312,0.092348041,2,0,1,3.349165,"{""geodesic"":false,""type"":""Point"",""coordinates"":[114.20439412186198,30.282971795660576]}"
2174,18,0,0,0,-23.44120825,-7.143205568,-18.74757492,-13.0503419,0.049541119,1,0,1,0,"{""geodesic"":false,""type"":""Point"",""coordinates"":[114.33051758775237,30.436853203830246]}"
2175,23,0.9041634,-0.5403349,1,-28.16082703,-8.247860966,-17.53989297,-4.75716876,0.334412979,2,0,1,2.3399851,"{""geodesic"":false,""type"":""Point"",""coordinates"":[113.90148220805689,30.357891290356143]}"
2176,19,0.6903553,-0.24492979,1,-31.04091508,-5.757556483,-24.34555728,-11.51047901,0.070623965,2,0,1,0,"{""geodesic"":false,""type"":""Point"",""coordinates"":[113.80527264112769,30.305609340820386]}"
2177,25,0.59302324,-0.244,1,-29.11486099,-17.16156678,-22.23540219,-14.80704904,0.03305941,2,0,1,1.4189202,"{""geodesic"":false,""type"":""Point"",""coordinates"":[113.77239430172891,30.297255008678075]}"
2178,24,0.35176653,-0.5897436,1,-25.17539416,-3.813905161,-21.27219589,-9.034288491,0.124902506,2,0,1,2.980206,"{""geodesic"":false,""type"":""Point"",""coordinates"":[114.07018581841453,30.364898149572273]}"
2179,23,0.81232226,-0.34646583,1,-30.90697204,-6.269020779,-24.03941304,-5.308769643,0.294525591,2,0,1,0.92740995,"{""geodesic"":false,""type"":""Point"",""coordinates"":[113.91549592648914,30.35923876328232]}"
2180,23,0,0,0,-26.32203371,-4.830227672,-19.42456976,-4.153978326,0.384239641,1,0,1,1.4236369,"{""geodesic"":false,""type"":""Point"",""coordinates"":[114.17016830953703,30.857803745968656]}"
2181,28,0,0,0,-19.7085328,-6.925733447,-12.42313165,-5.863911019,0.259184424,1,0,1,1.0811961,"{""geodesic"":false,""type"":""Point"",""coordinates"":[114.76575134290827,30.936765659442763]}"
2182,18,0,0,0,-21.86866846,-5.355923738,-15.75835724,-7.403027348,0.181843284,1,0,1,0.92740995,"{""geodesic"":false,""type"":""Point"",""coordinates"":[114.43319502472723,30.36759309542463]}"
2183,21,0,0,0,-25.86044263,-4.571568319,-18.65493701,-6.838519411,0.207084722,1,0,1,1.4235492,"{""geodesic"":false,""type"":""Point"",""coordinates"":[114.63531596365412,30.847562951729692]}"
2184,18,0,0,0,-26.0965743,-8.975430603,-17.96996195,-7.68572928,0.170383318,1,0,1,0,"{""geodesic"":false,""type"":""Point"",""coordinates"":[114.40759303912982,30.43981764426784]}"
2185,23,0.90166414,-0.6315789,1,-34.0622666,-16.37373489,-20.05335226,-9.125791837,0.122298412,2,0,1,3.7047918,"{""geodesic"":false,""type"":""Point"",""coordinates"":[113.86887336324335,30.2929430953143]}"
2186,19,0,0,0,-27.12642659,-4.788423638,-25.79296667,-12.03624272,0.062571379,1,0,1,0,"{""geodesic"":false,""type"":""Point"",""coordinates"":[114.23349953706746,30.24093064036378]}"
2187,25,0,0,0,-29.2396439,-6.594120493,-18.78219858,-4.975374574,0.318025938,1,0,1,2.1456242,"{""geodesic"":false,""type"":""Point"",""coordinates"":[114.632890512387,30.846215478803515]}"
2188,24,0,0,0,-33.37285603,-12.005962,-21.10701123,-11.18952701,0.076040909,1,0,1,1.8543341,"{""geodesic"":false,""type"":""Point"",""coordinates"":[114.16962932036657,30.85295284343441]}"
2189,15,0,0,0,-28.80943583,-12.55797191,-16.18320693,-6.566338188,0.220478467,1,0,1,0,"{""geodesic"":false,""type"":""Point"",""coordinates"":[114.48412950133681,30.358430279526612]}"
2190,21,0,0,0,-23.09655154,-7.338105352,-22.30184888,-10.86280449,0.081982197,1,0,1,1.0710474,"{""geodesic"":false,""type"":""Point"",""coordinates"":[114.26179646851722,30.01832811295896]}"
2191,22,0,0,0,-18.95590578,-4.117093979,-10.86878901,-4.715382697,0.337646094,1,0,1,0.92740995,"{""geodesic"":false,""type"":""Point"",""coordinates"":[114.4682293208079,30.37756439507836]}"
2192,23,0,0,0,-28.17132731,-9.941292433,-20.39437035,-6.687792151,0.214398027,1,0,1,1.078179,"{""geodesic"":false,""type"":""Point"",""coordinates"":[114.51835531366176,30.668079557962614]}"
2193,19,0.70873785,-0.4027027,1,-31.79798867,-8.14903289,-25.88574993,-4.941006404,0.320552641,2,0,1,0,"{""geodesic"":false,""type"":""Point"",""coordinates"":[114.20574159478817,30.20643533345359]}"
2194,19,0.7689615,-0.36294028,1,-32.85504992,-13.30112448,-23.07797401,-10.9509565,0.080334917,2,0,1,0,"{""geodesic"":false,""type"":""Point"",""coordinates"":[113.80877607073575,30.310999232525102]}"
2195,20,0,0,0,-32.2444825,-13.40514601,-21.17941625,-11.41850911,0.072135507,1,0,1,2.3479612,"{""geodesic"":false,""type"":""Point"",""coordinates"":[114.1623529665652,30.74973641728908]}"
2196,23,0.7056043,-0.4504041,1,-21.42379984,-6.515916614,-16.86200869,-10.45165788,0.090122704,2,0,1,1.0757045,"{""geodesic"":false,""type"":""Point"",""coordinates"":[114.22379773199897,30.444938041387324]}"
2197,26,0.2777778,-0.3419355,1,-28.00159877,-12.18904564,-16.8767295,-7.289401851,0.186663676,2,0,1,3.5128329,"{""geodesic"":false,""type"":""Point"",""coordinates"":[113.81551343536664,30.436314214659777]}"
2198,27,0,0,0,-23.03113029,-8.805195514,-18.35720692,-13.05381991,0.04950146,1,0,1,1.8543341,"{""geodesic"":false,""type"":""Point"",""coordinates"":[114.19630928430492,30.77884183249455]}"
2199,23,0.77386934,-0.3080895,1,-32.02732902,-11.44641793,-22.02129223,-11.78244988,0.066336875,2,0,1,1.8543341,"{""geodesic"":false,""type"":""Point"",""coordinates"":[113.80527264112769,30.296716019507603]}"
2200,24,0,0,0,-23.75598317,-9.533548779,-13.83066875,-8.365956388,0.145681485,1,0,1,3.512363,"{""geodesic"":false,""type"":""Point"",""coordinates"":[114.4013946636694,30.401279918579114]}"
2201,22,0,0,0,-28.58961512,-8.091723531,-20.3647805,-6.116201211,0.244556876,1,0,1,0.92740995,"{""geodesic"":false,""type"":""Point"",""coordinates"":[114.63396849072794,30.800131904728183]}"
2202,24,0,0,0,-29.67341446,-11.69110547,-22.51225761,-13.04494635,0.049602706,1,0,1,1.8543341,"{""geodesic"":false,""type"":""Point"",""coordinates"":[114.15777155861619,30.75027540645955]}"
2203,26,0.7181529,-0.49878347,1,-26.90504542,-10.43268977,-19.44588384,-9.572146375,0.11035331,2,0,1,1.4196817,"{""geodesic"":false,""type"":""Point"",""coordinates"":[114.16747336368468,30.388883167658264]}"
2204,22,0,0,0,-24.10311166,-9.420696005,-13.7942639,-6.527843907,0.222441395,1,0,1,2.347967,"{""geodesic"":false,""type"":""Point"",""coordinates"":[114.8290825704387,30.750005911874315]}"
2205,21,0.72978723,-0.7978339,1,-18.86031158,-3.533458177,-16.26264059,-9.33746089,0.116480684,2,0,1,1.0765765,"{""geodesic"":false,""type"":""Point"",""coordinates"":[114.20385513269152,30.52389995486143]}"
2206,24,0,0,0,-22.84570407,-9.62691578,-14.18240981,-7.467786674,0.179151865,1,0,1,3.8574028,"{""geodesic"":false,""type"":""Point"",""coordinates"":[114.60863599971577,30.587231182391857]}"
2207,19,0.9484536,-0.5507109,1,-30.65031124,-8.815948326,-22.88115253,-5.425744916,0.286698558,2,0,1,3.8559136,"{""geodesic"":false,""type"":""Point"",""coordinates"":[114.16639538534373,30.097559521018304]}"
2208,21,0.24675325,0.25270757,1,-26.86778869,-3.737553691,-18.93773918,-4.508746706,0.354099513,2,0,1,2.337414,"{""geodesic"":false,""type"":""Point"",""coordinates"":[113.80554213571293,30.229611867783873]}"
2209,17,0,0,0,-23.95420546,-6.796342187,-22.8047815,-11.85943693,0.065171288,1,0,1,0,"{""geodesic"":false,""type"":""Point"",""coordinates"":[114.24616578257354,30.054440387380566]}"
2210,22,0.7906459,-0.63779527,1,-30.8390023,-17.93419742,-22.85498309,-17.543273,0.017606487,2,0,1,1.0746344,"{""geodesic"":false,""type"":""Point"",""coordinates"":[113.8543206556406,30.34765049611718]}"
2211,18,0,0,0,-8.479285361,-4.153896808,-6.703503197,-5.789462838,0.263665748,1,0,1,1.8543341,"{""geodesic"":false,""type"":""Point"",""coordinates"":[114.28308654075086,30.662689666257897]}"
2212,25,0.64016736,-0.31428573,1,-26.91077946,-11.22195945,-25.11531212,-22.05480508,0.006230451,2,0,1,2.3367808,"{""geodesic"":false,""type"":""Point"",""coordinates"":[113.82359827292372,30.19808100131128]}"
2213,19,0.85261005,-0.8580247,1,-29.36731114,-12.17982864,-19.32227146,-20.35942472,0.009205715,2,0,1,0,"{""geodesic"":false,""type"":""Point"",""coordinates"":[114.04188888696477,30.555430821334024]}"
2214,24,0.8657143,-0.38123754,1,-34.73751545,-17.0245683,-23.68423807,-14.73123505,0.033641589,2,0,1,1.8543341,"{""geodesic"":false,""type"":""Point"",""coordinates"":[113.81605242453712,30.294021073655244]}"
2215,17,0,0,0,-29.53323226,-6.249320847,-19.2497514,-5.300496134,0.29508721,1,0,1,0,"{""geodesic"":false,""type"":""Point"",""coordinates"":[114.19415332762303,30.71389363745271]}"
2216,23,0.8984862,-0.6588542,1,-28.28327985,-6.25962409,-22.98070104,-15.33986419,0.029242438,2,0,1,2.3400578,"{""geodesic"":false,""type"":""Point"",""coordinates"":[113.79395386854777,30.36139471996421]}"
2217,14,0,0,0,-26.6191969,-8.318197209,-21.50410405,-13.18815699,0.047993708,1,0,1,0,"{""geodesic"":false,""type"":""Point"",""coordinates"":[114.17421072831557,30.83678316832026]}"
2218,23,0.49367088,-0.4450262,1,-26.21677069,-11.3044098,-19.56865205,-11.83922383,0.065475318,2,0,1,1.4193674,"{""geodesic"":false,""type"":""Point"",""coordinates"":[113.76403996958659,30.351153925725246]}"
2219,17,0,0,0,-23.3734641,-6.895232987,-14.98970746,-4.616870763,0.345392517,1,0,1,0.92740995,"{""geodesic"":false,""type"":""Point"",""coordinates"":[114.56578636066327,30.811450677308088]}"
2220,23,0.6455696,-0.31967214,1,-26.5486539,-8.170913431,-19.43646668,-9.870747997,0.103020867,2,0,1,2.3424156,"{""geodesic"":false,""type"":""Point"",""coordinates"":[113.85243419354396,30.478085875371335]}"
2221,24,0.54824066,-0.122015916,1,-27.76260569,-7.912117094,-18.20855821,-7.699982483,0.16982505,2,0,1,2.7802885,"{""geodesic"":false,""type"":""Point"",""coordinates"":[113.84866126935066,30.430654828369825]}"
2222,20,0.44994247,-0.34170154,1,-27.91449196,-5.964668446,-21.87831276,-6.797964276,0.20902757,2,0,1,4.25015,"{""geodesic"":false,""type"":""Point"",""coordinates"":[114.13648148638255,30.31046024335463]}"
2223,21,0.3048433,0.004769475,1,-28.46391598,-16.36226208,-21.34644124,-15.17460767,0.030376605,2,0,1,0.92740995,"{""geodesic"":false,""type"":""Point"",""coordinates"":[113.78802498767259,30.36651511708369]}"
2224,27,0,0,0,-24.48772163,-8.976233143,-13.14444461,-7.117477858,0.194201336,1,0,1,2.1448088,"{""geodesic"":false,""type"":""Point"",""coordinates"":[114.44074087311384,30.70149688653186]}"
2225,16,0,0,0,-33.80809032,-13.19077102,-25.22014142,-15.16140001,0.030469126,1,0,1,0,"{""geodesic"":false,""type"":""Point"",""coordinates"":[114.37687065641293,30.191074142095147]}"
2226,38,0,0,0,-25.23817279,-5.450241755,-19.89124306,-5.409304428,0.28778593,1,0,1,3.362731,"{""geodesic"":false,""type"":""Point"",""coordinates"":[114.22676217243657,30.70985121867417]}"
2227,22,0.86538464,-0.56199676,1,-27.84165495,-12.5609405,-21.81193683,-13.18026265,0.048081027,2,0,1,1.4195638,"{""geodesic"":false,""type"":""Point"",""coordinates"":[113.77212480714367,30.374599954640765]}"
2228,43,0,0,0,-14.32474718,-4.964910698,-11.62901559,-10.45393804,0.090075399,1,0,1,2.3395097,"{""geodesic"":false,""type"":""Point"",""coordinates"":[114.36123997046926,30.334175766855388]}"
2229,20,0,0,0,-18.39110383,-4.25975881,-14.04500861,-5.201201627,0.301911626,1,0,1,2.9815493,"{""geodesic"":false,""type"":""Point"",""coordinates"":[114.07018581841453,30.701766381117096]}"
2230,21,0.37284482,0.039390087,1,-29.67042399,-10.61627568,-23.78580895,-15.54263239,0.027908517,2,0,1,2.1430311,"{""geodesic"":false,""type"":""Point"",""coordinates"":[113.78829448225783,30.381606813856898]}"
2231,25,0,0,0,-24.22697726,-9.193234377,-19.36445897,-11.17598185,0.076278442,1,0,1,2.1536305,"{""geodesic"":false,""type"":""Point"",""coordinates"":[114.6231887073185,30.57968533400525]}"
2232,23,0,0,0,-29.95009664,-21.18867245,-20.8949782,-17.82587858,0.016497272,1,0,1,0.92740995,"{""geodesic"":false,""type"":""Point"",""coordinates"":[114.17771415792363,30.765906092403227]}"
2233,25,0,0,0,-30.24368581,-8.389384416,-19.57911601,-4.191888524,0.380900153,1,0,1,3.7047918,"{""geodesic"":false,""type"":""Point"",""coordinates"":[114.21059249732241,30.842981543780684]}"
2234,22,0,0,0,-31.83907441,-15.42418564,-22.51915754,-14.17573882,0.038231921,1,0,1,1.423395,"{""geodesic"":false,""type"":""Point"",""coordinates"":[114.17232426621892,30.82950681451889]}"
2235,41,0,0,0,-20.59715251,-5.369554744,-13.60146894,-6.521542584,0.222764377,1,0,1,4.24298,"{""geodesic"":false,""type"":""Point"",""coordinates"":[114.437506938091,30.018597607544198]}"
2236,23,0,0,0,-23.0389494,-5.32472309,-14.19221756,-4.01827326,0.396435624,1,0,1,1.0732512,"{""geodesic"":false,""type"":""Point"",""coordinates"":[114.22298924824327,30.221257535641563]}"
2237,19,0,0,0,-28.17328161,-9.183521378,-20.11584099,-8.693634192,0.135094162,1,0,1,0.92740995,"{""geodesic"":false,""type"":""Point"",""coordinates"":[114.2337690316527,30.194308077117977]}"
2238,18,0,0,0,-23.36043335,-5.073443411,-21.5495375,-10.39221756,0.09136466,1,0,1,3.3507657,"{""geodesic"":false,""type"":""Point"",""coordinates"":[114.5727932198794,30.333906272270152]}"
2239,21,0,0,0,-26.54711717,-10.46235027,-16.65969713,-5.48958599,0.282514928,1,0,1,3.3678315,"{""geodesic"":false,""type"":""Point"",""coordinates"":[114.16154448280949,30.867775045622384]}"
2240,19,0,0,0,-25.32076634,-6.19726285,-22.16029688,-10.94577239,0.080430869,1,0,1,1.0755329,"{""geodesic"":false,""type"":""Point"",""coordinates"":[114.22945711828892,30.429307355443644]}"
2241,20,0,0,0,-30.98284482,-14.2054202,-21.9235212,-13.06643931,0.049357831,1,0,1,4.6273675,"{""geodesic"":false,""type"":""Point"",""coordinates"":[114.45125116193803,30.245242553727554]}"
2242,42,0,0,0,-37.68345439,-19.24472565,-23.09544714,-15.22031475,0.030058584,1,0,1,3.513248,"{""geodesic"":false,""type"":""Point"",""coordinates"":[114.40462859869223,30.4673060919619]}"
2243,17,0,0,0,-29.72589315,-5.958888087,-19.54788765,-12.99744866,0.050148175,1,0,1,0,"{""geodesic"":false,""type"":""Point"",""coordinates"":[114.22218076448755,30.05551836572151]}"
2244,20,0.94987035,-0.66042155,1,-30.99965509,-4.927299953,-24.69013023,-8.109070335,0.154558526,2,0,1,1.4172287,"{""geodesic"":false,""type"":""Point"",""coordinates"":[114.1812175875317,30.091900134728352]}"
2245,24,0.56873316,-0.18550107,1,-28.26979064,-11.98622767,-23.94975819,-15.74149675,0.026659397,2,0,1,0,"{""geodesic"":false,""type"":""Point"",""coordinates"":[113.77751469884839,30.29213461155859]}"
2246,27,0.89917356,-0.71452147,1,-24.0714048,-7.356818242,-23.26506268,-12.9248038,0.050994064,2,0,1,0.92740995,"{""geodesic"":false,""type"":""Point"",""coordinates"":[113.92789267741,30.30021944911567]}"
2247,21,0,0,0,-24.43502619,-4.515727886,-18.24922208,-4.503990133,0.35448755,1,0,1,2.9789698,"{""geodesic"":false,""type"":""Point"",""coordinates"":[114.27607968153472,30.04905049567585]}"
2248,25,0,0,0,-28.86939561,-7.623692555,-26.321307,-11.83299337,0.065569317,1,0,1,3.7287486,"{""geodesic"":false,""type"":""Point"",""coordinates"":[114.32108527726912,30.83920861958738]}"
2249,20,0,0,0,-17.80529253,-4.215509742,-12.9742574,-6.314345693,0.233649809,1,0,1,2.1433299,"{""geodesic"":false,""type"":""Point"",""coordinates"":[114.23511650457887,30.435775225489305]}"
2250,20,0,0,0,-21.47904864,-5.098097294,-15.53975511,-5.577502547,0.276853326,1,0,1,1.0800213,"{""geodesic"":false,""type"":""Point"",""coordinates"":[114.37902661309482,30.832471254956484]}"
2251,19,0,0,0,-25.5798885,-9.833610066,-26.4602523,-17.48533603,0.017842939,1,0,1,2.3345068,"{""geodesic"":false,""type"":""Point"",""coordinates"":[114.4765836529502,30.083815297171277]}"
2252,19,0,0,0,-28.12821908,-5.187467667,-23.47870492,-8.941075803,0.127612266,1,0,1,2.3484125,"{""geodesic"":false,""type"":""Point"",""coordinates"":[114.12112029502411,30.77156547869318]}"
2253,38,0,0,0,-24.50166821,-11.18651529,-16.56259226,-9.384168183,0.115234675,1,0,1,1.4204679,"{""geodesic"":false,""type"":""Point"",""coordinates"":[114.4013946636694,30.48293677790558]}"
2254,25,0,0,0,-21.77372429,-5.99431889,-17.94725915,-9.126476827,0.122279124,1,0,1,0.92740995,"{""geodesic"":false,""type"":""Point"",""coordinates"":[114.3736367213901,30.923021435595732]}"
2255,26,0,0,0,-16.79392287,-5.120811982,-8.588422037,-4.041333667,0.394336187,1,0,1,4.2981777,"{""geodesic"":false,""type"":""Point"",""coordinates"":[114.35072968164506,30.51150320394058]}"
2256,22,0.7427536,-0.4828496,1,-30.17349939,-13.52033962,-22.82204093,-17.12820998,0.019372203,2,0,1,1.4193166,"{""geodesic"":false,""type"":""Point"",""coordinates"":[113.83222209965128,30.34495555026482]}"
2257,26,0.80615383,-0.46765038,1,-24.40387363,-10.33825373,-21.37750462,-11.11004304,0.077445412,2,0,1,1.420087,"{""geodesic"":false,""type"":""Point"",""coordinates"":[114.17448022290081,30.43739219300072]}"
2258,20,0,0,0,-24.91476443,-7.377234847,-23.22753444,-15.93189975,0.025515849,1,0,1,0.92740995,"{""geodesic"":false,""type"":""Point"",""coordinates"":[114.52940459165643,30.360855730793737]}"
2259,22,0.7123473,-0.20735785,1,-35.63286308,-11.89708095,-26.46754288,-15.44390737,0.028550207,2,0,1,0,"{""geodesic"":false,""type"":""Point"",""coordinates"":[113.79314538479207,30.306956813746567]}"
2260,17,0,0,0,-30.57535009,-12.16735535,-19.8491535,-6.369100024,0.230722526,1,0,1,1.8543341,"{""geodesic"":false,""type"":""Point"",""coordinates"":[114.36851632427063,30.133132806269437]}"
2261,19,0,0,0,-20.97443105,-3.71555809,-13.95108446,-5.533660146,0.279662339,1,0,1,0.92740995,"{""geodesic"":false,""type"":""Point"",""coordinates"":[114.06749087256217,30.665923601280724]}"
2262,25,0.7311047,-0.64098835,1,-24.14050457,-4.851055156,-18.92911083,-8.797462057,0.131902733,2,0,1,2.3412013,"{""geodesic"":false,""type"":""Point"",""coordinates"":[114.1879549521626,30.41798858286374]}"
2263,19,0.5475819,-0.14825307,1,-25.52997046,-8.340926495,-18.72313683,-8.482581389,0.14182143,2,0,1,0,"{""geodesic"":false,""type"":""Point"",""coordinates"":[114.18202607128741,30.252249412943687]}"
2264,50,0,0,0,-37.19175232,-23.00745326,-35.15650592,-27.27869956,0.001871242,1,0,1,3.5071216,"{""geodesic"":false,""type"":""Point"",""coordinates"":[114.50838401400803,30.006470351208584]}"
2265,27,0,0,0,-26.7847899,-12.61999404,-20.57503345,-11.54412271,0.070078973,1,0,1,1.423675,"{""geodesic"":false,""type"":""Point"",""coordinates"":[114.17097679329274,30.862115659332428]}"
2266,20,0,0,0,-26.56609974,-3.724914945,-19.72242751,-4.112626984,0.38791565,1,0,1,1.4227637,"{""geodesic"":false,""type"":""Point"",""coordinates"":[114.16801235285514,30.75539580357903]}"
2267,17,0,0,0,-24.61924852,-6.551583994,-17.54731141,-5.492523544,0.282323901,1,0,1,2.1444137,"{""geodesic"":false,""type"":""Point"",""coordinates"":[114.82180621663733,30.630889305200064]}"
2268,17,0.29586777,-0.28450704,1,-27.15453853,-4.862565534,-21.74128368,-6.998063504,0.199615219,2,0,1,0,"{""geodesic"":false,""type"":""Point"",""coordinates"":[114.14483581852487,30.538452662464167]}"
2269,25,0.7764277,-0.35813954,1,-29.95541236,-16.89580789,-24.86568754,-22.39197254,0.005765046,2,0,1,1.4192382,"{""geodesic"":false,""type"":""Point"",""coordinates"":[113.82063383248612,30.335523239781566]}"
2270,23,0,0,0,-23.53506696,-8.589119408,-22.62037207,-15.07671158,0.031069112,1,0,1,2.348321,"{""geodesic"":false,""type"":""Point"",""coordinates"":[114.85495405062134,30.76725356532941]}"
2271,22,0.4962963,-0.36711192,1,-31.00967344,-13.93299272,-17.1483722,-9.560940244,0.110638423,2,0,1,0.92740995,"{""geodesic"":false,""type"":""Point"",""coordinates"":[114.16828184744038,30.318006091741236]}"
2272,18,0,0,0,-18.8366273,-3.509511375,-15.53917293,-6.244951179,0.237413211,1,0,1,4.2835207,"{""geodesic"":false,""type"":""Point"",""coordinates"":[114.44963419442662,30.69233407063384]}"
2273,20,0.48119122,0.1511254,1,-27.04495183,-4.337343192,-20.39604667,-8.4370685,0.143315496,2,0,1,1.8543341,"{""geodesic"":false,""type"":""Point"",""coordinates"":[113.95053022256981,30.36570663332798]}"
2274,25,0,0,0,-15.71437509,-4.422544763,-11.92294304,-4.820829796,0.32954674,1,0,1,0.92740995,"{""geodesic"":false,""type"":""Point"",""coordinates"":[114.31165296678586,30.518779557741947]}"
2275,15,0,0,0,-32.51068665,-14.82631198,-19.95564726,-13.82159483,0.041480169,1,0,1,0,"{""geodesic"":false,""type"":""Point"",""coordinates"":[114.56740332817469,30.369210062936048]}"
2276,17,0,0,0,-28.28991999,-10.91021721,-24.18288335,-11.02890879,0.078905835,1,0,1,4.381275,"{""geodesic"":false,""type"":""Point"",""coordinates"":[114.4081320283003,30.1576568135259]}"
2277,23,0.33155793,-0.20086393,1,-30.22652067,-17.91826896,-18.97931635,-14.42329482,0.036113578,2,0,1,1.0748328,"{""geodesic"":false,""type"":""Point"",""coordinates"":[113.76080603456377,30.36570663332798]}"
2278,19,0.58082706,-0.4814815,1,-27.28476534,-3.645987509,-18.67978736,-5.842608642,0.26045886,2,0,1,0,"{""geodesic"":false,""type"":""Point"",""coordinates"":[114.17394123373033,30.252249412943687]}"
2279,23,0.4383057,-0.43891403,1,-24.03721292,-12.10484391,-22.15882318,-12.56586005,0.055387785,2,0,1,1.0720757,"{""geodesic"":false,""type"":""Point"",""coordinates"":[114.18067859836123,30.11345970154722]}"
2280,21,0,0,0,-20.70031369,-4.081154963,-13.41596375,-5.949882323,0.254104156,1,0,1,0.92740995,"{""geodesic"":false,""type"":""Point"",""coordinates"":[114.56713383358945,30.547615478362186]}"
2281,29,0.8795181,-0.5272292,1,-24.41673709,-8.724839688,-21.38887262,-13.04497129,0.049602421,2,0,1,1.4201033,"{""geodesic"":false,""type"":""Point"",""coordinates"":[114.1774446633384,30.439548149682608]}"
2282,17,0,0,0,-25.64434751,-4.629656223,-18.42231816,-8.125868711,0.153961853,1,0,1,2.348024,"{""geodesic"":false,""type"":""Point"",""coordinates"":[114.5614744472995,30.752700857726673]}"
2283,25,0.4050633,-0.27549466,1,-26.18361375,-7.975690611,-20.67467932,-12.31261968,0.058713508,2,0,1,2.9804654,"{""geodesic"":false,""type"":""Point"",""coordinates"":[114.1345950242859,30.430654828369825]}"
2284,21,0,0,0,-23.80238934,-7.043869858,-21.22093485,-12.12191596,0.061349129,1,0,1,2.3403323,"{""geodesic"":false,""type"":""Point"",""coordinates"":[114.51242643278657,30.374869449226]}"
2285,19,0,0,0,-31.11952707,-9.812799345,-19.53370234,-10.04749811,0.098912274,1,0,1,2.1566923,"{""geodesic"":false,""type"":""Point"",""coordinates"":[114.79431776894327,30.71712757247554]}"
2286,18,0,0,0,-25.27889473,-9.70291987,-20.38124711,-9.338391717,0.116455721,1,0,1,4.2663445,"{""geodesic"":false,""type"":""Point"",""coordinates"":[114.41918130629496,30.953204829142148]}"
2287,19,0,0,0,-21.1560944,-4.732106218,-16.66047768,-6.252795211,0.236984793,1,0,1,4.245083,"{""geodesic"":false,""type"":""Point"",""coordinates"":[114.38468599938477,30.104835874819674]}"
2288,23,0,0,0,-9.843593821,-4.542442464,-2.107402519,-5.849615379,0.260038985,1,0,1,2.3429677,"{""geodesic"":false,""type"":""Point"",""coordinates"":[114.34399231701416,30.505304828480156]}"
2289,23,0.61145705,-0.42105263,1,-26.52527591,-8.873636725,-16.23406379,-4.511817924,0.353849191,2,0,1,2.8394566,"{""geodesic"":false,""type"":""Point"",""coordinates"":[113.83842047511169,30.498836958434495]}"
2290,37,0,0,0,-15.29622556,-4.024460528,-12.13975905,-6.418768726,0.228098867,1,0,1,1.4205028,"{""geodesic"":false,""type"":""Point"",""coordinates"":[114.41918130629496,30.487248691269354]}"
2291,23,0.7476415,-0.7316456,1,-26.93197771,-11.31535597,-20.38105988,-10.8318494,0.082568626,2,0,1,0.92740995,"{""geodesic"":false,""type"":""Point"",""coordinates"":[114.15103419398528,30.444399052216852]}"
2292,19,0,0,0,-27.48145246,-6.704658506,-19.9965166,-8.668215257,0.135887176,1,0,1,0,"{""geodesic"":false,""type"":""Point"",""coordinates"":[114.23161307497081,30.23500175948859]}"
2293,25,0,0,0,-34.25965526,-19.80954333,-23.35812433,-13.20903716,0.047763515,1,0,1,4.2618437,"{""geodesic"":false,""type"":""Point"",""coordinates"":[114.18256506045788,30.7769553703979]}"
2294,25,0,0,0,-28.03538041,-8.451524258,-20.16724426,-9.905024379,0.102210982,1,0,1,2.1411283,"{""geodesic"":false,""type"":""Point"",""coordinates"":[114.27554069236426,30.032880820561697]}"
2295,19,0,0,0,-26.53496988,-7.174809275,-22.01191266,-9.409872103,0.114554668,1,0,1,2.1452007,"{""geodesic"":false,""type"":""Point"",""coordinates"":[114.2555980930568,30.77102648952271]}"
2296,21,0.8947368,-0.80112994,1,-25.75297294,-4.195173423,-21.1511438,-6.689783662,0.214299735,2,0,1,0,"{""geodesic"":false,""type"":""Point"",""coordinates"":[113.88800747879509,30.498836958434495]}"
2297,20,0,0,0,-30.38077624,-11.87972754,-16.7570797,-6.780678222,0.209861213,1,0,1,2.3388286,"{""geodesic"":false,""type"":""Point"",""coordinates"":[114.55123365306054,30.30021944911567]}"
2298,24,0,0,0,-23.65467015,-8.804682133,-19.87671674,-7.644553779,0.172006406,1,0,1,3.3693454,"{""geodesic"":false,""type"":""Point"",""coordinates"":[114.41810332795401,30.914397608868185]}"
2299,21,0.7582418,-0.48640484,1,-27.46398301,-12.0747107,-17.94609299,-8.358588209,0.145928856,2,0,1,3.357565,"{""geodesic"":false,""type"":""Point"",""coordinates"":[113.94136740667179,30.54842396211789]}"
2300,32,0,0,0,-21.59017931,-3.81434329,-13.84485831,-6.669002019,0.215327649,1,0,1,1.4223889,"{""geodesic"":false,""type"":""Point"",""coordinates"":[114.35019069247458,30.711198691600348]}"
2301,18,0,0,0,-19.88853353,-4.814752702,-13.53802582,-5.169739459,0.304106746,1,0,1,3.5182493,"{""geodesic"":false,""type"":""Point"",""coordinates"":[114.33482950111615,30.834627211638374]}"
2302,23,0,0,0,-22.01134832,-5.574746816,-16.84173641,-6.137646027,0.243352268,1,0,1,1.4181671,"{""geodesic"":false,""type"":""Point"",""coordinates"":[114.26179646851722,30.206165838868355]}"
2303,26,0,0,0,-25.33325034,-5.408291518,-24.43141999,-7.340324888,0.18448774,1,0,1,3.362597,"{""geodesic"":false,""type"":""Point"",""coordinates"":[114.35908401378737,30.705539305310396]}"
2304,18,0,0,0,-22.91845824,-4.356836665,-14.7416199,-4.680050461,0.340404235,1,0,1,3.3609033,"{""geodesic"":false,""type"":""Point"",""coordinates"":[114.83878437550719,30.65271836660417]}"
2305,25,0.40987656,-0.048109967,1,-22.60335471,-3.705328416,-21.12966578,-10.26904488,0.093993,2,0,1,1.8543341,"{""geodesic"":false,""type"":""Point"",""coordinates"":[113.77589773133697,30.313424683792224]}"
2306,23,0.708384,-0.30326593,1,-25.30221776,-8.157448985,-19.0771154,-11.29905394,0.074147174,2,0,1,1.8543341,"{""geodesic"":false,""type"":""Point"",""coordinates"":[113.83087462672509,30.334984250611093]}"
2307,26,0,0,0,-20.92038497,-6.279675037,-14.68389698,-4.960630326,0.319107468,1,0,1,3.361304,"{""geodesic"":false,""type"":""Point"",""coordinates"":[114.11977282209793,30.665384612110255]}"
2308,23,0,0,0,-26.20409998,-6.712711177,-19.12938661,-7.712705385,0.169328266,1,0,1,1.0810641,"{""geodesic"":false,""type"":""Point"",""coordinates"":[114.35800603544642,30.924907897692385]}"
2309,26,0,0,0,-26.29845653,-7.701577839,-24.21923676,-12.89844723,0.051304478,1,0,1,1.4212745,"{""geodesic"":false,""type"":""Point"",""coordinates"":[114.61294791307955,30.57914634483478]}"
2310,24,0,0,0,-22.0078861,-4.66106201,-13.97418446,-9.084436406,0.123468553,1,0,1,2.8435018,"{""geodesic"":false,""type"":""Point"",""coordinates"":[114.16423942866184,30.73922612846488]}"
2311,20,0,0,0,-22.8931191,-6.294086763,-19.62921628,-7.520600429,0.176986425,1,0,1,2.337014,"{""geodesic"":false,""type"":""Point"",""coordinates"":[114.51323491654227,30.20966926847642]}"
2312,19,0,0,0,-25.47973003,-9.981283945,-20.79637898,-11.62316903,0.068814997,1,0,1,2.149184,"{""geodesic"":false,""type"":""Point"",""coordinates"":[114.53075206458261,30.378372878834067]}"
2313,35,0,0,0,-32.20500815,-19.13230755,-28.79932543,-21.75334169,0.006678299,1,0,1,2.836691,"{""geodesic"":false,""type"":""Point"",""coordinates"":[114.43508148682388,30.332828293929207]}"
2314,24,0.29606098,0.083223246,1,-26.23398876,-13.51026279,-20.77989598,-11.91792181,0.064299533,2,0,1,0.92740995,"{""geodesic"":false,""type"":""Point"",""coordinates"":[113.78479105264975,30.37567793298171]}"
2315,23,0.28560188,0.36595452,1,-31.00312604,-14.93991729,-29.50138859,-20.08234053,0.00981219,2,0,1,1.8543341,"{""geodesic"":false,""type"":""Point"",""coordinates"":[113.77697570967791,30.313424683792224]}"
2316,26,0,0,0,-19.06516201,-5.670852459,-15.06438057,-9.017890516,0.125375001,1,0,1,1.8543341,"{""geodesic"":false,""type"":""Point"",""coordinates"":[114.40597607161841,30.69422053273049]}"
2317,24,0,0,0,-18.63449195,-3.745525227,-15.19406721,-5.748043949,0.266192371,1,0,1,4.911846,"{""geodesic"":false,""type"":""Point"",""coordinates"":[114.21921632404995,30.743538041828653]}"
2318,22,0.8419453,-0.27494907,1,-28.24287653,-8.828402159,-20.28438286,-9.303758211,0.117388129,2,0,1,2.1472964,"{""geodesic"":false,""type"":""Point"",""coordinates"":[113.80823708156528,30.29213461155859]}"
2319,20,0,0,0,-37.44753681,-20.68559513,-21.35055335,-11.43559272,0.071852309,1,0,1,1.0789707,"{""geodesic"":false,""type"":""Point"",""coordinates"":[114.20089069225392,30.738956633879642]}"
2320,20,0,0,0,-24.89744176,-5.184960127,-18.12866641,-12.58421225,0.055154224,1,0,1,4.244988,"{""geodesic"":false,""type"":""Point"",""coordinates"":[114.37687065641293,30.100793456041135]}"
2321,16,0,0,0,-25.15694599,-7.147051496,-27.6606585,-13.38592065,0.045857242,1,0,1,2.832058,"{""geodesic"":false,""type"":""Point"",""coordinates"":[114.25478960930108,30.051206452357736]}"
2322,36,0,0,0,-22.58176407,-4.322224673,-17.12809017,-9.468381348,0.113021708,1,0,1,2.145977,"{""geodesic"":false,""type"":""Point"",""coordinates"":[114.16801235285514,30.90819923340776]}"
2323,28,0.9437299,-0.62023735,1,-27.22574171,-13.51263469,-23.38142065,-13.79672333,0.041718402,2,0,1,3.5095174,"{""geodesic"":false,""type"":""Point"",""coordinates"":[113.84920025852112,30.188109701657552]}"
2324,20,0,0,0,-25.6933997,-11.51414425,-15.81836586,-5.671764178,0.270909093,1,0,1,1.4180045,"{""geodesic"":false,""type"":""Point"",""coordinates"":[114.49490928474624,30.18649273414614]}"
2325,19,0,0,0,-26.02033833,-3.553276299,-20.78350739,-4.654890148,0.342382048,1,0,1,2.981995,"{""geodesic"":false,""type"":""Point"",""coordinates"":[114.5148518840537,30.81198966647856]}"
2326,19,0,0,0,-24.03439278,-4.805590565,-20.67569189,-8.068498197,0.156009189,1,0,1,0,"{""geodesic"":false,""type"":""Point"",""coordinates"":[114.43346451931247,30.230689846124818]}"
2327,22,0,0,0,-20.89260652,-8.041212177,-17.37945014,-11.17225241,0.076343973,1,0,1,4.2477703,"{""geodesic"":false,""type"":""Point"",""coordinates"":[114.25721506056821,30.21425067642543]}"
2328,22,0,0,0,-28.74685995,-11.09117245,-24.34624601,-12.21383163,0.060064358,1,0,1,0,"{""geodesic"":false,""type"":""Point"",""coordinates"":[114.19738726264586,30.83920861958738]}"
2329,23,0,0,0,-26.0122271,-9.532830175,-21.6997629,-9.693035803,0.107323894,1,0,1,0.92740995,"{""geodesic"":false,""type"":""Point"",""coordinates"":[114.85603202896229,30.79635898053488]}"
2330,23,0.8953212,-0.5495935,1,-35.79591008,-15.62860025,-20.56317489,-10.38182585,0.091583538,2,0,1,2.1428933,"{""geodesic"":false,""type"":""Point"",""coordinates"":[113.9030991755683,30.356543817429962]}"
2331,19,0,0,0,-23.29269033,-11.18954262,-12.52024907,-4.830243977,0.328833157,1,0,1,0.92740995,"{""geodesic"":false,""type"":""Point"",""coordinates"":[114.03380404940769,30.733027753004453]}"
2332,22,0,0,0,-24.47789608,-11.46174005,-23.30479835,-14.03217245,0.03951689,1,0,1,2.145406,"{""geodesic"":false,""type"":""Point"",""coordinates"":[114.85603202896229,30.807408258529552]}"
2333,24,0,0,0,-22.00209728,-5.936007792,-15.03155341,-4.769021082,0.333501577,1,0,1,3.2123017,"{""geodesic"":false,""type"":""Point"",""coordinates"":[114.22487571033992,30.084623780926982]}"
2334,18,0,0,0,-27.5211307,-4.111549011,-18.95258517,-5.37060508,0.290361808,1,0,1,1.4193004,"{""geodesic"":false,""type"":""Point"",""coordinates"":[114.4682293208079,30.34306908816817]}"
2335,18,0,0,0,-28.72750204,-5.115195757,-19.69126463,-4.057150628,0.392902631,1,0,1,1.8543341,"{""geodesic"":false,""type"":""Point"",""coordinates"":[114.23511650457887,30.426612409591286]}"
2336,24,0.7987988,-0.49445677,1,-27.41020658,-11.26661346,-27.00873329,-17.90306224,0.01620667,2,0,1,2.1478558,"{""geodesic"":false,""type"":""Point"",""coordinates"":[113.78613852557594,30.317736597156]}"
2337,17,0,0,0,-25.85684059,-3.500898408,-23.92475113,-5.984147876,0.252107179,1,0,1,4.294345,"{""geodesic"":false,""type"":""Point"",""coordinates"":[114.50326361688855,30.424186958324164]}"
2338,27,0,0,0,-17.08365144,-4.722810591,-7.922521361,-5.117571782,0.30778172,1,0,1,1.8543341,"{""geodesic"":false,""type"":""Point"",""coordinates"":[114.41891181170973,30.40074092940864]}"
2339,21,0.8733766,-0.76870745,1,-25.25030238,-8.084539059,-20.83278697,-14.40751978,0.036244993,2,0,1,3.5129786,"{""geodesic"":false,""type"":""Point"",""coordinates"":[114.1488782373034,30.44709399806921]}"
2340,20,0.7456221,-0.48907104,1,-29.24135875,-9.765541179,-19.48647681,-5.908880175,0.256514537,2,0,1,1.0750344,"{""geodesic"":false,""type"":""Point"",""coordinates"":[114.03326506023721,30.384301759709256]}"
2341,22,0.91847825,-0.9875,1,-26.3380295,-9.554942215,-17.95518805,-12.7012094,0.053688227,2,0,1,2.8385983,"{""geodesic"":false,""type"":""Point"",""coordinates"":[114.14995621564434,30.447363492654446]}"
2342,21,0,0,0,-24.84328645,-10.04534226,-17.98399087,-8.38960653,0.144890312,1,0,1,0,"{""geodesic"":false,""type"":""Point"",""coordinates"":[114.24158437462454,30.035306271828823]}"
2343,21,0,0,0,-25.47562596,-8.61538193,-19.69532034,-13.32973604,0.046454351,1,0,1,1.8543341,"{""geodesic"":false,""type"":""Point"",""coordinates"":[114.24805224467019,30.17086204820246]}"
2344,19,0,0,0,-22.88259485,-3.865919877,-15.51809824,-5.296057594,0.295388947,1,0,1,4.7505236,"{""geodesic"":false,""type"":""Point"",""coordinates"":[114.46499538578506,30.77479941371601]}"
2345,18,0,0,0,-24.42362288,-7.48452428,-19.29169048,-12.6459269,0.054376007,1,0,1,0,"{""geodesic"":false,""type"":""Point"",""coordinates"":[114.40408960952176,30.439009160512136]}"
2346,20,0.5273243,-0.065648854,1,-27.85689401,-5.032384441,-26.32848305,-5.311700955,0.294326865,2,0,1,2.3367364,"{""geodesic"":false,""type"":""Point"",""coordinates"":[114.21220946483383,30.19592504462939]}"
2347,22,0,0,0,-25.92405462,-9.787032953,-20.35888841,-12.34235182,0.058312924,1,0,1,0.92740995,"{""geodesic"":false,""type"":""Point"",""coordinates"":[114.62507516941515,30.73976511763535]}"
2348,24,0.3598369,0.16342412,1,-26.69088251,-10.77043816,-23.04401276,-17.65338132,0.017165714,2,0,1,3.5113142,"{""geodesic"":false,""type"":""Point"",""coordinates"":[113.86536993363528,30.323126488860716]}"
2349,24,0,0,0,-25.54258088,-9.606447309,-24.42150198,-13.36018082,0.046129837,1,0,1,2.14581,"{""geodesic"":false,""type"":""Point"",""coordinates"":[114.7765311263177,30.878824323617053]}"
2350,22,0,0,0,-26.52053006,-8.495134993,-17.74670559,-4.13900506,0.385566678,1,0,1,3.3630881,"{""geodesic"":false,""type"":""Point"",""coordinates"":[114.62049376146615,30.72090049666884]}"
2351,38,0,0,0,-24.24782844,-8.017117324,-16.77353456,-9.124465335,0.122335772,1,0,1,0,"{""geodesic"":false,""type"":""Point"",""coordinates"":[114.5404538696511,30.498836958434495]}"
2352,22,0,0,0,-25.18299713,-9.452616742,-13.1177998,-5.583217896,0.276489225,1,0,1,0.92740995,"{""geodesic"":false,""type"":""Point"",""coordinates"":[114.23134358038557,30.30776529750227]}"
2353,21,0.7705383,-0.3510204,1,-30.45499052,-5.530030168,-24.43511856,-12.34587992,0.058265571,2,0,1,2.3386724,"{""geodesic"":false,""type"":""Point"",""coordinates"":[113.78263509596788,30.292404106143827]}"
2354,20,0,0,0,-29.78046847,-13.75665339,-20.48877251,-10.39223124,0.091364373,1,0,1,2.1451132,"{""geodesic"":false,""type"":""Point"",""coordinates"":[114.8080619927903,30.755665298164267]}"
2355,21,0,0,0,-27.67050671,-11.71308602,-20.08565214,-9.118304112,0.12250945,1,0,1,1.8543341,"{""geodesic"":false,""type"":""Point"",""coordinates"":[114.48493798509251,30.218562589789205]}"
2356,25,0.24588002,-0.2347973,1,-23.86716664,-5.267296385,-18.51284979,-4.731752056,0.336375839,2,0,1,2.8346627,"{""geodesic"":false,""type"":""Point"",""coordinates"":[114.05536361622656,30.209938763061658]}"
2357,18,0,0,0,-24.39220225,-6.220806121,-23.26840298,-13.58630661,0.043789435,1,0,1,3.8581872,"{""geodesic"":false,""type"":""Point"",""coordinates"":[114.18606849006595,30.839478114172618]}"
2358,20,0,0,0,-27.31163336,-6.233038876,-22.17009348,-9.484055284,0.112614541,1,0,1,1.4228888,"{""geodesic"":false,""type"":""Point"",""coordinates"":[114.84417426721191,30.769948511181767]}"
2359,24,0.70133334,-0.45378152,1,-24.48086859,-7.336431793,-20.90266062,-9.212636094,0.119877145,2,0,1,1.8543341,"{""geodesic"":false,""type"":""Point"",""coordinates"":[113.77481975299604,30.30992125418416]}"
2360,26,0,0,0,-16.31395435,-7.050965069,-3.149314316,-6.862888382,0.20592599,1,0,1,4.3110437,"{""geodesic"":false,""type"":""Point"",""coordinates"":[114.23188256955605,30.801479377654363]}"
2361,13,0,0,0,-15.52689671,-4.214514771,-12.09654547,-6.158734428,0.242173466,1,0,1,2.8382277,"{""geodesic"":false,""type"":""Point"",""coordinates"":[114.52724863497454,30.425264936665105]}"
2362,19,0.6062176,-0.1259484,1,-31.26747163,-9.134607494,-19.47092742,-4.151583438,0.384451585,2,0,1,1.0749152,"{""geodesic"":false,""type"":""Point"",""coordinates"":[114.08662498811391,30.373252481714587]}"
2363,21,0,0,0,-26.35847816,-10.3756716,-17.69003988,-8.183622938,0.15192796,1,0,1,3.3431144,"{""geodesic"":false,""type"":""Point"",""coordinates"":[114.2173298619533,30.089744178046466]}"
2364,19,0,0,0,-27.21312602,-5.342334345,-28.32339651,-16.28966716,0.023498129,1,0,1,0,"{""geodesic"":false,""type"":""Point"",""coordinates"":[114.22757065619227,30.240661145778546]}"
2365,19,0,0,0,-26.61825924,-9.460199226,-19.88493147,-9.409739532,0.114558165,1,0,1,3.3668783,"{""geodesic"":false,""type"":""Point"",""coordinates"":[114.63450747989842,30.838400135831673]}"
2366,18,0,0,0,-27.92383421,-7.968847088,-19.95892824,-9.77046798,0.105427329,1,0,1,3.8559468,"{""geodesic"":false,""type"":""Point"",""coordinates"":[114.46849881539313,30.108608799012973]}"
2367,25,0.94034797,-0.65836793,1,-28.92879673,-14.89216049,-23.25173478,-14.47102099,0.035718886,2,0,1,2.3386834,"{""geodesic"":false,""type"":""Point"",""coordinates"":[113.9144179481482,30.2929430953143]}"
2368,19,0,0,0,-27.95764675,-6.475311917,-23.12680149,-15.07990386,0.031046283,1,0,1,0,"{""geodesic"":false,""type"":""Point"",""coordinates"":[114.26206596310246,30.13933118172986]}"
2369,22,0,0,0,-26.99836257,-10.46022667,-20.82005681,-8.067240983,0.156054358,1,0,1,0.92740995,"{""geodesic"":false,""type"":""Point"",""coordinates"":[114.19765675723109,30.84109508168403]}"
2370,19,0,0,0,-28.48945365,-3.90163774,-20.8794975,-8.974558107,0.126632211,1,0,1,3.7047918,"{""geodesic"":false,""type"":""Point"",""coordinates"":[114.27149827358572,30.143912589678873]}"
2371,19,0.7033604,-0.2737921,1,-28.2407278,-8.29976087,-24.67253464,-14.27052027,0.037406577,2,0,1,0,"{""geodesic"":false,""type"":""Point"",""coordinates"":[113.81012354366193,30.305070351649913]}"
2372,24,0,0,0,-28.1453119,-10.73444564,-18.78224564,-11.06681847,0.078220061,1,0,1,1.4222994,"{""geodesic"":false,""type"":""Point"",""coordinates"":[114.37175025929345,30.70068840277615]}"
2373,20,0,0,0,-24.68115282,-7.97936104,-16.69628434,-6.3842466,0.229919253,1,0,1,2.3413641,"{""geodesic"":false,""type"":""Point"",""coordinates"":[114.23403852623792,30.426073420420813]}"
2374,24,0.95813954,-0.6590205,1,-29.54504355,-16.99226232,-19.39898755,-14.26823387,0.037426276,2,0,1,2.1419811,"{""geodesic"":false,""type"":""Point"",""coordinates"":[113.84731379642447,30.189996163754202]}"
2375,24,0.7147541,-1,1,-29.00579332,-7.06310324,-18.8172807,-9.74108705,0.106142985,2,0,1,1.8543341,"{""geodesic"":false,""type"":""Point"",""coordinates"":[113.81766939204853,30.433888763392652]}"
2376,21,0,0,0,-26.84395457,-10.45436245,-24.34398824,-14.31058017,0.037063121,1,0,1,4.280892,"{""geodesic"":false,""type"":""Point"",""coordinates"":[114.23026560204462,30.115076669058634]}"
2377,19,0,0,0,-32.71629256,-9.351413905,-24.06068497,-10.09586442,0.097816824,1,0,1,3.51815,"{""geodesic"":false,""type"":""Point"",""coordinates"":[114.1698988149518,30.82762035242224]}"
2378,21,0,0,0,-26.80328335,-4.757003579,-21.65870437,-4.067030266,0.392009844,1,0,1,2.9817915,"{""geodesic"":false,""type"":""Point"",""coordinates"":[114.85118112642805,30.761594179039456]}"
2379,21,0.41721067,-0.025641026,1,-22.38867007,-8.286678865,-10.83751562,-6.113030462,0.244735491,2,0,1,1.0747352,"{""geodesic"":false,""type"":""Point"",""coordinates"":[113.91980783985292,30.357082806600435]}"
2380,21,0.8979866,-1,1,-25.80646565,-3.899495536,-19.63766089,-11.00184688,0.079399051,2,0,1,0,"{""geodesic"":false,""type"":""Point"",""coordinates"":[113.83734249677075,30.49856746384926]}"
2381,28,0,0,0,-18.90363388,-4.812001146,-14.07886072,-5.010628606,0.315454799,1,0,1,1.4240314,"{""geodesic"":false,""type"":""Point"",""coordinates"":[114.15615459110477,30.90388732004399]}"
2382,16,0,0,0,-29.41177651,-8.250937231,-20.65352518,-8.523391575,0.140494992,1,0,1,0,"{""geodesic"":false,""type"":""Point"",""coordinates"":[114.45798852656893,30.092978113069297]}"
2383,24,0,0,0,-21.99685037,-7.738644721,-15.30399056,-7.687874662,0.170299171,1,0,1,2.3449123,"{""geodesic"":false,""type"":""Point"",""coordinates"":[114.580339068266,30.600705911653648]}"
2384,26,0.53260076,-0.27196652,1,-22.02851251,-4.960486349,-17.42383396,-10.34342326,0.092396958,2,0,1,0.92740995,"{""geodesic"":false,""type"":""Point"",""coordinates"":[114.07773166680113,30.27785139854109]}"
2385,26,0,0,0,-29.3736678,-14.58342795,-19.01421957,-12.15834577,0.060836668,1,0,1,0.92740995,"{""geodesic"":false,""type"":""Point"",""coordinates"":[114.16828184744038,30.878015839861344]}"
2386,19,0,0,0,-26.73744166,-5.216638773,-23.47298109,-13.18998568,0.047973503,1,0,1,0,"{""geodesic"":false,""type"":""Point"",""coordinates"":[114.22379773199897,30.2395831674376]}"
2387,17,0,0,0,-21.41547904,-5.966164127,-15.74883904,-5.143586751,0.305943566,1,0,1,1.8543341,"{""geodesic"":false,""type"":""Point"",""coordinates"":[114.42834412219298,30.690717103122424]}"
2388,23,0,0,0,-37.01648634,-8.957432947,-26.15075054,-9.688904733,0.10742603,1,0,1,2.845338,"{""geodesic"":false,""type"":""Point"",""coordinates"":[114.19038040342973,30.847293457144456]}"
2389,23,0.8689548,-0.84,1,-25.44367489,-8.624017725,-24.22361187,-17.53303581,0.017648038,2,0,1,1.8543341,"{""geodesic"":false,""type"":""Point"",""coordinates"":[114.14753076437722,30.4462855143135]}"
2390,26,0,0,0,-27.11685589,-12.31569182,-21.86164835,-12.64163859,0.054429725,1,0,1,4.2825274,"{""geodesic"":false,""type"":""Point"",""coordinates"":[114.56309141481091,30.60313136292077]}"
2391,58,0,0,0,-24.71979123,-6.499403201,-21.86343671,-11.13129981,0.077067278,1,0,1,2.983347,"{""geodesic"":false,""type"":""Point"",""coordinates"":[114.30222065630261,31.14185103880725]}"
2392,27,0,0,0,-6.786685283,-5.09296309,-1.236924776,-5.76149778,0.265369021,1,0,1,2.981385,"{""geodesic"":false,""type"":""Point"",""coordinates"":[114.44990368901185,30.660803204161244]}"
2393,25,0,0,0,-18.23605748,-5.400294195,-11.09368041,-5.125888566,0.307192878,1,0,1,0.92740995,"{""geodesic"":false,""type"":""Point"",""coordinates"":[114.29440531333076,30.44520753597256]}"
2394,18,0,0,0,-29.93179476,-11.3917218,-20.63139712,-17.06458671,0.01965809,1,0,1,0,"{""geodesic"":false,""type"":""Point"",""coordinates"":[114.24562679340308,30.421492012471806]}"
2395,24,0.82713085,-0.6466302,1,-25.01931359,-8.632588343,-22.43956606,-8.669421355,0.135849444,2,0,1,2.1483915,"{""geodesic"":false,""type"":""Point"",""coordinates"":[113.76835188295037,30.342260604412463]}"
2396,29,0.4332085,0.006257822,1,-30.76345806,-14.4440624,-23.28572663,-10.36410681,0.091957958,2,0,1,1.418789,"{""geodesic"":false,""type"":""Point"",""coordinates"":[113.81982534873042,30.28135482814916]}"
2397,25,0.7597598,-0.39468303,1,-27.6045536,-12.91886523,-27.53605117,-17.86570874,0.016346664,2,0,1,1.419056,"{""geodesic"":false,""type"":""Point"",""coordinates"":[113.78317408513834,30.31369417837746]}"
2398,26,0,0,0,-25.25180864,-5.064653587,-22.07664601,-12.38562518,0.057734776,1,0,1,3.2351508,"{""geodesic"":false,""type"":""Point"",""coordinates"":[114.18472101713976,30.77749435956837]}"
2399,27,0.46379045,-0.6551724,1,-28.02668629,-6.943798429,-22.38166133,-6.406936773,0.228721148,2,0,1,1.4203378,"{""geodesic"":false,""type"":""Point"",""coordinates"":[113.77643672050745,30.467575586547134]}"
2400,22,0.8920276,-0.51666665,1,-26.90707977,-9.492475277,-19.28822974,-6.69405313,0.214089164,2,0,1,1.4195776,"{""geodesic"":false,""type"":""Point"",""coordinates"":[113.81551343536664,30.376486416737418]}"
2401,20,0.47505757,-0.077943616,1,-30.4811576,-16.89889961,-17.83381354,-8.898609181,0.128866218,2,0,1,1.418433,"{""geodesic"":false,""type"":""Point"",""coordinates"":[114.21598238902713,30.23823569451142]}"
2402,20,0,0,0,-23.07517763,-6.807433721,-14.81725819,-7.259717194,0.18794392,1,0,1,3.2175357,"{""geodesic"":false,""type"":""Point"",""coordinates"":[114.24535729881784,30.24551204831279]}"
2403,25,0.39509106,-0.2330009,1,-20.86552097,-8.48940355,-11.2764879,-5.492650195,0.282315667,2,0,1,2.344697,"{""geodesic"":false,""type"":""Point"",""coordinates"":[114.13486451887114,30.59019562282945]}"
2404,17,0,0,0,-27.68189438,-9.762468334,-22.09943978,-14.22711374,0.03778232,1,0,1,0,"{""geodesic"":false,""type"":""Point"",""coordinates"":[114.25964051183534,30.09540356433642]}"
2405,25,0.5862069,0.038880248,1,-29.22551794,-15.70528589,-22.86533963,-20.31388244,0.009302759,2,0,1,2.3396719,"{""geodesic"":false,""type"":""Point"",""coordinates"":[113.83383906716269,30.342260604412463]}"
2406,19,0,0,0,-29.49681771,-12.20620642,-17.83239359,-6.726586095,0.212491416,1,0,1,2.1427972,"{""geodesic"":false,""type"":""Point"",""coordinates"":[114.47415820168308,30.33929616397487]}"
2407,32,0,0,0,-7.980502354,-3.547642891,-7.181715039,-5.08455314,0.310130648,1,0,1,2.7802885,"{""geodesic"":false,""type"":""Point"",""coordinates"":[114.3367159632128,30.558664756356855]}"
2408,24,0,0,0,-19.70798971,-7.126113802,-14.67581996,-6.316874842,0.233513781,1,0,1,3.5136034,"{""geodesic"":false,""type"":""Point"",""coordinates"":[114.31542589097916,30.493716561315015]}"
2409,16,0,0,0,-31.04613547,-9.159007375,-21.13597035,-7.449775639,0.179896385,1,0,1,1.4193997,"{""geodesic"":false,""type"":""Point"",""coordinates"":[114.55608455559478,30.35492684991855]}"
2410,24,0.6823204,-0.26335174,1,-28.03610442,-13.05344605,-25.36343183,-15.95289667,0.025392785,2,0,1,1.8543341,"{""geodesic"":false,""type"":""Point"",""coordinates"":[113.78533004182023,30.305070351649913]}"
2411,23,0.58275056,-0.35190615,1,-28.08938739,-9.684619841,-21.35857028,-7.985279086,0.159027449,2,0,1,2.3399682,"{""geodesic"":false,""type"":""Point"",""coordinates"":[113.81012354366193,30.357082806600435]}"
2412,23,0.878327,-0.47044918,1,-30.95168335,-6.489116138,-25.50690028,-12.75494676,0.053028009,2,0,1,0.92740995,"{""geodesic"":false,""type"":""Point"",""coordinates"":[113.8791141574823,30.357621795770907]}"
2413,25,0.5954738,-0.11909263,1,-30.87035397,-15.29789759,-24.65207829,-22.70514843,0.005363955,2,0,1,2.1484098,"{""geodesic"":false,""type"":""Point"",""coordinates"":[113.83141361589556,30.34306908816817]}"
2414,29,0,0,0,-27.03242652,-10.56447629,-16.12510237,-9.096136961,0.123136358,1,0,1,0.92740995,"{""geodesic"":false,""type"":""Point"",""coordinates"":[114.15831054778666,30.900653385021158]}"
2415,22,0.68804663,-0.48872182,1,-29.95584174,-6.400384518,-20.91380967,-9.890904384,0.102543836,2,0,1,2.143051,"{""geodesic"":false,""type"":""Point"",""coordinates"":[113.78613852557594,30.3853797380502]}"
2416,19,0.7206538,-0.35050598,1,-26.17175493,-5.271811552,-21.1740762,-6.051412497,0.248232562,2,0,1,2.1422007,"{""geodesic"":false,""type"":""Point"",""coordinates"":[114.16585639617325,30.230150856954346]}"
2417,24,0,0,0,-24.35545313,-6.450004134,-17.63925145,-6.714375137,0.213089714,1,0,1,1.4223441,"{""geodesic"":false,""type"":""Point"",""coordinates"":[114.21679087278284,30.70580879989563]}"
2418,22,0,0,0,-25.40711584,-9.718175369,-19.37619669,-10.396915,0.091265891,1,0,1,2.3443968,"{""geodesic"":false,""type"":""Point"",""coordinates"":[114.64555675789309,30.575642915226712]}"
2419,22,0,0,0,-30.53023174,-12.09593416,-20.31841964,-7.848327017,0.164122188,1,0,1,0.92740995,"{""geodesic"":false,""type"":""Point"",""coordinates"":[114.63558545823936,30.83274074954172]}"
2420,20,0,0,0,-25.47066222,-5.048458841,-23.19890451,-17.09177113,0.019535426,1,0,1,3.3469412,"{""geodesic"":false,""type"":""Point"",""coordinates"":[114.5013771547919,30.212094719743543]}"
2421,20,0,0,0,-21.48818732,-6.068212615,-16.85669333,-9.494520734,0.112343494,1,0,1,0.92740995,"{""geodesic"":false,""type"":""Point"",""coordinates"":[114.40408960952176,30.77102648952271]}"
2422,23,0.7316294,-0.5284974,1,-29.60496287,-16.643496,-26.60179351,-18.2483652,0.01496799,2,0,1,1.419033,"{""geodesic"":false,""type"":""Point"",""coordinates"":[113.77670621509269,30.310729737939866]}"
2423,26,0.36051503,0.20091324,1,-23.44662602,-8.063622767,-20.41454591,-9.035830547,0.124858164,2,0,1,2.8368013,"{""geodesic"":false,""type"":""Point"",""coordinates"":[113.80823708156528,30.339565658560105]}"
2424,22,0.5,-0.28258362,1,-22.86390928,-6.130780253,-17.11816182,-8.328527232,0.14694245,2,0,1,2.8410168,"{""geodesic"":false,""type"":""Point"",""coordinates"":[114.01035802049218,30.5920820849261]}"
2425,19,0,0,0,-34.10949107,-7.711823793,-27.28449126,-6.435249116,0.227234929,1,0,1,0,"{""geodesic"":false,""type"":""Point"",""coordinates"":[114.2157128944419,30.13043786041708]}"
2426,21,0,0,0,-28.23527154,-13.74447624,-23.57788241,-15.74499907,0.026637907,1,0,1,1.0773007,"{""geodesic"":false,""type"":""Point"",""coordinates"":[114.5660558552485,30.589117644488507]}"
2427,20,0,0,0,-30.78854043,-9.873159528,-22.41443365,-9.277505038,0.118099891,1,0,1,2.9819658,"{""geodesic"":false,""type"":""Point"",""coordinates"":[114.17960062002028,30.80471331267719]}"
2428,22,0.655761,-0.16666667,1,-34.75943693,-8.272107257,-25.26138997,-4.282486307,0.373036536,2,0,1,2.9799912,"{""geodesic"":false,""type"":""Point"",""coordinates"":[113.78802498767259,30.31046024335463]}"
2429,27,0.7649484,-0.51686615,1,-27.01516383,-8.838201625,-21.7664461,-9.318380911,0.116993547,2,0,1,4.384346,"{""geodesic"":false,""type"":""Point"",""coordinates"":[114.05374664871515,30.230150856954346]}"
2430,17,0,0,0,-32.35495187,-13.63372664,-21.85766095,-10.86698831,0.081903256,1,0,1,1.419342,"{""geodesic"":false,""type"":""Point"",""coordinates"":[114.42888311136346,30.34818948528765]}"
2431,22,0,0,0,-24.20724487,-7.687092366,-19.63356757,-8.996612228,0.125990784,1,0,1,1.0785481,"{""geodesic"":false,""type"":""Point"",""coordinates"":[114.20142968142439,30.701227391946624]}"
2432,24,0.88284516,-0.9823529,1,-26.01153685,-8.127702977,-26.26143786,-21.85710273,0.006520633,2,0,1,2.8373592,"{""geodesic"":false,""type"":""Point"",""coordinates"":[114.09417083650052,30.37298298712935]}"
2433,29,0,0,0,-4.681507244,-4.291581918,0.065773698,-6.630280146,0.217256103,1,0,1,3.2257466,"{""geodesic"":false,""type"":""Point"",""coordinates"":[114.38387751562907,30.49533352882643]}"
2434,24,0.8400984,-0.5932836,1,-25.2440512,-11.45933473,-18.88015628,-13.14368571,0.048487683,2,0,1,1.4192405,"{""geodesic"":false,""type"":""Point"",""coordinates"":[113.7527211970067,30.3357927343668]}"
2435,25,0,0,0,-29.57522721,-5.372269677,-22.36902477,-12.77296461,0.052808464,1,0,1,2.3486927,"{""geodesic"":false,""type"":""Point"",""coordinates"":[114.19145838177067,30.78530970254021]}"
2436,15,0,0,0,-33.81405284,-13.69757084,-22.0899382,-10.66326139,0.085836868,1,0,1,1.4188212,"{""geodesic"":false,""type"":""Point"",""coordinates"":[114.50434159522949,30.285397246927698]}"
2437,18,0,0,0,-21.65719619,-3.537201814,-12.60400737,-5.050361447,0.312581921,1,0,1,0,"{""geodesic"":false,""type"":""Point"",""coordinates"":[114.28632047577369,30.75728226567568]}"
2438,23,0.69970846,-0.23846154,1,-37.09721641,-16.51681064,-21.0485407,-7.40936926,0.181577936,2,0,1,1.0744028,"{""geodesic"":false,""type"":""Point"",""coordinates"":[113.81874737038947,30.326629918468782]}"
2439,21,0.8320775,-0.5968992,1,-26.51291811,-9.521204469,-20.54393857,-9.644615854,0.108527154,2,0,1,1.8543341,"{""geodesic"":false,""type"":""Point"",""coordinates"":[113.86186650402722,30.31450266213317]}"
2440,27,0,0,0,-27.08180442,-6.723141817,-18.78970854,-11.29783484,0.074167991,1,0,1,0.92740995,"{""geodesic"":false,""type"":""Point"",""coordinates"":[114.1669343745142,30.88879562327078]}"
2441,18,0,0,0,-25.46429443,-10.38825779,-19.00979296,-12.48559483,0.056420966,1,0,1,0,"{""geodesic"":false,""type"":""Point"",""coordinates"":[114.29197986206364,30.71578009954936]}"
2442,21,0,0,0,-28.25300955,-11.5500298,-18.32679881,-9.554115859,0.110812414,1,0,1,2.9815695,"{""geodesic"":false,""type"":""Point"",""coordinates"":[114.18903293050354,30.70661728365134]}"
2443,22,0,0,0,-29.19564798,-8.256900726,-20.37732235,-8.04092869,0.157002704,1,0,1,4.748876,"{""geodesic"":false,""type"":""Point"",""coordinates"":[114.2337690316527,30.109417282768682]}"
2444,22,0,0,0,-19.84353124,-5.472965628,-14.32645024,-5.148617589,0.305589369,1,0,1,1.4228911,"{""geodesic"":false,""type"":""Point"",""coordinates"":[114.84902516974616,30.770218005767003]}"
2445,15,0,0,0,-23.34310056,-7.26487158,-16.59555773,-6.505739683,0.223576437,1,0,1,2.3482525,"{""geodesic"":false,""type"":""Point"",""coordinates"":[114.51997228117318,30.764019630306578]}"
2446,24,0.47540984,-0.13318284,1,-27.15724386,-4.188895029,-21.64291862,-4.924956126,0.321739504,2,0,1,3.3494446,"{""geodesic"":false,""type"":""Point"",""coordinates"":[113.78910296601353,30.29186511697336]}"
2447,16,0,0,0,-25.41798175,-8.540708105,-14.96645248,-5.623480065,0.273937819,1,0,1,1.8543341,"{""geodesic"":false,""type"":""Point"",""coordinates"":[114.7043065774745,30.725212410032615]}"
2448,21,0,0,0,-25.84940788,-6.028227984,-21.65716568,-10.43157615,0.090540395,1,0,1,1.0726944,"{""geodesic"":false,""type"":""Point"",""coordinates"":[114.24724376091449,30.170323059031986]}"
2449,21,0,0,0,-28.15937832,-14.72166738,-21.63204746,-11.48448473,0.071047946,1,0,1,3.3637228,"{""geodesic"":false,""type"":""Point"",""coordinates"":[114.80078563898894,30.74057360139106]}"
2450,23,0,0,0,-30.50307218,-4.356046411,-22.74791092,-4.432577728,0.360364687,1,0,1,1.4226857,"{""geodesic"":false,""type"":""Point"",""coordinates"":[114.1677428582699,30.74623298768101]}"
2451,20,0.85087717,-0.29067641,1,-28.45878976,-12.31666235,-20.69700726,-14.74352045,0.033546557,2,0,1,2.3391411,"{""geodesic"":false,""type"":""Point"",""coordinates"":[113.8047336519572,30.31585013505935]}"
2452,20,0,0,0,-23.12682309,-7.078919145,-22.78815066,-14.02629194,0.039570433,1,0,1,1.0729606,"{""geodesic"":false,""type"":""Point"",""coordinates"":[114.3916928586009,30.19484706628845]}"
2453,24,0.78197676,-0.6666667,1,-32.72313347,-18.96897404,-23.66326334,-15.74627328,0.026630092,2,0,1,1.4195106,"{""geodesic"":false,""type"":""Point"",""coordinates"":[113.77589773133697,30.36840157918034]}"
2454,28,0.65898615,-0.45454547,1,-29.24509046,-14.21931797,-19.33722275,-7.075524034,0.196086456,2,0,1,2.1452477,"{""geodesic"":false,""type"":""Point"",""coordinates"":[113.83491704550363,30.198350495896516]}"
2455,22,0.30170912,0.14459226,1,-28.61494566,-12.57397796,-22.35302792,-12.43137122,0.057129823,2,0,1,2.8364055,"{""geodesic"":false,""type"":""Point"",""coordinates"":[114.15372913983765,30.315580640474113]}"
2456,21,0,0,0,-23.04676547,-5.731856004,-15.35707606,-5.451203552,0.285022828,1,0,1,2.334402,"{""geodesic"":false,""type"":""Point"",""coordinates"":[114.41918130629496,30.078694900051794]}"
2457,14,0,0,0,-32.16104257,-8.222476844,-22.36148468,-9.021384309,0.12527418,1,0,1,0,"{""geodesic"":false,""type"":""Point"",""coordinates"":[114.17421072831557,30.836244179149787]}"
2458,17,0,0,0,-26.87159822,-9.776062241,-22.654512,-9.980513804,0.100449694,1,0,1,0,"{""geodesic"":false,""type"":""Point"",""coordinates"":[114.23484700999364,30.046894538993964]}"
2459,23,0.740113,-0.125,1,-31.77199453,-6.321829884,-22.20280894,-8.236004224,0.150106527,2,0,1,2.1413205,"{""geodesic"":false,""type"":""Point"",""coordinates"":[114.20655007854387,30.068454105812833]}"
2460,22,0,0,0,-23.65274185,-7.306886221,-16.03854641,-5.717593734,0.268065316,1,0,1,0,"{""geodesic"":false,""type"":""Point"",""coordinates"":[114.22784015077751,30.43227179588124]}"
2461,17,0,0,0,-27.27905369,-10.66508981,-16.86186337,-4.726983841,0.336745357,1,0,1,1.0798619,"{""geodesic"":false,""type"":""Point"",""coordinates"":[114.63181253404605,30.81845753652422]}"
2462,20,0,0,0,-24.72053085,-10.60041753,-20.19710606,-11.339777,0.073455159,1,0,1,3.7047918,"{""geodesic"":false,""type"":""Point"",""coordinates"":[114.72721361721955,30.603400857506006]}"
2463,20,0.8708487,-0.4715719,1,-28.85346452,-6.70193334,-21.3211887,-5.762887606,0.265284111,2,0,1,2.142904,"{""geodesic"":false,""type"":""Point"",""coordinates"":[113.87075982534,30.358699774111848]}"
2464,27,0.6547085,-0.31712472,1,-28.29528217,-7.542019055,-26.41944381,-15.5108269,0.028113655,2,0,1,1.4190998,"{""geodesic"":false,""type"":""Point"",""coordinates"":[114.11007101702944,30.318814575496944]}"
2465,25,0.4078341,-0.20527308,1,-30.77179853,-16.40810204,-23.07914952,-14.24526189,0.037624766,2,0,1,1.4194759,"{""geodesic"":false,""type"":""Point"",""coordinates"":[113.77562823675174,30.364089665816568]}"
2466,22,0,0,0,-26.8557163,-8.41076942,-21.78166876,-14.02368719,0.039594173,1,0,1,2.1451554,"{""geodesic"":false,""type"":""Point"",""coordinates"":[114.85333708310993,30.762941651965633]}"
2467,24,0,0,0,-29.92515396,-16.44496491,-19.19097647,-14.57954877,0.034837351,1,0,1,3.3680747,"{""geodesic"":false,""type"":""Point"",""coordinates"":[114.1639699340766,30.875320894008986]}"
2468,22,0,0,0,-27.96328904,-9.890857614,-19.67661864,-8.537194528,0.140049173,1,0,1,2.3505332,"{""geodesic"":false,""type"":""Point"",""coordinates"":[114.16801235285514,30.874512410253278]}"
2469,24,0,0,0,-21.16073492,-7.152187217,-14.24292086,-4.32329417,0.369547768,1,0,1,0,"{""geodesic"":false,""type"":""Point"",""coordinates"":[114.58869340040832,30.5920820849261]}"
2470,19,0.74028856,-0.37482318,1,-33.30709125,-12.63206609,-21.03361725,-8.747357243,0.133433315,2,0,1,0,"{""geodesic"":false,""type"":""Point"",""coordinates"":[113.81093202741764,30.309651759598925]}"
2471,22,0,0,0,-12.78729622,-5.315465098,-3.309480393,-6.544588522,0.221585403,1,0,1,2.8400984,"{""geodesic"":false,""type"":""Point"",""coordinates"":[114.24158437462454,30.537105189537986]}"
2472,24,0.7856673,-0.45652175,1,-24.13262899,-5.45977731,-15.63090393,-4.107176956,0.388402757,2,0,1,4.2801833,"{""geodesic"":false,""type"":""Point"",""coordinates"":[113.88261758709038,30.390769629754917]}"
2473,25,0.41016948,-0.039872408,1,-23.63126871,-7.264205505,-16.58657749,-7.834119829,0.164659964,2,0,1,0,"{""geodesic"":false,""type"":""Point"",""coordinates"":[114.22137228073184,30.45356186811487]}"
2474,21,0,0,0,-24.96863605,-6.874392915,-19.04461382,-6.975667423,0.200647271,1,0,1,1.4224524,"{""geodesic"":false,""type"":""Point"",""coordinates"":[114.19792625181633,30.718475045401718]}"
2475,19,0,0,0,-30.25129336,-4.77227177,-22.18256027,-5.416675137,0.287297923,1,0,1,0.92740995,"{""geodesic"":false,""type"":""Point"",""coordinates"":[114.1841820279693,30.823308439058465]}"
2476,26,0,0,0,-9.959967598,-8.493291792,-3.47517376,-7.954982744,0.160140701,1,0,1,4.4000635,"{""geodesic"":false,""type"":""Point"",""coordinates"":[114.35423311125312,30.59720248204558]}"
2477,20,0,0,0,-26.09574293,-7.826449287,-18.98293428,-12.47352517,0.056577986,1,0,1,3.3615267,"{""geodesic"":false,""type"":""Point"",""coordinates"":[114.23781145043124,30.67212197674115]}"
2478,17,0,0,0,-31.08489091,-6.838346598,-23.46013638,-9.536677551,0.111258255,1,0,1,0,"{""geodesic"":false,""type"":""Point"",""coordinates"":[114.24158437462454,30.04123515270401]}"
2479,28,0,0,0,-21.31819474,-6.140197502,-10.75980543,-4.773623574,0.333148332,1,0,1,2.9815202,"{""geodesic"":false,""type"":""Point"",""coordinates"":[114.4081320283003,30.694490027315727]}"
2480,17,0,0,0,-28.9322443,-12.83821518,-21.00338669,-12.49307363,0.056323889,1,0,1,0,"{""geodesic"":false,""type"":""Point"",""coordinates"":[114.52590116204837,30.37244399795888]}"
2481,19,0,0,0,-23.08064393,-3.999449373,-17.61578992,-8.669913404,0.135834053,1,0,1,1.8543341,"{""geodesic"":false,""type"":""Point"",""coordinates"":[114.57252372529416,30.69098659770766]}"
2482,21,0,0,0,-26.4822967,-8.699037448,-21.4174958,-12.66176561,0.054178059,1,0,1,0.92740995,"{""geodesic"":false,""type"":""Point"",""coordinates"":[114.44720874315949,30.328516380565432]}"
2483,22,0.8305384,-0.3970588,1,-28.89000513,-5.459301624,-19.49661654,-5.492995711,0.282293208,2,0,1,1.0747992,"{""geodesic"":false,""type"":""Point"",""coordinates"":[113.89339737049981,30.362742192890387]}"
2484,18,0.60958904,-0.16630669,1,-29.31935127,-3.853360221,-22.6441824,-5.269705152,0.297186779,2,0,1,0,"{""geodesic"":false,""type"":""Point"",""coordinates"":[114.21598238902713,30.298063492433783]}"
2485,22,0,0,0,-27.73608944,-11.13636344,-18.34604028,-8.536235987,0.140080087,1,0,1,1.4233382,"{""geodesic"":false,""type"":""Point"",""coordinates"":[114.63127354487558,30.822769449887993]}"
2486,23,0,0,0,-27.73261727,-5.691010757,-19.87213466,-5.179974025,0.303390933,1,0,1,4.261879,"{""geodesic"":false,""type"":""Point"",""coordinates"":[114.18175657670217,30.778302843324077]}"
2487,23,0.71862614,-0.54022986,1,-25.01416387,-8.248123927,-19.59496144,-11.7244355,0.067228969,2,0,1,2.1476552,"{""geodesic"":false,""type"":""Point"",""coordinates"":[114.11411343580798,30.30857378125798]}"
2488,24,0.9117647,-0.7253929,1,-23.02458791,-6.475889801,-22.00570059,-11.29972506,0.074135717,2,0,1,2.1507735,"{""geodesic"":false,""type"":""Point"",""coordinates"":[114.16450892324708,30.450597427677277]}"
2489,20,0,0,0,-24.83637331,-8.739669686,-19.80279172,-10.93523725,0.080626215,1,0,1,4.250542,"{""geodesic"":false,""type"":""Point"",""coordinates"":[114.48493798509251,30.326360423883546]}"
2490,22,0,0,0,-19.19192063,-4.874068474,-13.31968954,-7.188225742,0.191063367,1,0,1,3.7291539,"{""geodesic"":false,""type"":""Point"",""coordinates"":[114.34291433867321,30.85295284343441]}"
2491,25,0.2590759,0.054779805,1,-22.71163299,-5.907277651,-18.83049337,-8.713182191,0.134487457,2,0,1,1.4192474,"{""geodesic"":false,""type"":""Point"",""coordinates"":[113.82979664838415,30.33660121812251]}"
2492,23,0,0,0,-22.13906731,-4.585447294,-14.28501651,-5.481628918,0.283033022,1,0,1,0.92740995,"{""geodesic"":false,""type"":""Point"",""coordinates"":[114.63558545823936,30.69610699482714]}"
2493,19,0.7893297,-0.32596686,1,-29.76741502,-9.650060038,-20.38234369,-7.039165574,0.197734952,2,0,1,0,"{""geodesic"":false,""type"":""Point"",""coordinates"":[113.80123022234915,30.30938226501369]}"
2494,25,0,0,0,-19.65779638,-5.429264436,-15.4549193,-5.618572364,0.274247555,1,0,1,2.8429515,"{""geodesic"":false,""type"":""Point"",""coordinates"":[114.21409592693048,30.70661728365134]}"
2495,18,0,0,0,-27.09852501,-8.940704467,-18.9153828,-9.38540856,0.115201768,1,0,1,1.0745918,"{""geodesic"":false,""type"":""Point"",""coordinates"":[114.46849881539313,30.343877571923876]}"
2496,19,0.7792494,-0.3091398,1,-37.70110633,-16.32457389,-24.14966144,-12.6016915,0.054932688,2,0,1,0,"{""geodesic"":false,""type"":""Point"",""coordinates"":[113.81578292995188,30.308843275843216]}"
2497,21,0,0,0,-25.01312683,-3.903962241,-22.31372132,-6.738245869,0.211921692,1,0,1,2.8317363,"{""geodesic"":false,""type"":""Point"",""coordinates"":[114.2669168656367,30.031263853050284]}"
2498,19,0,0,0,-24.73923499,-7.18223679,-17.06660188,-8.673212128,0.135730918,1,0,1,1.0738825,"{""geodesic"":false,""type"":""Point"",""coordinates"":[114.50488058439997,30.279198871467273]}"
2499,16,0,0,0,-26.31077112,-5.666703533,-22.0877097,-10.7503841,0.084132073,1,0,1,0,"{""geodesic"":false,""type"":""Point"",""coordinates"":[114.45017318359709,30.10618334774585]}"
2500,16,0,0,0,-22.20535605,-3.580709016,-21.57097625,-8.732020625,0.133905353,1,0,1,2.1483855,"{""geodesic"":false,""type"":""Point"",""coordinates"":[114.47065477207501,30.341991109827227]}"
2501,22,0.30520394,-0.51287127,1,-36.24624099,-11.88304739,-21.41303788,-5.174280581,0.303788928,2,0,1,2.1429393,"{""geodesic"":false,""type"":""Point"",""coordinates"":[114.06964682924406,30.364898149572273]}"
2502,25,0.8798908,-0.6635731,1,-41.97804278,-21.95975137,-22.92950496,-12.69897436,0.053715864,2,0,1,0.92740995,"{""geodesic"":false,""type"":""Point"",""coordinates"":[113.84030693720834,30.2929430953143]}"
2503,25,0.6127431,-0.43705562,1,-20.24629069,-7.669792149,-14.85731007,-5.835727434,0.260871873,2,0,1,1.4197881,"{""geodesic"":false,""type"":""Point"",""coordinates"":[113.91792137775627,30.40154941316435]}"
2504,22,0,0,0,-21.33021126,-4.260533972,-21.44279947,-14.30677886,0.037095576,1,0,1,1.8543341,"{""geodesic"":false,""type"":""Point"",""coordinates"":[114.60701903220436,30.583458258198554]}"
2505,22,0.8148148,-0.3372093,1,-31.58938563,-3.841778967,-22.12405331,-7.926159928,0.161207041,2,0,1,0,"{""geodesic"":false,""type"":""Point"",""coordinates"":[113.81093202741764,30.296446524922366]}"
2506,22,0,0,0,-26.36911099,-7.156643504,-18.73281775,-7.506706425,0.177553549,1,0,1,2.1445208,"{""geodesic"":false,""type"":""Point"",""coordinates"":[114.84067083760384,30.65002342075181]}"
2507,21,0,0,0,-24.46383036,-6.295803921,-18.14468245,-7.909388611,0.161830784,1,0,1,1.8543341,"{""geodesic"":false,""type"":""Point"",""coordinates"":[114.21625188361236,30.091091650972643]}"
2508,26,0,0,0,-24.65489841,-5.910726408,-16.16474881,-5.65383593,0.272029753,1,0,1,1.4167151,"{""geodesic"":false,""type"":""Point"",""coordinates"":[114.24427932047689,30.029107896368398]}"
2509,29,0,0,0,-22.09189905,-8.277559807,-13.61311524,-6.977048532,0.200583473,1,0,1,2.1457784,"{""geodesic"":false,""type"":""Point"",""coordinates"":[114.17636668499746,30.873434431912337]}"
2510,44,0,0,0,-35.33568314,-17.77158397,-20.40123788,-12.12832907,0.061258604,1,0,1,1.424687,"{""geodesic"":false,""type"":""Point"",""coordinates"":[114.28982390538175,30.980154287665734]}"
2511,21,0,0,0,-16.52143597,-4.065124431,-15.38836335,-6.632847479,0.21712771,1,0,1,3.5094366,"{""geodesic"":false,""type"":""Point"",""coordinates"":[114.4202592846359,30.181911326197127]}"
2512,35,0,0,0,-31.63385848,-18.76681875,-18.88564604,-16.93216778,0.020266709,1,0,1,4.2545033,"{""geodesic"":false,""type"":""Point"",""coordinates"":[114.40058617991369,30.485631723757937]}"
2513,23,0.6216216,-0.24873096,1,-25.91844858,-10.40623066,-23.42462294,-19.08953655,0.012332364,2,0,1,4.749451,"{""geodesic"":false,""type"":""Point"",""coordinates"":[113.85971054734533,30.344686055679585]}"
2514,16,0,0,0,-38.62996024,-8.74564409,-25.15864275,-5.096578111,0.309273129,1,0,1,0,"{""geodesic"":false,""type"":""Point"",""coordinates"":[114.47685314753544,30.13609724670703]}"
2515,25,0,0,0,-14.69401503,-4.701364371,-9.228994441,-5.883760116,0.258002544,1,0,1,4.677419,"{""geodesic"":false,""type"":""Point"",""coordinates"":[114.32458870687718,30.487787680439826]}"
2516,17,0,0,0,-21.46881949,-7.104180343,-17.83063538,-10.85652859,0.082100753,1,0,1,0.92740995,"{""geodesic"":false,""type"":""Point"",""coordinates"":[114.10036921196095,30.750544901044783]}"
2517,20,0,0,0,-24.73941176,-8.922521365,-20.17331243,-7.918136584,0.161505137,1,0,1,3.3668602,"{""geodesic"":false,""type"":""Point"",""coordinates"":[114.63450747989842,30.8378611466612]}"
2518,19,0,0,0,-32.71768049,-11.77690466,-20.81009834,-6.899929847,0.204177093,1,0,1,1.0745064,"{""geodesic"":false,""type"":""Point"",""coordinates"":[114.55527607183907,30.336062228952038]}"
2519,17,0,0,0,-32.15435275,-12.05924847,-18.86860127,-7.405151123,0.181754381,1,0,1,0,"{""geodesic"":false,""type"":""Point"",""coordinates"":[114.19334484386732,30.720092012913135]}"
2520,20,0.4161074,-0.17615177,1,-28.29842666,-8.698017562,-21.56257034,-11.16695681,0.076437121,2,0,1,0,"{""geodesic"":false,""type"":""Point"",""coordinates"":[114.151842677741,30.31126872711034]}"
2521,26,0.40441883,-0.23372781,1,-31.25761155,-10.46196957,-22.06199936,-12.6851153,0.053887554,2,0,1,3.7142286,"{""geodesic"":false,""type"":""Point"",""coordinates"":[113.82979664838415,30.334984250611093]}"
2522,22,0,0,0,-23.59208452,-6.993266919,-17.28446854,-6.212639703,0.239186151,1,0,1,2.141869,"{""geodesic"":false,""type"":""Point"",""coordinates"":[114.22972661287416,30.169514575276278]}"
2523,20,0,0,0,-25.36796886,-6.76476736,-22.61802895,-10.98641588,0.079681667,1,0,1,2.9820604,"{""geodesic"":false,""type"":""Point"",""coordinates"":[114.17609719041222,30.828159341592713]}"
2524,20,0.37311286,0.15132606,1,-46.13187138,-23.38856706,-24.89574725,-6.055296636,0.248010653,2,0,1,0,"{""geodesic"":false,""type"":""Point"",""coordinates"":[114.14914773188863,30.30264490038279]}"
2525,39,0,0,0,-35.58837551,-18.83491128,-29.91682222,-24.16499266,0.003832664,1,0,1,1.0810924,"{""geodesic"":false,""type"":""Point"",""coordinates"":[114.30087318337642,30.927602843544744]}"
2526,21,0,0,0,-28.45921027,-6.435099762,-23.64772462,-7.797185009,0.166066296,1,0,1,2.1456478,"{""geodesic"":false,""type"":""Point"",""coordinates"":[114.20708906771435,30.85025789758205]}"
2527,19,0,0,0,-26.58046666,-7.696554439,-17.87855965,-8.425460225,0.143699077,1,0,1,2.3387504,"{""geodesic"":false,""type"":""Point"",""coordinates"":[114.52670964580408,30.296446524922366]}"
2528,23,0.739369,-0.25,1,-29.6118669,-4.683437998,-26.21404303,-10.78814275,0.083403778,2,0,1,2.1482515,"{""geodesic"":false,""type"":""Point"",""coordinates"":[113.82764069170226,30.3357927343668]}"
2529,22,0,0,0,-19.08215796,-5.630185138,-11.01825696,-4.780920294,0.332589068,1,0,1,3.85678,"{""geodesic"":false,""type"":""Point"",""coordinates"":[114.32782264190001,30.384301759709256]}"
2530,24,0.59096944,-0.16393442,1,-28.76048622,-5.587332423,-28.99454164,-5.22459052,0.300290054,2,0,1,3.7047918,"{""geodesic"":false,""type"":""Point"",""coordinates"":[114.21247895941906,30.088396705120285]}"
2531,20,0,0,0,-19.77051026,-6.024297111,-11.56829325,-4.899142492,0.323657556,1,0,1,0,"{""geodesic"":false,""type"":""Point"",""coordinates"":[114.2803915948985,30.47431295117803]}"
2532,23,0.33550134,0.08365651,1,-20.12653163,-4.271541555,-12.48292048,-4.87195862,0.325689785,2,0,1,2.344884,"{""geodesic"":false,""type"":""Point"",""coordinates"":[113.97613220816721,30.59935843872747]}"
2533,24,0,0,0,-31.09478961,-11.13003046,-20.87477825,-9.762958637,0.10560978,1,0,1,2.3478756,"{""geodesic"":false,""type"":""Point"",""coordinates"":[114.80105513357417,30.74569399851054]}"
2534,34,0,0,0,-15.54788945,-11.08047271,-6.389226904,-10.74991496,0.084141162,1,0,1,2.8443172,"{""geodesic"":false,""type"":""Point"",""coordinates"":[114.21921632404995,30.78719616463686]}"
2535,23,0.7967033,-0.4608295,1,-23.80347045,-3.884699749,-24.03080853,-11.67818867,0.067948697,2,0,1,3.856606,"{""geodesic"":false,""type"":""Point"",""coordinates"":[113.90040422971595,30.32689941305402]}"
2536,28,0,0,0,-21.01195936,-4.969468014,-14.85510802,-6.427408165,0.22764556,1,0,1,2.7802885,"{""geodesic"":false,""type"":""Point"",""coordinates"":[114.661456938422,30.585883709465676]}"
2537,24,0.37275985,-0.061703555,1,-20.65833231,-3.88665684,-14.9026677,-4.812539843,0.330176391,2,0,1,3.2199545,"{""geodesic"":false,""type"":""Point"",""coordinates"":[114.17313274997463,30.319353564667413]}"
2538,19,0.72680414,-0.25675675,1,-29.52267901,-9.392828866,-21.76175042,-9.640552099,0.108628752,2,0,1,0,"{""geodesic"":false,""type"":""Point"",""coordinates"":[113.81012354366193,30.30129742745661]}"
2539,23,0.4707792,-0.15542011,1,-24.69540909,-7.214263273,-13.2760144,-4.740297895,0.335714586,2,0,1,1.074781,"{""geodesic"":false,""type"":""Point"",""coordinates"":[113.74355838110867,30.361125225378974]}"
2540,24,0.59866667,-0.36345777,1,-27.25086905,-4.354971105,-17.32258624,-6.137150435,0.243380039,2,0,1,1.4176184,"{""geodesic"":false,""type"":""Point"",""coordinates"":[114.18526000631024,30.13933118172986]}"
2541,24,0,0,0,-29.17416445,-5.655699812,-24.13215634,-9.516678064,0.111771787,1,0,1,0.92740995,"{""geodesic"":false,""type"":""Point"",""coordinates"":[114.20358563810628,30.853222338019645]}"
2542,22,0,0,0,-18.13146694,-4.41202714,-14.94213784,-8.249426136,0.149643338,1,0,1,1.0711224,"{""geodesic"":false,""type"":""Point"",""coordinates"":[114.24320134213595,30.025334972175095]}"
2543,22,0.5784077,-0.3578367,1,-17.19709729,-4.454641598,-13.60926817,-5.991730239,0.251667408,2,0,1,2.8415449,"{""geodesic"":false,""type"":""Point"",""coordinates"":[113.97128130563297,30.623343456813462]}"
2544,23,0,0,0,-26.5645692,-9.091863188,-20.14155516,-8.804674634,0.131683856,1,0,1,0.92740995,"{""geodesic"":false,""type"":""Point"",""coordinates"":[114.21032300273717,30.855378294701534]}"
2545,26,0.84087366,-0.49891382,1,-23.02579453,-9.655556784,-22.34657941,-12.64074017,0.054440986,2,0,1,4.387109,"{""geodesic"":false,""type"":""Point"",""coordinates"":[113.87210729826617,30.29536854658142]}"
2546,23,0.78149384,-0.6367615,1,-25.7405501,-14.89383558,-20.18545824,-12.65123728,0.054309558,2,0,1,3.5129263,"{""geodesic"":false,""type"":""Point"",""coordinates"":[114.15238166691147,30.443321073875907]}"
2547,27,0.7393328,-0.5460218,1,-25.50791555,-9.864362367,-18.98617569,-8.702475002,0.134819434,2,0,1,1.0743176,"{""geodesic"":false,""type"":""Point"",""coordinates"":[114.12085080043887,30.318814575496944]}"
2548,18,0,0,0,-14.83624657,-5.792628435,-0.902836282,-5.401059673,0.288332789,1,0,1,0.92740995,"{""geodesic"":false,""type"":""Point"",""coordinates"":[114.27904412197232,30.661611687916952]}"
2549,23,0,0,0,-33.228924,-16.20397089,-21.37996229,-12.88508089,0.051462622,1,0,1,4.75045,"{""geodesic"":false,""type"":""Point"",""coordinates"":[114.16801235285514,30.74569399851054]}"
2550,17,0,0,0,-27.55713263,-11.40690136,-25.46727062,-20.63266656,0.00864437,1,0,1,3.5080125,"{""geodesic"":false,""type"":""Point"",""coordinates"":[114.21921632404995,30.074113492102786]}"
2551,24,0,0,0,-14.34281137,-6.005791838,-8.440060231,-5.265688102,0.297461792,1,0,1,2.3469574,"{""geodesic"":false,""type"":""Point"",""coordinates"":[114.48763293094487,30.700957897361388]}"
2552,19,0.6576087,-0.22033899,1,-33.60447764,-6.415345702,-27.57506173,-6.988833078,0.200039929,2,0,1,0,"{""geodesic"":false,""type"":""Point"",""coordinates"":[113.79098942811018,30.30210591121232]}"
2553,28,0.9410898,-0.6231003,1,-25.06712538,-11.06612515,-23.53435866,-14.61097058,0.034586207,2,0,1,1.4180846,"{""geodesic"":false,""type"":""Point"",""coordinates"":[113.84677480725401,30.196194539214627]}"
2554,21,0,0,0,-25.91313306,-11.1347661,-20.54680153,-10.58180056,0.087462109,1,0,1,1.4189156,"{""geodesic"":false,""type"":""Point"",""coordinates"":[114.547191234282,30.296716019507603]}"
2555,19,0,0,0,-29.86335907,-4.524356641,-27.50954767,-7.446475239,0.180033148,1,0,1,0,"{""geodesic"":false,""type"":""Point"",""coordinates"":[114.22056379697614,30.224491470664393]}"
2556,25,0,0,0,-20.22861493,-4.944702463,-11.0952674,-6.403260207,0.228914857,1,0,1,2.144726,"{""geodesic"":false,""type"":""Point"",""coordinates"":[114.46364791285887,30.68667468434389]}"
2557,25,0,0,0,-23.50014991,-5.470699708,-16.81222199,-6.522701254,0.222704952,1,0,1,3.72348,"{""geodesic"":false,""type"":""Point"",""coordinates"":[114.3442618115994,30.65783876372365]}"
2558,20,0.6742671,-0.55784065,1,-29.03905928,-14.6215524,-23.58922106,-18.97570821,0.012659868,2,0,1,1.0746741,"{""geodesic"":false,""type"":""Point"",""coordinates"":[113.80985404907669,30.351423420310482]}"
2559,25,0.62222224,-0.359375,1,-28.13678358,-13.94398275,-22.14256818,-15.57091623,0.027727351,2,0,1,1.4190514,"{""geodesic"":false,""type"":""Point"",""coordinates"":[113.77508924758126,30.31315518920699]}"
2560,22,0,0,0,-27.37410858,-12.7458148,-21.01718952,-15.55460073,0.027831712,1,0,1,1.4229265,"{""geodesic"":false,""type"":""Point"",""coordinates"":[114.84444376179715,30.774529919130774]}"
2561,20,0,0,0,-31.20643491,-8.309687519,-21.06244565,-6.289689604,0.234980076,1,0,1,1.4173266,"{""geodesic"":false,""type"":""Point"",""coordinates"":[114.48008708255827,30.104027391063966]}"
2562,24,0.8062756,-0.35661766,1,-32.6489376,-15.81200568,-21.27295901,-13.65527675,0.043099509,2,0,1,0.92740995,"{""geodesic"":false,""type"":""Point"",""coordinates"":[113.81524394078141,30.29509905199619]}"
2563,26,0.77099234,-0.62068963,1,-26.72643374,-3.791853568,-23.47315702,-8.292233499,0.148175585,2,0,1,0.92740995,"{""geodesic"":false,""type"":""Point"",""coordinates"":[113.8287186700432,30.18891818541326]}"
2564,18,0.44620255,-0.30640393,1,-28.06519465,-5.276466738,-21.99631777,-5.323309892,0.293541163,2,0,1,1.8543341,"{""geodesic"":false,""type"":""Point"",""coordinates"":[114.04781776783996,30.374599954640765]}"
2565,15,0,0,0,-29.72084142,-13.1308498,-18.85442344,-7.407952424,0.181637183,1,0,1,4.6273675,"{""geodesic"":false,""type"":""Point"",""coordinates"":[114.55554556642431,30.389422156828736]}"
2566,26,0.8834437,-0.6073903,1,-28.14638242,-15.39450024,-29.35413242,-22.12456533,0.006131172,2,0,1,1.4191366,"{""geodesic"":false,""type"":""Point"",""coordinates"":[113.80230820069009,30.323395983445952]}"
2567,23,0,0,0,-27.69322371,-8.369157027,-19.04736046,-8.809592131,0.131534836,1,0,1,1.8543341,"{""geodesic"":false,""type"":""Point"",""coordinates"":[114.2202943023909,30.689639124781483]}"
2568,15,0,0,0,-25.04268867,-5.627426145,-19.78985935,-12.71129077,0.053563744,1,0,1,0,"{""geodesic"":false,""type"":""Point"",""coordinates"":[114.56497787690756,30.36247269830515]}"
2569,18,0,0,0,-27.15881767,-3.836337532,-25.26860254,-10.14302315,0.096760407,1,0,1,0,"{""geodesic"":false,""type"":""Point"",""coordinates"":[114.63262101780177,30.620648510961104]}"
2570,22,0,0,0,-26.89765597,-10.72046196,-20.85544551,-9.004495596,0.125762291,1,0,1,2.1570525,"{""geodesic"":false,""type"":""Point"",""coordinates"":[114.78461596387478,30.73329724758969]}"
2571,21,0,0,0,-25.38743374,-8.340455739,-18.17753002,-7.595259764,0.173969864,1,0,1,4.6865983,"{""geodesic"":false,""type"":""Point"",""coordinates"":[114.19954321932774,30.71389363745271]}"
2572,27,0,0,0,-27.03934022,-10.92878555,-17.61349382,-6.394201115,0.229392856,1,0,1,1.0804591,"{""geodesic"":false,""type"":""Point"",""coordinates"":[114.23538599916411,30.871278475230447]}"
2573,20,0,0,0,-29.92307523,-7.506151062,-24.62002101,-9.155458911,0.121465826,1,0,1,0.92740995,"{""geodesic"":false,""type"":""Point"",""coordinates"":[114.1812175875317,30.84109508168403]}"
2574,15,0,0,0,-18.84338841,-4.158011364,-13.10710059,-4.410027129,0.362240736,1,0,1,1.4226881,"{""geodesic"":false,""type"":""Point"",""coordinates"":[114.5396453858954,30.746502482266248]}"
2575,24,0.7517518,-0.39257294,1,-26.29742438,-9.819904028,-19.15647991,-11.28500861,0.074387359,2,0,1,1.0742931,"{""geodesic"":false,""type"":""Point"",""coordinates"":[113.86294448236815,30.316658618815055]}"
2576,26,0.884058,-0.58588547,1,-25.35539973,-10.5890965,-18.64153106,-9.827579405,0.104049994,2,0,1,3.7118185,"{""geodesic"":false,""type"":""Point"",""coordinates"":[114.02625820102108,30.250093456261798]}"
2577,22,0,0,0,-22.92817041,-5.295631718,-15.5871452,-4.420376907,0.361378499,1,0,1,1.4168173,"{""geodesic"":false,""type"":""Point"",""coordinates"":[114.24454881506213,30.041774141874484]}"
2578,21,0,0,0,-26.48103509,-4.794089606,-20.55657768,-8.531322109,0.140238672,1,0,1,0,"{""geodesic"":false,""type"":""Point"",""coordinates"":[114.82342318414875,30.757821254846153]}"
2579,21,0,0,0,-18.63484727,-4.305030109,-10.86756356,-4.609844386,0.345951774,1,0,1,1.4222453,"{""geodesic"":false,""type"":""Point"",""coordinates"":[114.04754827325472,30.69422053273049]}"
2580,21,0.49323842,-0.15015015,1,-30.73903874,-11.93200872,-18.80526085,-9.619348298,0.109160413,2,0,1,2.7802885,"{""geodesic"":false,""type"":""Point"",""coordinates"":[113.92196379653481,30.358430279526612]}"
2581,19,0,0,0,-18.84212389,-5.953575522,-13.93137441,-4.90414147,0.323285222,1,0,1,1.4216982,"{""geodesic"":false,""type"":""Point"",""coordinates"":[114.75982246203309,30.629541832273887]}"
2582,22,0,0,0,-33.79446398,-15.60184576,-21.48387371,-9.877990588,0.102849206,1,0,1,0.92740995,"{""geodesic"":false,""type"":""Point"",""coordinates"":[114.17771415792363,30.76967901659653]}"
2583,21,0,0,0,-25.24269336,-7.592062133,-20.27919568,-9.407942877,0.114605567,1,0,1,2.978998,"{""geodesic"":false,""type"":""Point"",""coordinates"":[114.27796614363137,30.05632684947722]}"
2584,25,0,0,0,-26.5643432,-4.46734754,-21.90771245,-7.955888546,0.160107304,1,0,1,4.411475,"{""geodesic"":false,""type"":""Point"",""coordinates"":[114.17501921207128,30.85942071348007]}"
2585,23,0.65415245,-0.5,1,-28.23915006,-14.5136166,-23.11707679,-11.74202101,0.066957295,2,0,1,1.4201683,"{""geodesic"":false,""type"":""Point"",""coordinates"":[114.15426812900812,30.44709399806921]}"
2586,20,0.45157233,-0.38672438,1,-27.56151101,-9.122750491,-23.11790967,-11.61370932,0.068965052,2,0,1,0.92740995,"{""geodesic"":false,""type"":""Point"",""coordinates"":[114.0526686703742,30.369210062936048]}"
2587,16,0,0,0,-27.70857804,-8.162265442,-20.80962119,-4.834557389,0.328506722,1,0,1,0,"{""geodesic"":false,""type"":""Point"",""coordinates"":[114.53991488048062,30.364898149572273]}"
2588,21,0,0,0,-33.59905232,-18.47270472,-16.68537069,-6.618927363,0.21782477,1,0,1,4.375773,"{""geodesic"":false,""type"":""Point"",""coordinates"":[114.25802354432392,30.027221434271745]}"
2589,16,0,0,0,-24.12138259,-7.842893534,-19.76921487,-11.83256874,0.065575729,1,0,1,0,"{""geodesic"":false,""type"":""Point"",""coordinates"":[114.45744953739846,30.284319268586753]}"
2590,19,0.767358,-0.28042328,1,-33.1957076,-10.00347516,-24.79285152,-4.486677421,0.355903499,2,0,1,0.92740995,"{""geodesic"":false,""type"":""Point"",""coordinates"":[114.21220946483383,30.215867643936846]}"
2591,82,0,0,0,-29.58610259,-8.516192292,-22.17436377,-12.55926004,0.055472022,1,0,1,0.92740995,"{""geodesic"":false,""type"":""Point"",""coordinates"":[114.19765675723109,31.11301511818701]}"
2592,23,0.83466667,-0.61777776,1,-32.50198489,-17.56940385,-22.93782838,-17.37459389,0.018303773,2,0,1,0.92740995,"{""geodesic"":false,""type"":""Point"",""coordinates"":[113.8295271537989,30.193769087947505]}"
2593,23,0.76367617,-0.4152824,1,-29.60956819,-7.4334958,-22.72958279,-9.662968784,0.108069495,2,0,1,1.4179931,"{""geodesic"":false,""type"":""Point"",""coordinates"":[113.82440675667942,30.184875766634722]}"
2594,20,0,0,0,-38.01150494,-10.99382557,-26.29601495,-4.722618368,0.337084019,1,0,1,1.416604,"{""geodesic"":false,""type"":""Point"",""coordinates"":[114.23727246126076,30.015633167106603]}"
2595,27,0.7793538,-0.54307115,1,-21.5283579,-6.204628775,-17.20605825,-7.442818745,0.180184789,2,0,1,0.92740995,"{""geodesic"":false,""type"":""Point"",""coordinates"":[114.01224448258883,30.273000496006848]}"
2596,24,0.3057199,0.13601741,1,-26.76857349,-8.19534116,-16.2323875,-4.176967519,0.382211058,2,0,1,2.8378532,"{""geodesic"":false,""type"":""Point"",""coordinates"":[114.1526511614967,30.40289688609053]}"
2597,21,0,0,0,-28.23345779,-5.323404704,-21.66091114,-9.931215776,0.101596424,1,0,1,1.8543341,"{""geodesic"":false,""type"":""Point"",""coordinates"":[114.8358199350696,30.755934792749503]}"
2598,19,0.91021127,-0.5508021,1,-32.15503448,-5.340716864,-25.06112669,-6.378033704,0.230248405,2,0,1,0,"{""geodesic"":false,""type"":""Point"",""coordinates"":[113.76889087212085,30.37810338424883]}"
2599,19,0,0,0,-29.65544969,-13.11939983,-19.98671263,-9.053913373,0.12433937,1,0,1,1.0799494,"{""geodesic"":false,""type"":""Point"",""coordinates"":[114.17852264167935,30.826003384910823]}"
2600,24,0.7007673,-0.5744681,1,-27.35808941,-4.228391993,-25.33571863,-9.851505037,0.10347835,2,0,1,2.7802885,"{""geodesic"":false,""type"":""Point"",""coordinates"":[113.79206740645112,30.365437138742745]}"
2601,27,0,0,0,-19.76076766,-4.221509808,-14.33539263,-5.286877077,0.296014028,1,0,1,1.0812589,"{""geodesic"":false,""type"":""Point"",""coordinates"":[114.32809213648524,30.94215555114748]}"
2602,18,0.84130216,-0.7704142,1,-29.6314643,-10.62241736,-21.1015788,-13.94805352,0.040289757,2,0,1,2.3450255,"{""geodesic"":false,""type"":""Point"",""coordinates"":[114.03569051150434,30.6063652979436]}"
2603,20,0.32328483,-0.014983084,1,-26.49103995,-9.455027654,-16.71277984,-8.55812963,0.139375692,2,0,1,2.1430526,"{""geodesic"":false,""type"":""Point"",""coordinates"":[114.0602145187608,30.385649232635433]}"
2604,20,0,0,0,-24.30989519,-9.743072122,-22.18658954,-13.75892162,0.042083111,1,0,1,1.4236726,"{""geodesic"":false,""type"":""Point"",""coordinates"":[114.63774141492124,30.861846164747192]}"
2605,21,0,0,0,-23.0993646,-7.446835078,-16.91874146,-6.619739827,0.217784024,1,0,1,3.2169733,"{""geodesic"":false,""type"":""Point"",""coordinates"":[114.40947950122647,30.228264394857696]}"
2606,15,0,0,0,-25.40508682,-5.103764969,-21.84096111,-11.24553591,0.075066542,1,0,1,0,"{""geodesic"":false,""type"":""Point"",""coordinates"":[114.55581506100954,30.419336055789916]}"
2607,29,0.571835,-0.28938156,1,-22.13441699,-4.426857526,-22.04094317,-16.31745568,0.023348255,2,0,1,1.8543341,"{""geodesic"":false,""type"":""Point"",""coordinates"":[114.0820435801649,30.293212589899536]}"
2608,24,0.5659824,-0.48686516,1,-20.36117959,-8.515983558,-16.62558083,-7.311413678,0.185719982,2,0,1,3.7125497,"{""geodesic"":false,""type"":""Point"",""coordinates"":[113.86536993363528,30.275964936444442]}"
2609,22,0.5795034,-0.25933504,1,-22.02858091,-6.842271709,-16.46051467,-7.152398276,0.192646078,2,0,1,1.4196447,"{""geodesic"":false,""type"":""Point"",""coordinates"":[114.2202943023909,30.384571254294492]}"
2610,25,0,0,0,-27.33536094,-5.654694233,-19.96746309,-9.917461441,0.101918695,1,0,1,0.92740995,"{""geodesic"":false,""type"":""Point"",""coordinates"":[114.17582769582698,30.841364576269267]}"
2611,22,0,0,0,-26.60461868,-11.92620294,-18.89581941,-7.554404879,0.175614152,1,0,1,0,"{""geodesic"":false,""type"":""Point"",""coordinates"":[114.80779249820507,30.77102648952271]}"
2612,22,0,0,0,-28.14280538,-7.56744363,-19.62429397,-6.434093745,0.227295389,1,0,1,1.8543341,"{""geodesic"":false,""type"":""Point"",""coordinates"":[114.21355693776,30.70149688653186]}"
2613,16,0,0,0,-26.80845679,-8.775078283,-19.68110564,-9.175406417,0.120909203,1,0,1,0,"{""geodesic"":false,""type"":""Point"",""coordinates"":[114.38980639650426,30.125586957882835]}"
2614,29,0.70919883,-0.43762922,1,-25.41689576,-7.788028687,-19.29310669,-10.2682837,0.094009476,2,0,1,4.6692114,"{""geodesic"":false,""type"":""Point"",""coordinates"":[114.07934863431255,30.283241290245808]}"
2615,19,0.9425548,-0.5666394,1,-28.96551287,-4.385202029,-22.54028342,-6.300196252,0.234412288,2,0,1,1.0718648,"{""geodesic"":false,""type"":""Point"",""coordinates"":[114.17097679329274,30.093786596825]}"
2616,26,0.836478,-0.6340206,1,-30.34930556,-15.63705386,-23.65693678,-18.39643977,0.014466252,2,0,1,2.1426966,"{""geodesic"":false,""type"":""Point"",""coordinates"":[113.79314538479207,30.320701037593594]}"
2617,21,0,0,0,-25.43377978,-6.49105403,-21.87115073,-12.58149478,0.055188746,1,0,1,3.7047918,"{""geodesic"":false,""type"":""Point"",""coordinates"":[114.28254755158038,30.68775266268483]}"
2618,21,0.89909446,-0.6315789,1,-30.84836968,-9.325495344,-25.65000523,-15.98276918,0.025218722,2,0,1,2.3392863,"{""geodesic"":false,""type"":""Point"",""coordinates"":[113.80608112488339,30.323126488860716]}"
2619,24,0.7005714,-0.5604396,1,-28.29249208,-10.61429817,-21.88300396,-16.00195306,0.025107571,2,0,1,0.92740995,"{""geodesic"":false,""type"":""Point"",""coordinates"":[114.14860874271817,30.441434611779258]}"
2620,21,0,0,0,-27.25539766,-13.50745373,-17.01802419,-7.742134533,0.168184724,1,0,1,0,"{""geodesic"":false,""type"":""Point"",""coordinates"":[114.84363527804143,30.773990929960306]}"
2621,14,0,0,0,-23.59507574,-5.708971369,-18.85232275,-6.386527676,0.229798523,1,0,1,0,"{""geodesic"":false,""type"":""Point"",""coordinates"":[114.46472589119982,30.821421976961815]}"
2622,25,0,0,0,-22.15112131,-7.18858258,-14.22855636,-4.451262768,0.358817589,1,0,1,0,"{""geodesic"":false,""type"":""Point"",""coordinates"":[114.86465585568983,30.78207576751738]}"
2623,42,0,0,0,-21.81017046,-8.638200808,-10.84006342,-8.225759197,0.150461047,1,0,1,4.749842,"{""geodesic"":false,""type"":""Point"",""coordinates"":[114.39735224489085,30.502879377213034]}"
2624,24,0.879347,-0.670545,1,-23.60291699,-8.27735912,-24.05481688,-14.61244667,0.034574454,2,0,1,2.1505592,"{""geodesic"":false,""type"":""Point"",""coordinates"":[114.1669343745142,30.440895622608785]}"
2625,25,0,0,0,-21.25373363,-4.507394268,-13.44365055,-4.209845739,0.379328458,1,0,1,1.4233168,"{""geodesic"":false,""type"":""Point"",""coordinates"":[114.87004574739456,30.82034399862087]}"
2626,17,0,0,0,-19.85526657,-3.844616765,-12.4792765,-7.723656783,0.168901817,1,0,1,2.9812946,"{""geodesic"":false,""type"":""Point"",""coordinates"":[114.79081433933521,30.63843515358667]}"
2627,20,0.9514506,-0.6130653,1,-25.25329305,-10.03927392,-22.13239852,-10.04181118,0.099041881,2,0,1,0.92740995,"{""geodesic"":false,""type"":""Point"",""coordinates"":[113.87561072787425,30.39562053228916]}"
2628,25,0.5824561,-0.3029613,1,-28.73749437,-15.51277607,-22.53488926,-14.92809744,0.032150687,2,0,1,2.143008,"{""geodesic"":false,""type"":""Point"",""coordinates"":[113.78452155806453,30.37756439507836]}"
2629,22,0.72035396,-0.97003746,1,-27.64405141,-15.16580273,-18.63383308,-8.344207541,0.146412867,2,0,1,0,"{""geodesic"":false,""type"":""Point"",""coordinates"":[113.76296199124566,30.351423420310482]}"
2630,22,0,0,0,-20.46569857,-6.487646033,-12.67876108,-6.659987546,0.21577506,1,0,1,1.4228746,"{""geodesic"":false,""type"":""Point"",""coordinates"":[114.7929702960171,30.768331543670353]}"
2631,25,0.8463878,-0.48435813,1,-31.07728736,-16.97750024,-18.7635795,-8.40388708,0.144414663,2,0,1,1.4201705,"{""geodesic"":false,""type"":""Point"",""coordinates"":[114.1774446633384,30.447363492654446]}"
2632,26,0,0,0,-23.95529939,-5.690279011,-16.11301215,-6.88377311,0.204938092,1,0,1,2.1448212,"{""geodesic"":false,""type"":""Point"",""coordinates"":[114.66118744383677,30.703652843213746]}"
2633,25,0.82647717,-0.55106753,1,-23.29005466,-8.281655806,-21.53986733,-14.55475807,0.035036781,2,0,1,2.835698,"{""geodesic"":false,""type"":""Point"",""coordinates"":[114.01143599883311,30.27273100142161]}"
2634,23,0.67098445,-0.4239351,1,-26.76231149,-7.588225628,-22.31876954,-11.30624685,0.074024471,2,0,1,4.279043,"{""geodesic"":false,""type"":""Point"",""coordinates"":[113.82063383248612,30.286744719853875]}"
2635,24,0,0,0,-14.43411114,-9.773296232,-5.485545724,-8.88610543,0.12923777,1,0,1,2.3422916,"{""geodesic"":false,""type"":""Point"",""coordinates"":[114.31326993429727,30.47188749991091]}"
2636,16,0,0,0,-25.46892673,-6.027208768,-18.3540765,-4.351393309,0.367164487,1,0,1,1.4203633,"{""geodesic"":false,""type"":""Point"",""coordinates"":[114.62103275063662,30.47054002698473]}"
2637,19,0,0,0,-29.35017004,-12.58454805,-22.63498233,-13.9657011,0.040126372,1,0,1,2.1455283,"{""geodesic"":false,""type"":""Point"",""coordinates"":[114.17555820124176,30.829237319933654]}"
2638,23,0,0,0,-27.10158162,-9.455763215,-22.98380223,-15.53084861,0.027984345,1,0,1,0.92740995,"{""geodesic"":false,""type"":""Point"",""coordinates"":[114.37902661309482,30.273808979762556]}"
2639,18,0,0,0,-32.32299458,-16.84732781,-18.41007339,-9.302637496,0.117418425,1,0,1,4.749402,"{""geodesic"":false,""type"":""Point"",""coordinates"":[114.50838401400803,30.324743456372133]}"
2640,19,0,0,0,-26.7770383,-9.839634052,-26.04660412,-12.49745391,0.05626711,1,0,1,2.3338563,"{""geodesic"":false,""type"":""Point"",""coordinates"":[114.25371163096015,30.051206452357736]}"
2641,24,0,0,0,-25.2690992,-10.87479409,-23.4162969,-15.33111543,0.029301406,1,0,1,2.3505507,"{""geodesic"":false,""type"":""Point"",""coordinates"":[114.16262246115043,30.875320894008986]}"
2642,22,0,0,0,-26.85997207,-10.57347769,-19.51527649,-6.924213691,0.20303861,1,0,1,2.1590571,"{""geodesic"":false,""type"":""Point"",""coordinates"":[114.63396849072794,30.822769449887993]}"
2643,16,0,0,0,-25.71017306,-5.194274314,-16.44625833,-5.148809976,0.305575832,1,0,1,0,"{""geodesic"":false,""type"":""Point"",""coordinates"":[114.7177813067363,30.703113854043274]}"
2644,27,0.7568389,-0.72893775,1,-22.44559377,-6.958137091,-18.44381042,-9.380049075,0.115344022,2,0,1,4.2570233,"{""geodesic"":false,""type"":""Point"",""coordinates"":[114.19577029513444,30.586153204050913]}"
2645,24,0.7175,-0.26688102,1,-41.94236199,-26.55042604,-21.2125945,-12.46175931,0.056731474,2,0,1,1.4189869,"{""geodesic"":false,""type"":""Point"",""coordinates"":[113.78452155806453,30.30533984623515]}"
2646,20,0,0,0,-46.70695619,-28.92492794,-22.52228104,-12.10039836,0.061653845,1,0,1,2.142535,"{""geodesic"":false,""type"":""Point"",""coordinates"":[114.21625188361236,30.073305008347077]}"
2647,17,0,0,0,-30.0312092,-13.30285862,-20.40317071,-15.04172799,0.031320393,1,0,1,3.7047918,"{""geodesic"":false,""type"":""Point"",""coordinates"":[114.19711776806062,30.72494291544738]}"
2648,20,0,0,0,-27.1203365,-5.748724402,-23.17239884,-10.64456172,0.086207257,1,0,1,1.0713446,"{""geodesic"":false,""type"":""Point"",""coordinates"":[114.25505910388632,30.04581656065302]}"
2649,18,0,0,0,-31.07598912,-17.73962185,-24.43759811,-15.17885407,0.030346918,1,0,1,1.8543341,"{""geodesic"":false,""type"":""Point"",""coordinates"":[114.17394123373033,30.831932265786012]}"
2650,21,0,0,0,-23.19056381,-5.137623299,-18.1893949,-7.055565126,0.196989686,1,0,1,2.7802885,"{""geodesic"":false,""type"":""Point"",""coordinates"":[114.8110264332279,30.931914756908515]}"
2651,22,0.5989583,-0.29798904,1,-25.88857045,-10.00849156,-23.41182487,-14.01808917,0.039645243,2,0,1,1.419506,"{""geodesic"":false,""type"":""Point"",""coordinates"":[113.76350098041613,30.367862590009867]}"
2652,22,0,0,0,-22.59082002,-3.68359731,-16.71744467,-4.015685933,0.396671873,1,0,1,1.08004,"{""geodesic"":false,""type"":""Point"",""coordinates"":[114.67627914060998,30.8340882224679]}"
2653,16,0,0,0,-27.47169592,-8.14339975,-17.35137151,-7.356835153,0.183787718,1,0,1,0.92740995,"{""geodesic"":false,""type"":""Point"",""coordinates"":[114.55931849061761,30.80794724770002]}"
2654,23,0,0,0,-21.56764176,-7.038648287,-21.17640521,-12.0370222,0.06256015,1,0,1,2.8429656,"{""geodesic"":false,""type"":""Point"",""coordinates"":[114.18687697382165,30.70742576740705]}"
2655,18,0,0,0,-29.22567742,-8.757249155,-18.13057688,-5.106948451,0.30853551,1,0,1,0,"{""geodesic"":false,""type"":""Point"",""coordinates"":[114.6517551333535,30.61040771672214]}"
2656,17,0,0,0,-26.76743872,-11.4471153,-23.6176558,-14.9874293,0.031714442,1,0,1,1.4169217,"{""geodesic"":false,""type"":""Point"",""coordinates"":[114.25721506056821,30.054440387380566]}"
2657,22,0,0,0,-26.02444295,-11.38469659,-17.68595563,-7.986167873,0.158994907,1,0,1,2.9815414,"{""geodesic"":false,""type"":""Point"",""coordinates"":[114.43939340018765,30.699610424435207]}"
2658,29,0,0,0,-26.60341124,-7.384171502,-16.17155107,-4.719036392,0.337362154,1,0,1,0.92740995,"{""geodesic"":false,""type"":""Point"",""coordinates"":[114.50676704649662,30.671313492985444]}"
2659,22,0,0,0,-25.27467321,-9.058623097,-20.13013896,-9.239662347,0.119133463,1,0,1,2.1449788,"{""geodesic"":false,""type"":""Point"",""coordinates"":[114.62507516941515,30.731680280078276]}"
2660,23,0,0,0,-26.29351789,-7.285505257,-19.67776051,-10.83588211,0.082491992,1,0,1,2.8446193,"{""geodesic"":false,""type"":""Point"",""coordinates"":[114.18822444674784,30.804982807262427]}"
2661,20,0.2920168,0.051575933,1,-24.81668142,-7.640969286,-18.35988296,-4.845850045,0.327653639,2,0,1,2.334628,"{""geodesic"":false,""type"":""Point"",""coordinates"":[114.20924502439624,30.090013672631702]}"
2662,23,0,0,0,-21.30998834,-4.247800196,-14.98524269,-5.063221384,0.3116577,1,0,1,2.348727,"{""geodesic"":false,""type"":""Point"",""coordinates"":[114.82477065707492,30.786926670051624]}"
2663,22,0,0,0,-21.00283382,-4.349390321,-16.37519976,-6.340143729,0.232265993,1,0,1,3.7128174,"{""geodesic"":false,""type"":""Point"",""coordinates"":[114.39357932069755,30.285397246927698]}"
2664,24,0.7532808,-1,1,-27.84562148,-10.06175359,-19.74369664,-11.98621684,0.063296299,2,0,1,0.92740995,"{""geodesic"":false,""type"":""Point"",""coordinates"":[114.01655639595259,30.358430279526612]}"
2665,21,0,0,0,-26.2397704,-7.219217869,-19.78933336,-6.583565934,0.219605598,1,0,1,2.145494,"{""geodesic"":false,""type"":""Point"",""coordinates"":[114.7749141588063,30.82303894447323]}"
2666,25,0.24906507,0.2366864,1,-28.15566194,-12.75938236,-18.54544235,-7.27389512,0.187331361,2,0,1,4.3885055,"{""geodesic"":false,""type"":""Point"",""coordinates"":[113.86294448236815,30.327977391394963]}"
2667,17,0,0,0,-28.43049499,-12.8393123,-19.85058551,-7.532823327,0.17648901,1,0,1,0,"{""geodesic"":false,""type"":""Point"",""coordinates"":[114.23511650457887,30.04824201192014]}"
2668,19,0,0,0,-27.18357236,-4.537554897,-18.63614769,-7.113258878,0.194390086,1,0,1,2.1421218,"{""geodesic"":false,""type"":""Point"",""coordinates"":[114.37875711850958,30.215867643936846]}"
2669,28,0,0,0,-25.74165867,-7.208276598,-17.44714391,-7.755021794,0.167686392,1,0,1,0.92740995,"{""geodesic"":false,""type"":""Point"",""coordinates"":[114.18445152255454,30.878824323617053]}"
2670,24,0.89983845,-0.51609194,1,-23.15889857,-6.375886882,-18.27559793,-7.995554359,0.158651639,2,0,1,2.8384454,"{""geodesic"":false,""type"":""Point"",""coordinates"":[114.17313274997463,30.438470171341663]}"
2671,21,0.67799115,-0.5406163,1,-28.55416469,-11.73357553,-25.60094371,-18.51104534,0.014089496,2,0,1,3.5120947,"{""geodesic"":false,""type"":""Point"",""coordinates"":[113.78398256889405,30.381337319271662]}"
2672,21,0,0,0,-28.04680816,-7.49259381,-18.9064896,-6.902244945,0.204068281,1,0,1,2.1572886,"{""geodesic"":false,""type"":""Point"",""coordinates"":[114.83905387009243,30.74380753641389]}"
2673,22,0.7023256,-0.50986844,1,-27.65589172,-6.636416986,-21.94499601,-10.33392854,0.092599181,2,0,1,4.749709,"{""geodesic"":false,""type"":""Point"",""coordinates"":[114.15399863442288,30.449249954751096]}"
2674,19,0,0,0,-25.43500324,-9.007247562,-20.11655014,-10.35177558,0.092219432,1,0,1,4.3851833,"{""geodesic"":false,""type"":""Point"",""coordinates"":[114.38657246148142,30.250093456261798]}"
2675,24,0.8320058,-0.6479153,1,-25.36370476,-6.26282051,-20.68085244,-11.24827,0.075019299,2,0,1,0.92740995,"{""geodesic"":false,""type"":""Point"",""coordinates"":[114.19954321932774,30.44116511719402]}"
2676,21,0,0,0,-26.59101068,-4.451536942,-16.88999288,-7.70315847,0.169700903,1,0,1,2.335103,"{""geodesic"":false,""type"":""Point"",""coordinates"":[114.38091307519147,30.113998690717693]}"
2677,19,0,0,0,-27.33957138,-7.110748391,-20.74944171,-8.352529315,0.146132586,1,0,1,0,"{""geodesic"":false,""type"":""Point"",""coordinates"":[114.24374033130643,30.173018004884344]}"
2678,26,0.8220397,-0.5817757,1,-22.58497291,-7.60967679,-19.02178167,-9.320728646,0.116930319,2,0,1,2.150743,"{""geodesic"":false,""type"":""Point"",""coordinates"":[114.18283455504312,30.449249954751096]}"
2679,23,0,0,0,-22.99089301,-9.510153008,-16.68062452,-6.773201792,0.210222802,1,0,1,1.4178536,"{""geodesic"":false,""type"":""Point"",""coordinates"":[114.23808094501646,30.1681671023501]}"
2680,21,0,0,0,-30.55830843,-11.54527521,-18.32942175,-8.051482255,0.156621643,1,0,1,2.1411133,"{""geodesic"":false,""type"":""Point"",""coordinates"":[114.32566668521812,30.029916380124103]}"
2681,24,0.69119424,-0.3478261,1,-31.93816798,-15.43381073,-23.98306996,-20.14351292,0.00967495,2,0,1,3.220073,"{""geodesic"":false,""type"":""Point"",""coordinates"":[113.86914285782858,30.323126488860716]}"
2682,24,0,0,0,-24.30110146,-6.016239604,-16.60452734,-5.331368864,0.29299696,1,0,1,1.0811332,"{""geodesic"":false,""type"":""Point"",""coordinates"":[114.35585007876453,30.93110627315281]}"
2683,29,0,0,0,-25.18992223,-8.535616175,-15.22170193,-9.122805714,0.12238253,1,0,1,2.350999,"{""geodesic"":false,""type"":""Point"",""coordinates"":[114.15615459110477,30.896880460827855]}"
2684,16,0,0,0,-26.74059518,-3.810094996,-18.0165382,-4.546508403,0.351033981,1,0,1,0,"{""geodesic"":false,""type"":""Point"",""coordinates"":[114.46256993451794,30.276503925614914]}"
2685,21,0.34798014,0.10180505,1,-25.24168921,-8.459954286,-22.90759715,-13.10271961,0.048947221,2,0,1,0.92740995,"{""geodesic"":false,""type"":""Point"",""coordinates"":[114.15292065608193,30.31504165130364]}"
2686,17,0,0,0,-31.80859635,-10.06204198,-21.75878106,-6.744169576,0.211632831,1,0,1,2.348064,"{""geodesic"":false,""type"":""Point"",""coordinates"":[114.15022571022958,30.754587319823322]}"
2687,19,0,0,0,-30.52351261,-9.14050206,-21.19539229,-9.287953572,0.1178161,1,0,1,3.7107036,"{""geodesic"":false,""type"":""Point"",""coordinates"":[114.37714015099817,30.21047775223213]}"
2688,25,0,0,0,-26.91371217,-12.88294283,-20.77800866,-13.68891198,0.042767002,1,0,1,0.92740995,"{""geodesic"":false,""type"":""Point"",""coordinates"":[114.59327480835732,30.593429557852282]}"
2689,25,0.84856755,-0.4805023,1,-28.63038973,-14.12088158,-22.70789459,-10.97583172,0.079876096,2,0,1,1.8543341,"{""geodesic"":false,""type"":""Point"",""coordinates"":[113.77859267718934,30.440356633438313]}"
2690,18,0,0,0,-24.32670616,-4.270944514,-16.82252575,-5.134601588,0.306577191,1,0,1,1.8543341,"{""geodesic"":false,""type"":""Point"",""coordinates"":[114.45259863486422,30.747849955192425]}"
2691,22,0.41459227,0.04,1,-30.41120313,-17.86461118,-18.21147399,-11.66290771,0.0681882,2,0,1,1.8543341,"{""geodesic"":false,""type"":""Point"",""coordinates"":[113.75299069159193,30.36974905210652]}"
2692,23,0.36864406,-0.14191419,1,-31.19024204,-13.42710305,-25.28977398,-18.58392632,0.013855027,2,0,1,0,"{""geodesic"":false,""type"":""Point"",""coordinates"":[113.77401126924032,30.388344178487795]}"
2693,22,0,0,0,-21.56353696,-5.109514354,-15.45265992,-4.927800492,0.321528853,1,0,1,1.4227165,"{""geodesic"":false,""type"":""Point"",""coordinates"":[114.6539110900354,30.74973641728908]}"
2694,25,0,0,0,-27.65408027,-13.21288836,-17.34401981,-11.39422811,0.07253994,1,0,1,1.4220948,"{""geodesic"":false,""type"":""Point"",""coordinates"":[114.49868220893954,30.676433890104924]}"
2695,22,0,0,0,-31.25195241,-12.77454819,-22.78434085,-14.54428278,0.035121392,1,0,1,0,"{""geodesic"":false,""type"":""Point"",""coordinates"":[114.18606849006595,30.837052662905496]}"
2696,19,0,0,0,-25.16302581,-5.822001407,-16.52880497,-6.239957615,0.237686348,1,0,1,2.1412468,"{""geodesic"":false,""type"":""Point"",""coordinates"":[114.42645766009633,30.054709881965803]}"
2697,18,0,0,0,-23.32131903,-6.849251692,-18.01952214,-9.798208031,0.10475607,1,0,1,4.2935777,"{""geodesic"":false,""type"":""Point"",""coordinates"":[114.31973780434294,30.40666981028383]}"
2698,16,0,0,0,-25.39065999,-8.529028326,-19.74547292,-10.26400511,0.094102138,1,0,1,4.6273675,"{""geodesic"":false,""type"":""Point"",""coordinates"":[114.46499538578506,30.198889485066985]}"
2699,28,0,0,0,-19.04262124,-3.57406625,-12.35865388,-4.421764917,0.36126302,1,0,1,1.4221418,"{""geodesic"":false,""type"":""Point"",""coordinates"":[114.3202767935134,30.68182378180964]}"
2700,22,0.7633745,-0.569863,1,-28.1926301,-6.112867832,-20.61418073,-5.473661827,0.28355272,2,0,1,1.8543341,"{""geodesic"":false,""type"":""Point"",""coordinates"":[113.80257769527533,30.38726620014685]}"
2701,29,0.69957083,-0.20413436,1,-27.99561875,-13.01764088,-19.7531973,-7.838805607,0.164482402,2,0,1,2.3368585,"{""geodesic"":false,""type"":""Point"",""coordinates"":[113.82844917545796,30.20185392550458]}"
2702,20,0,0,0,-26.89290031,-6.450852593,-20.22076307,-4.526578369,0.352648599,1,0,1,2.8438833,"{""geodesic"":false,""type"":""Point"",""coordinates"":[114.72505766053766,30.761594179039456]}"
2703,25,0.76797384,-0.3221957,1,-25.84374896,-12.20405765,-24.95390492,-18.17535499,0.015221747,2,0,1,1.8543341,"{""geodesic"":false,""type"":""Point"",""coordinates"":[113.77967065553028,30.303722878723736]}"
2704,22,0,0,0,-21.25888181,-5.354883024,-13.12866409,-5.148786061,0.305577514,1,0,1,2.348081,"{""geodesic"":false,""type"":""Point"",""coordinates"":[114.19442282220827,30.755665298164267]}"
2705,16,0,0,0,-24.99368968,-3.998943833,-22.01745359,-6.615069647,0.218018343,1,0,1,0,"{""geodesic"":false,""type"":""Point"",""coordinates"":[114.47685314753544,30.14660753553123]}"
2706,26,0,0,0,-28.46283596,-11.26142655,-22.10962813,-8.850094626,0.130313838,1,0,1,2.3506885,"{""geodesic"":false,""type"":""Point"",""coordinates"":[114.21517390527143,30.882058258639884]}"
2707,23,0.45557123,-0.36935166,1,-25.82906664,-10.70611926,-18.78204642,-9.85768448,0.103331219,2,0,1,2.338349,"{""geodesic"":false,""type"":""Point"",""coordinates"":[114.14833924813293,30.276503925614914]}"
2708,24,0.8082976,-0.39748955,1,-29.27341407,-13.14082862,-25.56057937,-17.17540925,0.019162805,2,0,1,1.0741957,"{""geodesic"":false,""type"":""Point"",""coordinates"":[113.78128762304169,30.30776529750227]}"
2709,22,0,0,0,-20.65284163,-5.305013181,-14.57540228,-5.044064722,0.313035454,1,0,1,1.423407,"{""geodesic"":false,""type"":""Point"",""coordinates"":[114.53991488048062,30.83085428744507]}"
2710,23,0.5803642,-0.19240838,1,-27.07548904,-13.73157234,-15.97604484,-5.485522757,0.282779371,2,0,1,0.92740995,"{""geodesic"":false,""type"":""Point"",""coordinates"":[113.86887336324335,30.363011687475623]}"
2711,19,0,0,0,-22.68659122,-3.628657142,-18.22052627,-6.238908789,0.237743757,1,0,1,2.143261,"{""geodesic"":false,""type"":""Point"",""coordinates"":[114.50110766020667,30.423378474568455]}"
2712,16,0,0,0,-25.62885442,-3.5485568,-23.26861117,-12.09079512,0.061790326,1,0,1,2.8428433,"{""geodesic"":false,""type"":""Point"",""coordinates"":[114.71131343669063,30.70014941360568]}"
2713,20,0,0,0,-22.18625329,-6.712286154,-17.91140407,-13.38861857,0.045828764,1,0,1,2.9802148,"{""geodesic"":false,""type"":""Point"",""coordinates"":[114.53344701043497,30.3673236008394]}"
2714,21,0,0,0,-32.51806409,-15.80719567,-22.86658653,-12.37311823,0.057901282,1,0,1,3.236943,"{""geodesic"":false,""type"":""Point"",""coordinates"":[114.18687697382165,30.83085428744507]}"
2715,23,0.4522059,-0.4450262,1,-33.80788467,-13.92535607,-20.71374008,-6.343140652,0.232105769,2,0,1,2.3400466,"{""geodesic"":false,""type"":""Point"",""coordinates"":[114.01386145010024,30.360855730793737]}"
2716,17,0.86569875,-0.32957748,1,-37.41411532,-8.111603169,-25.91422935,-4.167954349,0.383005107,2,0,1,0,"{""geodesic"":false,""type"":""Point"",""coordinates"":[114.19630928430492,30.07815591088132]}"
2717,23,0,0,0,-26.35584968,-6.69766885,-16.61796721,-6.63219993,0.217160087,1,0,1,3.71303,"{""geodesic"":false,""type"":""Point"",""coordinates"":[114.53021307541214,30.292673600729064]}"
2718,26,0,0,0,-22.24731907,-4.1117313,-15.69239721,-4.551404187,0.350638485,1,0,1,2.1440942,"{""geodesic"":false,""type"":""Point"",""coordinates"":[114.57899159533983,30.573486958544827]}"
2719,29,0,0,0,-19.44940522,-4.76655373,-14.50532563,-5.141478832,0.306092097,1,0,1,3.3583446,"{""geodesic"":false,""type"":""Point"",""coordinates"":[114.63908888784742,30.572678474789118]}"
2720,20,0,0,0,-24.91966886,-6.230291769,-20.36282203,-10.02785034,0.099360774,1,0,1,1.4232885,"{""geodesic"":false,""type"":""Point"",""coordinates"":[114.78272950177814,30.816840569012804]}"
2721,17,0,0,0,-28.10233445,-11.34864944,-22.90186018,-10.6435263,0.086227813,1,0,1,2.3495574,"{""geodesic"":false,""type"":""Point"",""coordinates"":[114.63720242575077,30.827350857837004]}"
2722,20,0.7741935,-0.32398754,1,-31.23304222,-12.30676317,-23.27818509,-14.47416893,0.035693005,2,0,1,1.0749152,"{""geodesic"":false,""type"":""Point"",""coordinates"":[113.75622462661475,30.373252481714587]}"
2723,25,0.5422277,-0.33069307,1,-29.10646514,-12.58772455,-23.88274918,-16.51767372,0.022296291,2,0,1,1.4195337,"{""geodesic"":false,""type"":""Point"",""coordinates"":[113.97721018650816,30.371096525032698]}"
2724,20,0,0,0,-22.09087482,-7.752450708,-14.69895474,-5.807190033,0.262591701,1,0,1,2.9802182,"{""geodesic"":false,""type"":""Point"",""coordinates"":[114.44154935686954,30.368132084595103]}"
2725,25,0,0,0,-22.18752014,-7.84357357,-18.16432061,-6.556674767,0.220969597,1,0,1,2.9819772,"{""geodesic"":false,""type"":""Point"",""coordinates"":[114.18768545757736,30.807408258529552]}"
2726,30,0,0,0,-14.02192152,-3.867649393,-9.256328764,-4.213523755,0.379007343,1,0,1,4.281957,"{""geodesic"":false,""type"":""Point"",""coordinates"":[114.2308045912151,30.55165789714072]}"
2727,19,0.8741059,-0.34622824,1,-31.56366052,-10.73870295,-22.70614633,-8.081565271,0.155540494,2,0,1,0,"{""geodesic"":false,""type"":""Point"",""coordinates"":[113.80123022234915,30.312885694621755]}"
2728,29,0,0,0,-33.83975675,-21.4384289,-21.47077504,-14.57302399,0.034889729,1,0,1,2.8434641,"{""geodesic"":false,""type"":""Point"",""coordinates"":[114.34318383325845,30.737070171782992]}"
2729,19,0,0,0,-19.90340961,-5.735046223,-12.60155871,-4.983386911,0.31743975,1,0,1,1.423305,"{""geodesic"":false,""type"":""Point"",""coordinates"":[114.52293672161078,30.818996525694693]}"
2730,21,0.6469105,-0.21383648,1,-30.09083055,-9.849881018,-22.39437935,-17.28180146,0.018699063,2,0,1,2.147637,"{""geodesic"":false,""type"":""Point"",""coordinates"":[113.79341487937731,30.30776529750227]}"
2731,16,0,0,0,-25.24506131,-6.821499839,-24.25697806,-11.43328394,0.071890517,1,0,1,0,"{""geodesic"":false,""type"":""Point"",""coordinates"":[114.45906650490987,30.28378027941628]}"
2732,33,0,0,0,-17.21306917,-6.535266597,-8.208782382,-4.21185245,0.379153226,1,0,1,4.254281,"{""geodesic"":false,""type"":""Point"",""coordinates"":[114.40328112576604,30.476738402445154]}"
2733,22,0,0,0,-22.24545738,-3.776291626,-18.36162638,-9.436814818,0.113846195,1,0,1,1.4223818,"{""geodesic"":false,""type"":""Point"",""coordinates"":[114.06614339963599,30.710390207844643]}"
2734,19,0,0,0,-24.30402428,-6.347923801,-22.74747079,-14.0857442,0.039032429,1,0,1,0,"{""geodesic"":false,""type"":""Point"",""coordinates"":[114.25290314720444,30.171131542787695]}"
2735,25,0,0,0,-27.42083212,-12.07282805,-20.24393609,-11.51431863,0.070561554,1,0,1,3.3680115,"{""geodesic"":false,""type"":""Point"",""coordinates"":[114.16127498822425,30.873434431912337]}"
2736,20,0,0,0,-28.6134082,-8.701672536,-21.74141111,-7.193196399,0.190844813,1,0,1,0.92740995,"{""geodesic"":false,""type"":""Point"",""coordinates"":[114.81938076537021,30.738148150123937]}"
2737,22,0,0,0,-19.64529921,-3.523266263,-17.09094469,-5.470032345,0.283789789,1,0,1,2.1451023,"{""geodesic"":false,""type"":""Point"",""coordinates"":[114.83016054877965,30.753509341482378]}"
2738,19,0,0,0,-25.64311073,-6.93421788,-18.30076092,-6.478080077,0.225004908,1,0,1,4.245035,"{""geodesic"":false,""type"":""Point"",""coordinates"":[114.38765043982237,30.102679918137785]}"
2739,21,0,0,0,-26.67658844,-8.929744378,-21.36792668,-12.14589515,0.061011329,1,0,1,0,"{""geodesic"":false,""type"":""Point"",""coordinates"":[114.804289068597,30.7521618685562]}"
2740,24,0.6820208,-0.40305522,1,-22.99846124,-7.504913238,-12.0203759,-5.303019667,0.294915795,2,0,1,1.4192197,"{""geodesic"":false,""type"":""Point"",""coordinates"":[113.78425206347929,30.33336728309968]}"
2741,23,0.81127733,-0.69135803,1,-29.37120346,-9.55575551,-19.64877498,-4.699754687,0.338863296,2,0,1,0.92740995,"{""geodesic"":false,""type"":""Point"",""coordinates"":[113.77320278548461,30.350345441969537]}"
2742,22,0,0,0,-25.16017494,-7.967609274,-17.34455041,-4.014163452,0.396810956,1,0,1,1.8543341,"{""geodesic"":false,""type"":""Point"",""coordinates"":[114.25910152266486,30.05497937655104]}"
2743,23,0.7695167,-0.5411765,1,-29.72424924,-8.914833214,-19.77516566,-7.164533046,0.192108551,2,0,1,2.1484768,"{""geodesic"":false,""type"":""Point"",""coordinates"":[113.83491704550363,30.346033528605766]}"
2744,25,0,0,0,-24.73927022,-12.39735139,-15.98028795,-4.5755607,0.348693563,1,0,1,1.4221818,"{""geodesic"":false,""type"":""Point"",""coordinates"":[114.3135394288825,30.68667468434389]}"
2745,23,0.76744187,-0.52577317,1,-25.8713054,-11.92181274,-22.2744173,-12.03835482,0.062540956,2,0,1,2.8365066,"{""geodesic"":false,""type"":""Point"",""coordinates"":[113.7926063956216,30.32177901593454]}"
2746,20,0,0,0,-27.27219822,-10.10688599,-24.47221822,-10.13478543,0.096944117,1,0,1,2.159438,"{""geodesic"":false,""type"":""Point"",""coordinates"":[114.19630928430492,30.839747608757854]}"
2747,22,0,0,0,-24.20404302,-5.327947809,-18.0544471,-9.135820656,0.122016323,1,0,1,1.8543341,"{""geodesic"":false,""type"":""Point"",""coordinates"":[114.237541955846,30.014824683350895]}"
2748,24,0,0,0,-26.29261179,-6.095629867,-18.2776049,-5.959043503,0.253568703,1,0,1,1.0803746,"{""geodesic"":false,""type"":""Point"",""coordinates"":[114.63612444740983,30.86400212142908]}"
2749,19,0.6942857,-0.6313364,1,-32.74253827,-4.659535167,-26.81810286,-5.710846071,0.268482135,2,0,1,0.92740995,"{""geodesic"":false,""type"":""Point"",""coordinates"":[114.06237047544269,30.375408438396473]}"
2750,24,0.6484018,-0.50653344,1,-24.28079742,-4.997244353,-16.61602729,-7.368875804,0.183278879,2,0,1,3.512803,"{""geodesic"":false,""type"":""Point"",""coordinates"":[114.16262246115043,30.434158257977888]}"
2751,27,0,0,0,-29.05798168,-13.59611559,-18.69173229,-8.471179369,0.142194259,1,0,1,1.4220432,"{""geodesic"":false,""type"":""Point"",""coordinates"":[114.5148518840537,30.6702355146445]}"
2752,19,0.2489083,0.17523056,1,-26.69806898,-3.764603991,-19.51950744,-9.041207275,0.124703681,2,0,1,0,"{""geodesic"":false,""type"":""Point"",""coordinates"":[114.1955008005492,30.09863749935925]}"
2753,25,0,0,0,-24.68596862,-7.324569915,-16.34015541,-8.799033503,0.131855014,1,0,1,2.143881,"{""geodesic"":false,""type"":""Point"",""coordinates"":[114.56551686607803,30.535218727441336]}"
2754,29,0,0,0,-27.22744227,-9.826659982,-17.55270042,-7.466336038,0.179211715,1,0,1,0,"{""geodesic"":false,""type"":""Point"",""coordinates"":[114.18849394133306,30.88098028029894]}"
2755,25,0,0,0,-20.1735006,-4.102191214,-15.85617132,-5.544922417,0.278938049,1,0,1,3.3619277,"{""geodesic"":false,""type"":""Point"",""coordinates"":[114.41298293083454,30.684788222247235]}"
2756,24,0.69977427,-0.24937657,1,-24.29717877,-8.940120488,-17.36301303,-7.358840865,0.183702858,2,0,1,1.4171786,"{""geodesic"":false,""type"":""Point"",""coordinates"":[114.21328744317476,30.085971253853163]}"
2757,20,0,0,0,-34.54044359,-11.14933809,-21.66842217,-7.877813238,0.163011662,1,0,1,1.079285,"{""geodesic"":false,""type"":""Point"",""coordinates"":[114.24293184755071,30.766984070744172]}"
2758,25,0.8527005,-0.50526315,1,-29.84911581,-15.45352397,-25.00920642,-17.26888932,0.018754741,2,0,1,2.1425548,"{""geodesic"":false,""type"":""Point"",""coordinates"":[113.78074863387123,30.29509905199619]}"
2759,19,0,0,0,-16.89608854,-5.452568297,-6.95239974,-5.617625208,0.274307372,1,0,1,3.3518353,"{""geodesic"":false,""type"":""Point"",""coordinates"":[114.32108527726912,30.367862590009867]}"
2760,22,0.78494626,-0.6953317,1,-35.52982596,-11.50449838,-26.33121927,-18.84092755,0.01305892,2,0,1,4.748847,"{""geodesic"":false,""type"":""Point"",""coordinates"":[114.1871464684069,30.097559521018304]}"
2761,18,0.9307116,-0.5749674,1,-26.01528895,-8.917184302,-32.9274515,-25.14498111,0.003058454,2,0,1,0,"{""geodesic"":false,""type"":""Point"",""coordinates"":[114.18094809294647,30.089205188875994]}"
2762,20,0,0,0,-25.25354423,-9.934300387,-18.55753505,-8.227777631,0.150391135,1,0,1,2.347533,"{""geodesic"":false,""type"":""Point"",""coordinates"":[114.78838888806808,30.728985334225918]}"
2763,22,0,0,0,-20.87217481,-6.030867677,-18.82172928,-9.405189697,0.114678243,1,0,1,0.92740995,"{""geodesic"":false,""type"":""Point"",""coordinates"":[114.85279809393946,30.639782626512847]}"
2764,27,0.77112675,-0.83663946,1,-24.91408691,-6.788068437,-19.18501576,-11.16339636,0.076499811,2,0,1,3.514979,"{""geodesic"":false,""type"":""Point"",""coordinates"":[114.06937733465882,30.595316019948932]}"
2765,19,0,0,0,-25.2556539,-11.1168133,-20.96648178,-10.74771424,0.08418381,1,0,1,3.7047918,"{""geodesic"":false,""type"":""Point"",""coordinates"":[114.79539574728422,30.78989111048922]}"
2766,22,0.39911893,0.12829845,1,-31.66497413,-11.90022937,-20.01998102,-7.036135128,0.197872977,2,0,1,2.3411338,"{""geodesic"":false,""type"":""Point"",""coordinates"":[114.11384394122274,30.41475464784091]}"
2767,18,0,0,0,-24.94170016,-5.686095211,-17.05831087,-4.769218984,0.33348638,1,0,1,1.073676,"{""geodesic"":false,""type"":""Point"",""coordinates"":[114.4736192125126,30.26033425050076]}"
2768,22,0.7021823,-0.8789346,1,-27.62225123,-5.153337858,-20.90593511,-4.841623709,0.32797265,2,0,1,1.4194921,"{""geodesic"":false,""type"":""Point"",""coordinates"":[113.980444121531,30.365976127913218]}"
2769,24,0.71268237,-0.4801762,1,-26.30468697,-6.655398656,-22.25981486,-17.89621956,0.016232225,2,0,1,3.224122,"{""geodesic"":false,""type"":""Point"",""coordinates"":[114.1585800423719,30.446016019728265]}"
2770,20,0,0,0,-36.37526699,-11.17949789,-21.4012153,-9.906278652,0.102181467,1,0,1,2.3493512,"{""geodesic"":false,""type"":""Point"",""coordinates"":[114.18526000631024,30.81711006359804]}"
2771,23,0,0,0,-30.6225555,-6.462399833,-22.83556863,-5.668733219,0.271098228,1,0,1,2.3503897,"{""geodesic"":false,""type"":""Point"",""coordinates"":[114.21032300273717,30.867505551037148]}"
2772,25,0,0,0,-27.75887929,-11.32616184,-20.89189522,-8.982819618,0.12639155,1,0,1,1.4238341,"{""geodesic"":false,""type"":""Point"",""coordinates"":[114.16855134202562,30.880710785713703]}"
2773,21,0,0,0,-25.37552672,-7.73663178,-15.34588023,-5.454868954,0.284782373,1,0,1,4.911499,"{""geodesic"":false,""type"":""Point"",""coordinates"":[114.20574159478817,30.727907355884973]}"
2774,27,0,0,0,-21.94706632,-3.981978674,-17.1585785,-4.492895009,0.355394334,1,0,1,4.2843976,"{""geodesic"":false,""type"":""Point"",""coordinates"":[114.70107264245166,30.77048750035224]}"
2775,24,0.6368715,-0.21705426,1,-25.05694144,-11.57251425,-30.02372537,-21.94350468,0.006392188,2,0,1,2.3388898,"{""geodesic"":false,""type"":""Point"",""coordinates"":[113.7783231826041,30.3034533841385]}"
2776,25,0,0,0,-27.45434324,-4.072242763,-20.56259474,-4.711870923,0.337919231,1,0,1,0,"{""geodesic"":false,""type"":""Point"",""coordinates"":[114.19738726264586,30.818727031109457]}"
2777,22,0,0,0,-29.83319643,-10.74459407,-23.49102684,-12.20681406,0.060161491,1,0,1,1.4167333,"{""geodesic"":false,""type"":""Point"",""coordinates"":[114.2488607284259,30.031263853050284]}"
2778,17,0.6477404,-0.5,1,-27.54194475,-5.455898477,-21.95797198,-5.642030414,0.272770223,2,0,1,4.25015,"{""geodesic"":false,""type"":""Point"",""coordinates"":[114.14052390516109,30.31046024335463]}"
2779,17,0,0,0,-26.19958858,-6.840356765,-18.9588381,-5.51692859,0.280741839,1,0,1,2.3407636,"{""geodesic"":false,""type"":""Point"",""coordinates"":[114.57009827402705,30.39642901604487]}"
2780,19,0,0,0,-25.45524953,-8.642940184,-20.68708977,-12.39847171,0.057564247,1,0,1,4.7504215,"{""geodesic"":false,""type"":""Point"",""coordinates"":[114.81264340073932,30.734105731345398]}"
2781,23,0,0,0,-22.06003863,-7.905007819,-19.41118921,-12.15724881,0.060852037,1,0,1,0,"{""geodesic"":false,""type"":""Point"",""coordinates"":[114.3375244469685,30.644633529047095]}"
2782,54,0,0,0,-24.34921333,-4.374701893,-11.66354053,-7.183341423,0.191278368,1,0,1,1.4244435,"{""geodesic"":false,""type"":""Point"",""coordinates"":[114.9366109099478,30.95185735621597]}"
2783,23,0.7246892,-0.59001315,1,-25.55731752,-3.574553889,-17.05394756,-4.647742221,0.342946029,2,0,1,1.420654,"{""geodesic"":false,""type"":""Point"",""coordinates"":[113.89204989757363,30.505304828480156]}"
2784,19,0,0,0,-29.88632026,-5.874480491,-15.99652512,-5.545580044,0.278895814,1,0,1,0,"{""geodesic"":false,""type"":""Point"",""coordinates"":[114.25398112554538,30.172748510299108]}"
2785,18,0.94357365,-0.5179916,1,-26.45191111,-3.801103205,-24.13810135,-11.86030085,0.065158326,2,0,1,0,"{""geodesic"":false,""type"":""Point"",""coordinates"":[114.17286325538939,30.08947468346123]}"
2786,21,0.74152154,-0.63532764,1,-24.24452721,-9.75328529,-21.20485594,-15.31831331,0.029387908,2,0,1,0,"{""geodesic"":false,""type"":""Point"",""coordinates"":[113.84084592637882,30.484014756246523]}"
2787,23,0,0,0,-22.83743858,-8.547665719,-18.12430013,-7.371754217,0.183157446,1,0,1,1.4238768,"{""geodesic"":false,""type"":""Point"",""coordinates"":[114.80617553069365,30.885831182833186]}"
2788,20,0,0,0,-28.57368708,-11.6757939,-21.05800594,-13.20343543,0.047825163,1,0,1,1.0800213,"{""geodesic"":false,""type"":""Point"",""coordinates"":[114.1917278763559,30.832471254956484]}"
2789,15,0,0,0,-20.53137637,-6.101422752,-15.82907183,-8.494463041,0.141433958,1,0,1,1.8543341,"{""geodesic"":false,""type"":""Point"",""coordinates"":[114.53937589131016,30.43146331212553]}"
2790,19,0.74712646,-0.21077655,1,-27.45674203,-6.183747771,-25.59488451,-13.51136842,0.044551585,2,0,1,0,"{""geodesic"":false,""type"":""Point"",""coordinates"":[113.79853527649679,30.306956813746567]}"
2791,25,0,0,0,-24.27535049,-10.23897631,-22.05349714,-12.68498049,0.053889227,1,0,1,3.2322025,"{""geodesic"":false,""type"":""Point"",""coordinates"":[114.45637155905752,30.689369630196246]}"
2792,23,0,0,0,-25.95665465,-10.76195959,-19.55672068,-11.69405691,0.067700879,1,0,1,0,"{""geodesic"":false,""type"":""Point"",""coordinates"":[114.52482318370743,30.66565410669549]}"
2793,23,0,0,0,-21.56315782,-4.982614775,-15.65924673,-4.058229766,0.392805015,1,0,1,2.3473506,"{""geodesic"":false,""type"":""Point"",""coordinates"":[114.17448022290081,30.720092012913135]}"
2794,23,0.78640777,-0.35172415,1,-37.7165793,-21.31121854,-25.08092898,-17.91808041,0.016150723,2,0,1,2.9795074,"{""geodesic"":false,""type"":""Point"",""coordinates"":[113.82548473502037,30.187301217901844]}"
2795,24,0,0,0,-15.43040853,-4.900158972,-11.50127926,-5.186086148,0.30296425,1,0,1,1.4226527,"{""geodesic"":false,""type"":""Point"",""coordinates"":[113.96319646807589,30.742190568902473]}"
2796,16,0,0,0,-19.62006314,-4.307554605,-13.15127866,-4.661493475,0.341861861,1,0,1,0,"{""geodesic"":false,""type"":""Point"",""coordinates"":[114.45987498866558,30.336062228952038]}"
2797,26,0.86598814,-0.72843724,1,-20.45363421,-4.072835667,-16.83018134,-4.367720387,0.365786743,2,0,1,4.25026,"{""geodesic"":false,""type"":""Point"",""coordinates"":[114.12920513258118,30.31504165130364]}"
2798,22,0,0,0,-28.82215099,-13.80550415,-20.76520193,-16.0714007,0.024709271,1,0,1,2.1451743,"{""geodesic"":false,""type"":""Point"",""coordinates"":[114.19280585469684,30.7664450815737]}"
2799,20,0.46697566,-0.008333334,1,-27.30226359,-6.41251944,-18.9476533,-8.036922239,0.157147608,2,0,1,0,"{""geodesic"":false,""type"":""Point"",""coordinates"":[114.14321885101344,30.30938226501369]}"
2800,22,0.29266986,-0.25098258,1,-18.94990383,-3.982447556,-16.9821367,-8.491123107,0.14154277,2,0,1,2.3380983,"{""geodesic"":false,""type"":""Point"",""coordinates"":[113.78128762304169,30.26383768010883]}"
2801,24,0.76771003,-0.357016,1,-28.66040546,-8.917404235,-20.98091482,-8.034037754,0.157252017,2,0,1,0,"{""geodesic"":false,""type"":""Point"",""coordinates"":[113.9136094643925,30.358969268697084]}"
2802,27,0,0,0,-26.89795198,-10.41587335,-22.19505858,-10.17189348,0.096119312,1,0,1,2.1448383,"{""geodesic"":false,""type"":""Point"",""coordinates"":[114.35989249754307,30.70661728365134]}"
2803,46,0,0,0,-20.32786193,-3.630853574,-10.41846438,-4.438419038,0.359880319,1,0,1,3.5121915,"{""geodesic"":false,""type"":""Point"",""coordinates"":[114.28389502450656,30.388613673073028]}"
2804,25,0.47096774,-0.2955224,1,-25.01048996,-4.348516903,-21.24324039,-4.996119003,0.316510484,2,0,1,3.2161396,"{""geodesic"":false,""type"":""Point"",""coordinates"":[113.81174051117334,30.202662409260288]}"
2805,26,0,0,0,-30.30572508,-11.50101407,-21.36435319,-8.720726179,0.134254046,1,0,1,1.4237343,"{""geodesic"":false,""type"":""Point"",""coordinates"":[114.1623529665652,30.86912251854856]}"
2806,20,0,0,0,-26.804288,-10.3759034,-18.64252071,-5.935863775,0.254925701,1,0,1,4.262988,"{""geodesic"":false,""type"":""Point"",""coordinates"":[114.6366634365803,30.821960966132288]}"
2807,20,0.4450736,-0.1336554,1,-30.43994734,-11.98926678,-22.68095499,-10.06831564,0.098439282,2,0,1,2.979918,"{""geodesic"":false,""type"":""Point"",""coordinates"":[113.80635061946863,30.29186511697336]}"
2808,21,0.28960395,-0.035714287,1,-29.63915174,-16.84897689,-25.09363288,-15.54397029,0.027899921,2,0,1,2.1429973,"{""geodesic"":false,""type"":""Point"",""coordinates"":[113.78937246059877,30.37567793298171]}"
2809,22,0.5771096,-0.68154764,1,-26.60224667,-7.327252579,-23.64345856,-7.258222515,0.188008614,2,0,1,1.4186603,"{""geodesic"":false,""type"":""Point"",""coordinates"":[113.80042173859344,30.265724142205478]}"
2810,23,0,0,0,-27.25403133,-8.012890795,-20.64818004,-8.008748467,0.158170378,1,0,1,2.8345895,"{""geodesic"":false,""type"":""Point"",""coordinates"":[114.37309773221963,30.205626849697882]}"
2811,15,0,0,0,-26.51734364,-11.74486455,-18.94393586,-11.23633401,0.075225763,1,0,1,0,"{""geodesic"":false,""type"":""Point"",""coordinates"":[114.56012697437332,30.755126308993795]}"
2812,25,0.7746479,-0.617214,1,-26.3750509,-9.499312407,-17.9651254,-7.167246468,0.191988561,2,0,1,2.3419373,"{""geodesic"":false,""type"":""Point"",""coordinates"":[114.18633798465119,30.45437035187058]}"
2813,21,0,0,0,-27.02084967,-6.543488826,-22.68090512,-11.51538624,0.07054421,1,0,1,0,"{""geodesic"":false,""type"":""Point"",""coordinates"":[114.18013960919076,30.765906092403227]}"
2814,21,0,0,0,-23.96978621,-8.680447034,-14.87518603,-4.462208844,0.357914354,1,0,1,1.4222829,"{""geodesic"":false,""type"":""Point"",""coordinates"":[114.38899791274855,30.698532446094266]}"
2815,24,0.3281344,-0.0841617,1,-21.83001427,-4.510296138,-10.40578991,-4.732829381,0.336292407,2,0,1,1.4200916,"{""geodesic"":false,""type"":""Point"",""coordinates"":[113.77670621509269,30.43793118217119]}"
2816,18,0,0,0,-23.29173608,-6.192026251,-14.54968447,-6.091632583,0.245944289,1,0,1,2.9816377,"{""geodesic"":false,""type"":""Point"",""coordinates"":[114.73017805765714,30.723595442521198]}"
2817,23,0,0,0,-20.52610268,-7.368447126,-14.02155189,-6.669165206,0.215319558,1,0,1,2.1446452,"{""geodesic"":false,""type"":""Point"",""coordinates"":[114.47119376124549,30.67212197674115]}"
2818,22,0,0,0,-26.76898,-8.449592539,-18.40609053,-7.828169297,0.16488573,1,0,1,3.5176618,"{""geodesic"":false,""type"":""Point"",""coordinates"":[114.19765675723109,30.792047067171108]}"
2819,31,0,0,0,-18.36910551,-4.267858092,-11.36683086,-4.154786513,0.384168143,1,0,1,1.8543341,"{""geodesic"":false,""type"":""Point"",""coordinates"":[114.4404713785286,31.02327342130347]}"
2820,24,0.80921054,-0.45042494,1,-30.80229699,-8.578930925,-23.34772529,-15.07617075,0.031072981,2,0,1,0.92740995,"{""geodesic"":false,""type"":""Point"",""coordinates"":[113.83141361589556,30.290787138632414]}"
2821,22,0.9153318,-0.4750499,1,-29.06758483,-13.33099187,-22.55307879,-14.49686351,0.035506973,2,0,1,0,"{""geodesic"":false,""type"":""Point"",""coordinates"":[113.78640802016118,30.339026669389632]}"
2822,21,0.7249284,-0.13028765,1,-47.47044331,-29.60618616,-25.37432548,-13.95772017,0.040200179,2,0,1,1.8543341,"{""geodesic"":false,""type"":""Point"",""coordinates"":[113.80284718986056,30.316119629644586]}"
2823,24,0.42444444,-0.016051365,1,-25.51260723,-7.454439843,-23.68409117,-14.14826095,0.038474582,2,0,1,2.8356338,"{""geodesic"":false,""type"":""Point"",""coordinates"":[113.80742859780958,30.26895807722831]}"
2824,21,0,0,0,-21.99079572,-9.873960683,-13.19733745,-7.256672182,0.188075741,1,0,1,2.3453715,"{""geodesic"":false,""type"":""Point"",""coordinates"":[114.66199592759247,30.623343456813462]}"
2825,29,0,0,0,-9.313582253,-5.361410278,-5.49390328,-6.613084902,0.218118001,1,0,1,4.7500896,"{""geodesic"":false,""type"":""Point"",""coordinates"":[114.24185386920978,30.60205338457983]}"
2826,26,0.7916667,-0.56020945,1,-26.50683923,-14.2383029,-21.3419749,-14.86198124,0.032643888,2,0,1,0,"{""geodesic"":false,""type"":""Point"",""coordinates"":[114.10764556576231,30.309651759598925]}"
2827,24,0.41288432,0.0641918,1,-25.4125134,-6.713715379,-17.56159348,-8.205912709,0.151150201,2,0,1,3.5101407,"{""geodesic"":false,""type"":""Point"",""coordinates"":[114.1698988149518,30.23500175948859]}"
2828,25,0,0,0,-33.78045374,-13.62345514,-20.54993814,-8.823989421,0.131099507,1,0,1,1.0802494,"{""geodesic"":false,""type"":""Point"",""coordinates"":[114.1707072987075,30.852683348849176]}"
2829,24,0.8566929,-0.66026586,1,-26.09918425,-10.42250795,-21.61667769,-9.078602074,0.123634533,2,0,1,3.717197,"{""geodesic"":false,""type"":""Point"",""coordinates"":[114.20142968142439,30.43927865509737]}"
2830,52,0,0,0,-21.46844683,-5.313178651,-15.05840336,-5.488592685,0.282579551,1,0,1,2.1470063,"{""geodesic"":false,""type"":""Point"",""coordinates"":[114.49275332806435,31.088491110930548]}"
2831,21,0,0,0,-24.07468576,-7.706452152,-21.14260978,-13.26431646,0.047159409,1,0,1,1.0792788,"{""geodesic"":false,""type"":""Point"",""coordinates"":[114.83608942965483,30.7664450815737]}"
2832,20,0.31229237,-0.30024815,1,-27.98704768,-7.587387458,-22.05112477,-11.1234061,0.077207482,2,0,1,0,"{""geodesic"":false,""type"":""Point"",""coordinates"":[114.13405603511544,30.301027932871378]}"
2833,23,0.61882895,-0.2535211,1,-30.85118141,-9.583256756,-24.64985378,-14.17984463,0.038195794,2,0,1,0,"{""geodesic"":false,""type"":""Point"",""coordinates"":[113.78748599850212,30.297255008678075]}"
2834,27,0,0,0,-13.47291711,-4.85175824,-3.760953476,-6.450456541,0.226440625,1,0,1,0.92740995,"{""geodesic"":false,""type"":""Point"",""coordinates"":[114.5938137975278,30.512581182281522]}"
2835,17,0,0,0,-24.7811984,-8.419046718,-22.84569745,-15.87560222,0.025848764,1,0,1,0,"{""geodesic"":false,""type"":""Point"",""coordinates"":[114.26287444685816,30.098368004774013]}"
2836,21,0,0,0,-13.72298806,-5.539902732,-6.809439508,-6.09268453,0.245884723,1,0,1,1.0778632,"{""geodesic"":false,""type"":""Point"",""coordinates"":[114.2119399702486,30.639782626512847]}"
2837,24,0,0,0,-27.80403049,-9.484365877,-21.48330197,-9.257752017,0.118638268,1,0,1,1.0792975,"{""geodesic"":false,""type"":""Point"",""coordinates"":[114.19334484386732,30.768062049085117]}"
2838,29,0,0,0,-25.97302948,-8.271824198,-20.72968635,-10.42144701,0.090751811,1,0,1,4.28331,"{""geodesic"":false,""type"":""Point"",""coordinates"":[114.51134845444562,30.673199955082094]}"
2839,23,0,0,0,-28.03210795,-7.743187106,-21.44226836,-7.903768616,0.162040337,1,0,1,1.4183366,"{""geodesic"":false,""type"":""Point"",""coordinates"":[114.22810964536274,30.22664742734628]}"
2840,21,0,0,0,-30.27193555,-7.902324166,-21.70856295,-9.31577413,0.117063792,1,0,1,3.8559468,"{""geodesic"":false,""type"":""Point"",""coordinates"":[114.45421560237563,30.108608799012973]}"
2841,19,0,0,0,-27.57816582,-8.168766408,-19.96478224,-5.343989412,0.29214675,1,0,1,1.4223677,"{""geodesic"":false,""type"":""Point"",""coordinates"":[114.73502896019139,30.70850374574799]}"
2842,20,0.3250704,-0.081946224,1,-26.41720358,-8.27744437,-18.30187312,-7.495397941,0.178016479,2,0,1,0,"{""geodesic"":false,""type"":""Point"",""coordinates"":[114.08177408557967,30.438200676756427]}"
2843,32,0,0,0,-12.19697901,-3.520539859,-7.832698563,-5.626056023,0.273775385,1,0,1,3.722325,"{""geodesic"":false,""type"":""Point"",""coordinates"":[114.3631264325659,30.617684070523506]}"
2844,20,0.58786345,-0.26333907,1,-28.83131519,-4.225554893,-21.30736416,-5.380943029,0.289671453,2,0,1,3.8567057,"{""geodesic"":false,""type"":""Point"",""coordinates"":[114.06156199168699,30.359777752452793]}"
2845,25,0.83128583,-0.5613161,1,-27.88400587,-5.678361833,-21.21659032,-12.71325007,0.053539584,2,0,1,1.4195198,"{""geodesic"":false,""type"":""Point"",""coordinates"":[113.92924015033617,30.369479557521284]}"
2846,26,0.8949243,-0.71602786,1,-28.31837505,-11.53238882,-24.22687824,-14.99320295,0.031672308,2,0,1,3.511173,"{""geodesic"":false,""type"":""Point"",""coordinates"":[114.12866614341071,30.31261620003652]}"
2847,17,0.94736844,-0.74081635,1,-27.10658423,-7.783640044,-24.64059884,-12.46864136,0.056641646,2,0,1,1.4172856,"{""geodesic"":false,""type"":""Point"",""coordinates"":[114.16181397739471,30.098906993944485]}"
2848,29,0,0,0,-35.91253462,-26.16063436,-17.65811924,-14.60127267,0.034663526,1,0,1,2.3476017,"{""geodesic"":false,""type"":""Point"",""coordinates"":[114.34480080076987,30.732219269248745]}"
2849,23,0.92,-0.6449123,1,-27.13123358,-13.83869864,-21.13207003,-14.01690985,0.03965601,2,0,1,0.92740995,"{""geodesic"":false,""type"":""Point"",""coordinates"":[113.92142480736433,30.297255008678075]}"
2850,21,0,0,0,-26.41258051,-10.16229796,-21.27980214,-10.11379131,0.097413886,1,0,1,1.4229455,"{""geodesic"":false,""type"":""Point"",""coordinates"":[114.80644502527889,30.776685875812664]}"
2851,23,0.7114673,-0.7135417,1,-36.27030011,-16.36571549,-21.59387209,-6.989163197,0.200024724,2,0,1,2.341701,"{""geodesic"":false,""type"":""Point"",""coordinates"":[114.14564430228057,30.44278208470544]}"
2852,23,0.7765517,-0.3019608,1,-31.69074446,-11.63596129,-26.31389732,-19.57708249,0.011022796,2,0,1,0.92740995,"{""geodesic"":false,""type"":""Point"",""coordinates"":[113.80096072776391,30.29186511697336]}"
2853,20,0,0,0,-24.20825015,-5.190358603,-18.02602091,-5.014139095,0.315199914,1,0,1,4.6273675,"{""geodesic"":false,""type"":""Point"",""coordinates"":[114.24293184755071,30.316658618815055]}"
2854,22,0.816,-0.34751773,1,-30.48823915,-8.994178043,-20.35402575,-11.46632318,0.07134568,2,0,1,1.0741014,"{""geodesic"":false,""type"":""Point"",""coordinates"":[113.8203643379009,30.299141470774725]}"
2855,25,0.77196807,-0.7220709,1,-23.94819931,-9.084099846,-20.26043912,-9.367653364,0.11567371,2,0,1,2.3446345,"{""geodesic"":false,""type"":""Point"",""coordinates"":[114.19765675723109,30.587231182391857]}"
2856,27,0.9003891,-0.72944695,1,-23.34728598,-5.344745704,-21.52164656,-15.2863018,0.029605324,2,0,1,0,"{""geodesic"":false,""type"":""Point"",""coordinates"":[114.1841820279693,30.41125121823284]}"
2857,24,0.71845794,-0.5587918,1,-26.8035977,-13.62207896,-20.32753873,-6.990209701,0.199976531,2,0,1,2.143416,"{""geodesic"":false,""type"":""Point"",""coordinates"":[114.18526000631024,30.451405911432985]}"
2858,35,0,0,0,-10.31309551,-4.886965368,-8.690283063,-7.191192212,0.190932904,1,0,1,3.3579457,"{""geodesic"":false,""type"":""Point"",""coordinates"":[114.33590747945709,30.560281723868272]}"
2859,23,0,0,0,-29.12594462,-12.14766377,-18.22039498,-13.16044235,0.04830096,1,0,1,1.080528,"{""geodesic"":false,""type"":""Point"",""coordinates"":[114.16747336368468,30.877476850690872]}"
2860,19,0.77080065,-0.44072947,1,-29.83510455,-5.341517138,-25.22204578,-6.723212068,0.212656564,2,0,1,0,"{""geodesic"":false,""type"":""Point"",""coordinates"":[114.21679087278284,30.236079737829535]}"
2861,23,0.6830892,-0.24324325,1,-28.18102616,-11.74048474,-25.41491247,-19.81212772,0.010442085,2,0,1,0.92740995,"{""geodesic"":false,""type"":""Point"",""coordinates"":[113.79422336313301,30.30264490038279]}"
2862,21,0,0,0,-21.6183154,-3.740037427,-15.42672626,-5.643388447,0.272684941,1,0,1,1.4227093,"{""geodesic"":false,""type"":""Point"",""coordinates"":[114.83555044048437,30.74892793353337]}"
2863,22,0,0,0,-22.62372856,-4.393789818,-19.18358648,-9.456781348,0.113323992,1,0,1,0.92740995,"{""geodesic"":false,""type"":""Point"",""coordinates"":[114.43427300306817,30.335523239781566]}"
2864,23,0.61750406,-0.22814499,1,-26.79177948,-11.31164862,-21.83250167,-17.99515236,0.015866633,2,0,1,1.0746802,"{""geodesic"":false,""type"":""Point"",""coordinates"":[113.80850657615052,30.351962409480954]}"
2865,17,0,0,0,-25.8328541,-6.073902023,-23.22386554,-13.56242946,0.044030848,1,0,1,2.1419418,"{""geodesic"":false,""type"":""Point"",""coordinates"":[114.36097047588402,30.182719809952836]}"
2866,21,0.8592965,-0.8395722,1,-31.96090907,-13.6230107,-28.55532241,-20.55469062,0.008800978,2,0,1,0,"{""geodesic"":false,""type"":""Point"",""coordinates"":[113.84165441013452,30.481858799564638]}"
2867,23,0,0,0,-30.79152903,-9.058167905,-25.14520295,-10.09718447,0.097787097,1,0,1,2.145632,"{""geodesic"":false,""type"":""Point"",""coordinates"":[114.17178527704844,30.847562951729692]}"
2868,18,0,0,0,-26.58154164,-6.282342027,-19.59221992,-9.111208241,0.12270978,1,0,1,3.51615,"{""geodesic"":false,""type"":""Point"",""coordinates"":[114.39142336401567,30.68128479263917]}"
2869,19,0,0,0,-25.08984872,-9.118163157,-22.3220704,-13.78969329,0.041785988,1,0,1,0,"{""geodesic"":false,""type"":""Point"",""coordinates"":[114.23619448291981,30.23500175948859]}"
2870,21,0,0,0,-14.15539176,-5.039040923,-8.576903776,-5.933502999,0.255064314,1,0,1,4.3018804,"{""geodesic"":false,""type"":""Point"",""coordinates"":[114.36097047588402,30.595316019948932]}"
2871,19,0.57655954,-0.22,1,-32.97284467,-4.497908301,-26.16078343,-7.695856174,0.169986481,2,0,1,0,"{""geodesic"":false,""type"":""Point"",""coordinates"":[114.1955008005492,30.225569449005338]}"
2872,19,0.22955975,0.29234973,1,-28.35834372,-8.054329602,-23.78615324,-10.19320043,0.095648895,2,0,1,0,"{""geodesic"":false,""type"":""Point"",""coordinates"":[114.21167047566335,30.131246344172787]}"
2873,18,0,0,0,-29.44967513,-10.15644044,-15.63583809,-5.368393856,0.290509684,1,0,1,3.219117,"{""geodesic"":false,""type"":""Point"",""coordinates"":[114.57548816573176,30.294021073655244]}"
2874,20,0.66565347,-0.33802816,1,-26.44129711,-8.019358079,-22.42555376,-8.023380782,0.157638365,2,0,1,0.92740995,"{""geodesic"":false,""type"":""Point"",""coordinates"":[114.20385513269152,30.191882625850855]}"
2875,18,0,0,0,-20.62135888,-3.879870995,-19.29787591,-11.03036575,0.078879369,1,0,1,2.3399348,"{""geodesic"":false,""type"":""Point"",""coordinates"":[114.45718004281322,30.355196344503785]}"
2876,27,0.68085104,-0.2761578,1,-36.3924928,-19.17565523,-26.60974502,-19.57014611,0.011040415,2,0,1,0.92740995,"{""geodesic"":false,""type"":""Point"",""coordinates"":[113.78317408513834,30.305070351649913]}"
2877,25,0.7295435,-0.50901806,1,-29.50458782,-17.03847443,-22.62612934,-16.25687151,0.023676246,2,0,1,0,"{""geodesic"":false,""type"":""Point"",""coordinates"":[114.12354574629123,30.308304286672744]}"
2878,15,0,0,0,-26.42220291,-8.055978767,-21.24683763,-11.21624281,0.075574576,1,0,1,0,"{""geodesic"":false,""type"":""Point"",""coordinates"":[114.56848130651562,30.36651511708369]}"
2879,41,0,0,0,-19.95919788,-5.604495441,-16.2309798,-6.892518859,0.204525807,1,0,1,4.4126196,"{""geodesic"":false,""type"":""Point"",""coordinates"":[114.31057498844491,30.88556168824795]}"
2880,19,0.83921015,-0.34953272,1,-36.3291068,-16.08969401,-21.26876746,-11.140823,0.07689847,2,0,1,0,"{""geodesic"":false,""type"":""Point"",""coordinates"":[113.81713040287806,30.31261620003652]}"
2881,25,0.23411663,0.22852233,1,-24.61332327,-8.895094238,-21.1219517,-19.67666779,0.010772915,2,0,1,3.7047918,"{""geodesic"":false,""type"":""Point"",""coordinates"":[113.80635061946863,30.354387860748076]}"
2882,21,0,0,0,-23.70646059,-8.900494433,-15.85794536,-7.57593603,0.174745659,1,0,1,0.92740995,"{""geodesic"":false,""type"":""Point"",""coordinates"":[114.49733473601336,30.35816078494138]}"
2883,20,0,0,0,-27.06879202,-9.064406181,-18.94797265,-10.11924722,0.097291585,1,0,1,2.7802885,"{""geodesic"":false,""type"":""Point"",""coordinates"":[114.17286325538939,30.827889847007476]}"
2884,21,0,0,0,-24.32157937,-8.528773022,-20.13979086,-12.3791272,0.057821224,1,0,1,0.92740995,"{""geodesic"":false,""type"":""Point"",""coordinates"":[114.63208202863129,30.824655911984646]}"
2885,19,0,0,0,-27.80141408,-8.501852497,-20.7976016,-12.55298592,0.055552219,1,0,1,2.1422226,"{""geodesic"":false,""type"":""Point"",""coordinates"":[114.4442443027219,30.05875230074434]}"
2886,23,0,0,0,-7.551837251,-4.257700228,-4.314338159,-4.360179128,0.366422461,1,0,1,3.7047918,"{""geodesic"":false,""type"":""Point"",""coordinates"":[114.35288563832694,30.587770171562326]}"
2887,28,0,0,0,-23.89780181,-8.762592974,-19.64218118,-12.00742761,0.062987916,1,0,1,0,"{""geodesic"":false,""type"":""Point"",""coordinates"":[114.77329719129487,30.983388222688564]}"
2888,23,0,0,0,-23.41195619,-9.11915735,-18.62931464,-11.72508023,0.067218989,1,0,1,3.219982,"{""geodesic"":false,""type"":""Point"",""coordinates"":[114.50164664937714,30.32016204842312]}"
2889,17,0,0,0,-36.98958919,-19.59966083,-21.24397765,-9.264070691,0.118465783,1,0,1,2.3376532,"{""geodesic"":false,""type"":""Point"",""coordinates"":[114.45448509696087,30.241739124119487]}"
2890,25,0.8802661,-0.5814917,1,-24.29422903,-6.009098485,-21.72422527,-11.53448544,0.070234655,2,0,1,2.3376477,"{""geodesic"":false,""type"":""Point"",""coordinates"":[114.0631789591984,30.24146962953425]}"
2891,27,0,0,0,-18.54995977,-5.094976195,-15.89154538,-10.2258418,0.094932697,1,0,1,0,"{""geodesic"":false,""type"":""Point"",""coordinates"":[113.89501433801122,30.7273683667145]}"
2892,21,0,0,0,-26.37831112,-5.835759335,-20.11779881,-9.821474781,0.104196354,1,0,1,0,"{""geodesic"":false,""type"":""Point"",""coordinates"":[114.81695531410308,30.74111259056153]}"
2893,24,0.87905604,-0.9879154,1,-30.11144842,-15.6630342,-21.75608491,-13.33415229,0.046407136,2,0,1,2.1429653,"{""geodesic"":false,""type"":""Point"",""coordinates"":[113.78263509596788,30.36974905210652]}"
2894,31,0,0,0,-16.9353918,-3.962889688,-13.30495383,-6.454764069,0.226216143,1,0,1,0.92740995,"{""geodesic"":false,""type"":""Point"",""coordinates"":[114.2458962879883,30.538452662464167]}"
2895,30,0,0,0,-32.64614625,-13.29660154,-17.25721092,-5.655518369,0.27192439,1,0,1,3.7047918,"{""geodesic"":false,""type"":""Point"",""coordinates"":[114.15696307486047,30.88825663410031]}"
2896,22,0.40364334,-0.020512821,1,-20.68784318,-4.634164187,-17.13032304,-8.733716713,0.133853068,2,0,1,4.7494745,"{""geodesic"":false,""type"":""Point"",""coordinates"":[113.76161451831948,30.35411836616284]}"
2897,16,0,0,0,-28.51964449,-6.570470755,-24.72874681,-14.16147779,0.03835767,1,0,1,0,"{""geodesic"":false,""type"":""Point"",""coordinates"":[114.36474340007732,30.188648690828025]}"
2898,21,0,0,0,-27.42106775,-13.31303216,-17.63690817,-9.283924995,0.117925439,1,0,1,2.9789946,"{""geodesic"":false,""type"":""Point"",""coordinates"":[114.24670477174402,30.05551836572151]}"
2899,25,0,0,0,-29.24852302,-13.00469225,-18.78895194,-13.30997688,0.046666186,1,0,1,1.0782596,"{""geodesic"":false,""type"":""Point"",""coordinates"":[114.50541957357044,30.67535591176398]}"
2900,21,0,0,0,-29.56635239,-11.14338361,-14.43959198,-6.741755827,0.211750487,1,0,1,0.92740995,"{""geodesic"":false,""type"":""Point"",""coordinates"":[114.18283455504312,30.70796475657752]}"
2901,28,0,0,0,-36.73700243,-21.203098,-17.7948983,-8.167856801,0.152480504,1,0,1,1.0803182,"{""geodesic"":false,""type"":""Point"",""coordinates"":[114.2119399702486,30.858881724309597]}"
2902,22,0.67870486,-0.32019705,1,-28.29960122,-9.933823799,-22.06269616,-11.90321644,0.064517623,2,0,1,2.3388007,"{""geodesic"":false,""type"":""Point"",""coordinates"":[113.78694700933164,30.29887197618949]}"
2903,22,0.9053729,-0.61662424,1,-27.10543942,-11.12553198,-22.57509186,-15.92428137,0.025560648,2,0,1,2.7802885,"{""geodesic"":false,""type"":""Point"",""coordinates"":[113.75622462661475,30.373791470885056]}"
2904,18,0,0,0,-25.64071642,-10.85734429,-10.96047865,-4.936451887,0.320888986,1,0,1,3.5126724,"{""geodesic"":false,""type"":""Point"",""coordinates"":[114.5148518840537,30.4244564529094]}"
2905,15,0,0,0,-22.4271562,-6.559388147,-16.58229704,-8.335879625,0.146693894,1,0,1,0,"{""geodesic"":false,""type"":""Point"",""coordinates"":[114.56120495271426,30.757551760260917]}"
2906,19,0,0,0,-27.96799745,-5.578215717,-19.18094255,-5.866701343,0.259017952,1,0,1,1.8543341,"{""geodesic"":false,""type"":""Point"",""coordinates"":[114.25586758764203,30.14013966548557]}"
2907,22,0.7157464,-0.39044943,1,-25.63464851,-5.869991106,-27.90727392,-16.72326078,0.021265418,2,0,1,0.92740995,"{""geodesic"":false,""type"":""Point"",""coordinates"":[114.20439412186198,30.19161313126562]}"
2908,23,0.8373121,-0.5285024,1,-30.49555753,-12.85934083,-19.94521205,-9.110638016,0.122725892,2,0,1,0.92740995,"{""geodesic"":false,""type"":""Point"",""coordinates"":[113.88962444630651,30.35088443114001]}"
2909,21,0,0,0,-28.13540606,-6.19563404,-19.92370788,-6.437313962,0.227126916,1,0,1,3.3572373,"{""geodesic"":false,""type"":""Point"",""coordinates"":[114.57252372529416,30.53818316787893]}"
2910,15,0,0,0,-27.43294596,-6.628422709,-18.76562886,-5.700617952,0.269115186,1,0,1,2.349374,"{""geodesic"":false,""type"":""Point"",""coordinates"":[114.53614195628732,30.81845753652422]}"
2911,22,0,0,0,-29.75006311,-11.93865716,-21.40769176,-7.139080757,0.193237729,1,0,1,2.7802885,"{""geodesic"":false,""type"":""Point"",""coordinates"":[114.18283455504312,30.84513750046257]}"
2912,22,0,0,0,-26.46389695,-12.858387,-16.42007601,-7.954970965,0.160141135,1,0,1,2.9811308,"{""geodesic"":false,""type"":""Point"",""coordinates"":[114.58195603577742,30.597471976630818]}"
2913,22,0,0,0,-28.05012076,-6.560045079,-20.65818263,-6.53419009,0.222116587,1,0,1,3.367112,"{""geodesic"":false,""type"":""Point"",""coordinates"":[114.1887634359183,30.845676489633043]}"
2914,28,0.90125275,-0.66972476,1,-29.00785395,-12.79810199,-20.69839081,-6.850461041,0.206516091,2,0,1,2.1466227,"{""geodesic"":false,""type"":""Point"",""coordinates"":[113.88692950045414,30.261412228841706]}"
2915,21,0,0,0,-28.61494823,-9.487637468,-19.38272338,-5.576680994,0.276905703,1,0,1,0,"{""geodesic"":false,""type"":""Point"",""coordinates"":[114.19630928430492,30.840825587098795]}"
2916,23,0.8547486,-0.49510762,1,-35.28565969,-20.78294194,-25.26968677,-18.23930667,0.014999243,2,0,1,1.4190882,"{""geodesic"":false,""type"":""Point"",""coordinates"":[113.7926063956216,30.317467102570763]}"
2917,22,0,0,0,-19.39317283,-7.713200319,-10.32361347,-7.400540646,0.181947434,1,0,1,3.3617852,"{""geodesic"":false,""type"":""Point"",""coordinates"":[114.44828672150044,30.680206814298227]}"
2918,32,0,0,0,-34.77769867,-17.67058921,-19.22841562,-10.04181948,0.099041692,1,0,1,3.2410681,"{""geodesic"":false,""type"":""Point"",""coordinates"":[114.29197986206364,30.952935334556912]}"
2919,16,0,0,0,-29.17650105,-4.858089752,-25.64971296,-8.771761238,0.132685626,1,0,1,0,"{""geodesic"":false,""type"":""Point"",""coordinates"":[114.37094177553774,30.191074142095147]}"
2920,26,0,0,0,-21.46596579,-5.216399544,-14.32175398,-5.387420737,0.289239716,1,0,1,0.92740995,"{""geodesic"":false,""type"":""Point"",""coordinates"":[114.51808581907652,30.671313492985444]}"
2921,21,0.84160304,-0.3740113,1,-27.29897914,-3.867138369,-22.83531494,-8.057180696,0.156416272,2,0,1,2.980193,"{""geodesic"":false,""type"":""Point"",""coordinates"":[113.9114535077106,30.361664214549442]}"
2922,19,0.665529,-0.23836389,1,-25.96234378,-3.805099161,-21.54202751,-5.914415816,0.256187785,2,0,1,0,"{""geodesic"":false,""type"":""Point"",""coordinates"":[113.80850657615052,30.304261867894205]}"
2923,22,0.8282051,-0.6496063,1,-25.42078297,-6.365454928,-23.01055811,-14.18839279,0.038120687,2,0,1,0.92740995,"{""geodesic"":false,""type"":""Point"",""coordinates"":[113.95807607095641,30.370018546691757]}"
2924,15,0,0,0,-28.26920173,-12.00905411,-17.11080072,-8.097798616,0.154960189,1,0,1,0,"{""geodesic"":false,""type"":""Point"",""coordinates"":[114.58465098162978,30.346572517776234]}"
2925,18,0,0,0,-22.31123349,-6.800223222,-16.93500316,-5.401836255,0.288281235,1,0,1,2.8382277,"{""geodesic"":false,""type"":""Point"",""coordinates"":[114.54368780467394,30.425264936665105]}"
2926,20,0,0,0,-21.29809711,-5.741610273,-15.6676628,-5.498941439,0.281906998,1,0,1,4.685306,"{""geodesic"":false,""type"":""Point"",""coordinates"":[114.0639874429541,30.682093276394877]}"
2927,32,0,0,0,-9.2419517,-6.230301839,-1.693053239,-8.666134211,0.135952306,1,0,1,4.74996,"{""geodesic"":false,""type"":""Point"",""coordinates"":[114.23026560204462,30.550040929629308]}"
2928,20,0,0,0,-24.27226381,-8.361941666,-18.13092852,-8.576396225,0.138790704,1,0,1,3.3509147,"{""geodesic"":false,""type"":""Point"",""coordinates"":[114.4682293208079,30.33848768021916]}"
2929,23,0,0,0,-25.94012969,-9.274378271,-19.72221846,-10.88068998,0.081645265,1,0,1,2.845291,"{""geodesic"":false,""type"":""Point"",""coordinates"":[114.17690567416793,30.844329016706862]}"
2930,22,0.9130435,-0.59006214,1,-28.41810418,-11.76188223,-20.56710172,-10.82597863,0.082680318,2,0,1,0.92740995,"{""geodesic"":false,""type"":""Point"",""coordinates"":[113.77670621509269,30.289978654876705]}"
2931,21,0,0,0,-31.56211174,-5.589475897,-18.31039422,-4.548839068,0.350845648,1,0,1,2.1418326,"{""geodesic"":false,""type"":""Point"",""coordinates"":[114.30653256966637,30.04069616353354]}"
2932,26,0,0,0,-27.40871328,-11.22625878,-22.15321524,-12.52805911,0.055871983,1,0,1,3.7047918,"{""geodesic"":false,""type"":""Point"",""coordinates"":[114.49221433889389,30.672391471326385]}"
2933,27,0,0,0,-26.98679218,-6.234984527,-19.16932164,-5.118770722,0.307696763,1,0,1,2.3449292,"{""geodesic"":false,""type"":""Point"",""coordinates"":[114.56389989856662,30.601783889994593]}"
2934,16,0,0,0,-21.68032901,-6.386517969,-18.74718086,-7.098173183,0.195066496,1,0,1,4.8996115,"{""geodesic"":false,""type"":""Point"",""coordinates"":[114.48386000675157,30.177060423662883]}"
2935,24,0,0,0,-23.84925994,-9.193557624,-16.84502373,-10.06620401,0.098487157,1,0,1,1.4220619,"{""geodesic"":false,""type"":""Point"",""coordinates"":[114.51512137863892,30.672391471326385]}"
2936,21,0.78653115,-0.60078275,1,-26.09215137,-9.512849025,-22.77076484,-15.1811616,0.030330798,2,0,1,2.83735,"{""geodesic"":false,""type"":""Point"",""coordinates"":[113.78182661221216,30.37244399795888]}"
2937,16,0,0,0,-30.07736954,-7.813904178,-17.86828092,-4.794812108,0.331526913,1,0,1,3.5182111,"{""geodesic"":false,""type"":""Point"",""coordinates"":[114.53829791296921,30.831932265786012]}"
2938,25,0.43108505,-0.06460674,1,-38.3097221,-26.65315409,-24.73153721,-21.30402048,0.007406243,2,0,1,2.1425183,"{""geodesic"":false,""type"":""Point"",""coordinates"":[113.77320278548461,30.288361687365292]}"
2939,26,0.7642221,-0.40300545,1,-25.22616018,-7.90486635,-19.39312077,-11.20361913,0.075794569,2,0,1,1.0754685,"{""geodesic"":false,""type"":""Point"",""coordinates"":[113.71580043882938,30.42364796915369]}"
2940,25,0.9162055,-0.58676654,1,-29.63709943,-10.19899582,-22.32360056,-11.53409833,0.070240916,2,0,1,1.4188695,"{""geodesic"":false,""type"":""Point"",""coordinates"":[113.91226199146632,30.29105663321765]}"
2941,50,0,0,0,-27.43461426,-4.116044288,-20.1562476,-4.035461944,0.394869696,1,0,1,4.279028,"{""geodesic"":false,""type"":""Point"",""coordinates"":[114.29790874293883,30.285397246927698]}"
2942,24,0,0,0,-22.96408155,-4.481957837,-14.49421675,-5.500715929,0.281791836,1,0,1,2.980036,"{""geodesic"":false,""type"":""Point"",""coordinates"":[114.22433672116944,30.322048510519775]}"
2943,17,0,0,0,-23.59070711,-4.51378551,-20.09433373,-9.414609103,0.114429787,1,0,1,1.074278,"{""geodesic"":false,""type"":""Point"",""coordinates"":[114.4690378045636,30.315311145888877]}"
2944,19,0.7805179,-0.29012346,1,-32.75178616,-11.24893946,-20.51368157,-6.627388255,0.217400818,2,0,1,0,"{""geodesic"":false,""type"":""Point"",""coordinates"":[113.80257769527533,30.309651759598925]}"
2945,22,0.8374656,-0.3961456,1,-33.3067965,-19.43778377,-25.83440922,-19.59052184,0.010988738,2,0,1,2.1426966,"{""geodesic"":false,""type"":""Point"",""coordinates"":[113.81012354366193,30.32097053217883]}"
2946,26,0.27623844,-0.011061947,1,-28.56977855,-13.06538773,-23.86358135,-14.12379269,0.03869196,2,0,1,2.1414905,"{""geodesic"":false,""type"":""Point"",""coordinates"":[114.19280585469684,30.09971547770019]}"
2947,22,0,0,0,-26.00002821,-5.786841156,-17.87454272,-4.700427611,0.338810795,1,0,1,1.4226857,"{""geodesic"":false,""type"":""Point"",""coordinates"":[114.19873473557203,30.74623298768101]}"
2948,22,0,0,0,-24.09150085,-7.582708647,-18.28000829,-7.497292517,0.177938837,1,0,1,4.2840333,"{""geodesic"":false,""type"":""Point"",""coordinates"":[114.64367029579643,30.738148150123937]}"
2949,24,0.7691501,-0.6482558,1,-28.65317153,-12.43962004,-25.12428342,-16.3181342,0.023344608,2,0,1,2.3397055,"{""geodesic"":false,""type"":""Point"",""coordinates"":[113.76862137753561,30.343877571923876]}"
2950,23,0,0,0,-21.54321316,-5.816789437,-14.63329106,-4.894911361,0.323973035,1,0,1,1.0787313,"{""geodesic"":false,""type"":""Point"",""coordinates"":[114.17340224455987,30.717397067060773]}"
2951,19,0.7066327,-0.2683706,1,-30.20752489,-11.59298504,-22.05822301,-14.19782852,0.038037954,2,0,1,0,"{""geodesic"":false,""type"":""Point"",""coordinates"":[113.81120152200288,30.302914394968028]}"
2952,21,0,0,0,-29.91943786,-12.63455288,-19.12104557,-4.935791397,0.320937792,1,0,1,1.4184101,"{""geodesic"":false,""type"":""Point"",""coordinates"":[114.24320134213595,30.235540748659062]}"
2953,18,0,0,0,-20.96798626,-3.614897807,-16.0652355,-6.292923027,0.234805193,1,0,1,3.2190988,"{""geodesic"":false,""type"":""Point"",""coordinates"":[114.55338960974242,30.293212589899536]}"
2954,19,0,0,0,-34.06714753,-15.27725196,-19.71868647,-11.78858847,0.066243177,1,0,1,0,"{""geodesic"":false,""type"":""Point"",""coordinates"":[114.24859123384067,30.206704828038827]}"
2955,26,0.8124572,-0.54550594,1,-23.13073357,-10.17683283,-21.12475149,-12.12332764,0.061329191,2,0,1,1.0756768,"{""geodesic"":false,""type"":""Point"",""coordinates"":[114.17852264167935,30.442512590120202]}"
2956,21,0,0,0,-18.42643784,-4.855722965,-15.41822961,-5.289997191,0.295801438,1,0,1,1.8543341,"{""geodesic"":false,""type"":""Point"",""coordinates"":[114.48871090928581,30.283510784831044]}"
2957,22,0,0,0,-25.31713958,-8.773844407,-20.25458344,-9.566466083,0.110497739,1,0,1,1.4220455,"{""geodesic"":false,""type"":""Point"",""coordinates"":[114.82180621663733,30.670505009229736]}"
2958,16,0,0,0,-16.60988437,-7.587690018,-10.22303036,-13.34772165,0.046262365,1,0,1,0,"{""geodesic"":false,""type"":""Point"",""coordinates"":[114.23242155872651,30.57456493688577]}"
2959,11,0,0,0,-27.73386496,-9.314238634,-22.4145211,-7.513196491,0.177288412,1,0,1,0,"{""geodesic"":false,""type"":""Point"",""coordinates"":[114.84471325638238,30.63250627271148]}"
2960,16,0,0,0,-20.65435601,-7.194393359,-15.77930788,-12.29944382,0.058891907,1,0,1,0,"{""geodesic"":false,""type"":""Point"",""coordinates"":[114.46068347242128,30.691256092292896]}"
2961,22,0.8,-0.45971563,1,-29.46778499,-16.27255668,-29.20187295,-20.9442442,0.008045918,2,0,1,1.0742841,"{""geodesic"":false,""type"":""Point"",""coordinates"":[113.78371307430882,30.31585013505935]}"
2962,19,0,0,0,-21.48847421,-5.363290968,-13.98860755,-5.284938078,0.296146219,1,0,1,2.7802885,"{""geodesic"":false,""type"":""Point"",""coordinates"":[114.17205477163368,30.825733890325587]}"
2963,25,0,0,0,-28.7341968,-9.27265555,-20.7395962,-10.04157133,0.099047351,1,0,1,0,"{""geodesic"":false,""type"":""Point"",""coordinates"":[114.18822444674784,30.777763854153605]}"
2964,16,0,0,0,-28.50881291,-5.164083658,-23.49619864,-6.450222578,0.226452825,1,0,1,0,"{""geodesic"":false,""type"":""Point"",""coordinates"":[114.39142336401567,30.123161506615713]}"
2965,21,0.7403315,-0.256705,1,-38.78902411,-21.67708533,-21.90340482,-9.496104087,0.112302543,2,0,1,2.8360147,"{""geodesic"":false,""type"":""Point"",""coordinates"":[113.80662011405386,30.29186511697336]}"
2966,16,0,0,0,-28.03960104,-11.19238946,-19.74036545,-9.501861191,0.112153771,1,0,1,0,"{""geodesic"":false,""type"":""Point"",""coordinates"":[114.57063726319751,30.331480821003026]}"
2967,16,0,0,0,-32.62298763,-7.865211646,-23.32646913,-11.33595326,0.07351986,1,0,1,0,"{""geodesic"":false,""type"":""Point"",""coordinates"":[114.3728282376344,30.188648690828025]}"
2968,23,0.78333336,-0.8715596,1,-30.98405495,-13.78262728,-23.90943979,-13.52247434,0.044437802,2,0,1,2.142846,"{""geodesic"":false,""type"":""Point"",""coordinates"":[113.76457895875707,30.347919990702415]}"
2969,22,0.24301676,0.21510673,1,-20.6697092,-3.6821607,-19.34157492,-6.419632981,0.228053479,2,0,1,2.1451147,"{""geodesic"":false,""type"":""Point"",""coordinates"":[113.83761199135598,30.19215212043609]}"
2970,17,0,0,0,-28.07915428,-9.190237877,-20.84724974,-11.24377418,0.075096999,1,0,1,0,"{""geodesic"":false,""type"":""Point"",""coordinates"":[114.57602715490223,30.527403384469494]}"
2971,23,0,0,0,-30.6670859,-12.96941209,-21.18989905,-14.66335154,0.034171563,1,0,1,0,"{""geodesic"":false,""type"":""Point"",""coordinates"":[114.16423942866184,30.87424291566804]}"
2972,23,0.80155915,-0.44989634,1,-27.42771591,-6.926735959,-21.5258335,-5.673989046,0.270770343,2,0,1,2.3404274,"{""geodesic"":false,""type"":""Point"",""coordinates"":[113.75945856163759,30.379720351760245]}"
2973,24,0,0,0,-36.1432499,-17.86298791,-20.02682459,-9.368372735,0.115654551,1,0,1,1.4237295,"{""geodesic"":false,""type"":""Point"",""coordinates"":[114.18283455504312,30.86858352937809]}"
2974,22,0,0,0,-28.15950109,-14.46295985,-22.28722837,-12.35634438,0.058125347,1,0,1,1.8543341,"{""geodesic"":false,""type"":""Point"",""coordinates"":[114.41756433878355,30.07815591088132]}"
2975,26,0.82819015,-0.52316993,1,-22.50294528,-7.751242363,-19.0549044,-8.91613753,0.128347155,2,0,1,2.9796922,"{""geodesic"":false,""type"":""Point"",""coordinates"":[113.87183780368095,30.23446277031812]}"
2976,23,0,0,0,-21.99905707,-7.090558717,-18.9363117,-11.11986652,0.077270433,1,0,1,2.1548898,"{""geodesic"":false,""type"":""Point"",""coordinates"":[114.33078708233761,30.63627919690478]}"
2977,27,0,0,0,-13.71352169,-4.7285466,-1.959972765,-5.00944496,0.315540787,1,0,1,3.7249756,"{""geodesic"":false,""type"":""Point"",""coordinates"":[114.35126867081553,30.7093122295037]}"
2978,22,0,0,0,-23.03883743,-7.764275904,-18.85361137,-8.7347788,0.133820337,1,0,1,0.92740995,"{""geodesic"":false,""type"":""Point"",""coordinates"":[114.83797589175148,30.749466922703842]}"
2979,22,0.82370824,-0.5011136,1,-35.38121502,-13.03937331,-21.43858476,-6.069507267,0.247200459,2,0,1,1.4192382,"{""geodesic"":false,""type"":""Point"",""coordinates"":[113.84273238847547,30.335523239781566]}"
2980,25,0,0,0,-22.10835554,-7.437893551,-15.94730669,-5.440804976,0.285706093,1,0,1,1.8543341,"{""geodesic"":false,""type"":""Point"",""coordinates"":[114.4127134362493,30.684518727662]}"
2981,22,0.7039275,-0.5273632,1,-27.10736545,-12.42449966,-19.11177431,-14.20841827,0.037945316,2,0,1,1.0766687,"{""geodesic"":false,""type"":""Point"",""coordinates"":[113.93732498789325,30.53225428700374]}"
2982,18,0,0,0,-20.60858688,-5.122085925,-14.09448387,-7.333985482,0.184757234,1,0,1,2.1455677,"{""geodesic"":false,""type"":""Point"",""coordinates"":[114.53802841838397,30.836244179149787]}"
2983,25,0.24528302,-0.093132645,1,-21.08805869,-3.689898891,-16.98025718,-6.611194168,0.218212981,2,0,1,0.92740995,"{""geodesic"":false,""type"":""Point"",""coordinates"":[113.79799628732631,30.453292373529635]}"
2984,26,0,0,0,-26.04223015,-8.419478661,-20.06561961,-11.78306182,0.066327529,1,0,1,1.423066,"{""geodesic"":false,""type"":""Point"",""coordinates"":[114.20062119766868,30.790699594244927]}"
2985,24,0.84235775,-0.5882353,1,-24.08259121,-10.41621363,-24.29847143,-12.36802165,0.05796927,2,0,1,3.2241585,"{""geodesic"":false,""type"":""Point"",""coordinates"":[114.17313274997463,30.44709399806921]}"
2986,24,0,0,0,-17.37601768,-4.801132841,-13.06775128,-7.632489662,0.172484881,1,0,1,0.92740995,"{""geodesic"":false,""type"":""Point"",""coordinates"":[114.17232426621892,30.881788764054647]}"
2987,25,0.78521615,-0.28544423,1,-26.94186988,-13.68350239,-20.68018965,-11.01813156,0.079101887,2,0,1,2.1427286,"{""geodesic"":false,""type"":""Point"",""coordinates"":[113.81686090829282,30.326629918468782]}"
2988,23,0,0,0,-25.61823861,-8.494753411,-22.2649149,-13.71113731,0.042548697,1,0,1,2.3359659,"{""geodesic"":false,""type"":""Point"",""coordinates"":[114.24562679340308,30.157117824355428]}"
2989,20,0,0,0,-24.73755413,-7.496687531,-24.19719397,-13.08068541,0.049196189,1,0,1,2.8450449,"{""geodesic"":false,""type"":""Point"",""coordinates"":[114.1887634359183,30.830045803689362]}"
2990,26,0,0,0,-21.21354992,-3.766775401,-18.00411251,-7.317879561,0.185443683,1,0,1,1.8543341,"{""geodesic"":false,""type"":""Point"",""coordinates"":[114.25694556598297,30.23634923241477]}"
2991,28,0,0,0,-8.861359715,-7.26509093,-5.736805186,-6.793876276,0.20922442,1,0,1,1.0768844,"{""geodesic"":false,""type"":""Point"",""coordinates"":[114.31865982600199,30.55165789714072]}"
2992,19,0,0,0,-26.32264852,-4.434035244,-23.46899602,-6.085402433,0.24629736,1,0,1,0.92740995,"{""geodesic"":false,""type"":""Point"",""coordinates"":[114.77518365339154,30.82438641739941]}"
2993,19,0.6988506,-0.2942899,1,-30.64089281,-6.902650655,-19.83592714,-6.443300897,0.226814027,2,0,1,0,"{""geodesic"":false,""type"":""Point"",""coordinates"":[113.81335747868476,30.305878835405622]}"
2994,37,0,0,0,-5.634503233,-3.805222826,-3.831403928,-6.615591401,0.217992153,1,0,1,4.2621965,"{""geodesic"":false,""type"":""Point"",""coordinates"":[114.28254755158038,30.790969088830163]}"
2995,29,0,0,0,-14.2245621,-11.64590879,-10.67139234,-7.586026764,0.174340113,1,0,1,1.4208381,"{""geodesic"":false,""type"":""Point"",""coordinates"":[114.25694556598297,30.52713388988426]}"
2996,19,0,0,0,-29.65998406,-11.60341997,-24.28178599,-13.95886758,0.040189559,1,0,1,0,"{""geodesic"":false,""type"":""Point"",""coordinates"":[114.22271975365803,30.232576308221468]}"
2997,21,0.64358974,-0.39869282,1,-30.47011642,-15.20748301,-20.83956796,-11.73779229,0.067022523,2,0,1,0.92740995,"{""geodesic"":false,""type"":""Point"",""coordinates"":[113.7791316663598,30.353848871577604]}"
2998,26,0,0,0,-22.15667968,-7.712122739,-13.21278815,-6.958564658,0.20143899,1,0,1,0.92740995,"{""geodesic"":false,""type"":""Point"",""coordinates"":[114.57521867114653,30.57725988273813]}"
2999,25,0.4063745,0.064386316,1,-28.68580346,-14.11395787,-19.91816496,-8.634614483,0.136942594,2,0,1,0.92740995,"{""geodesic"":false,""type"":""Point"",""coordinates"":[113.85971054734533,30.325821434713074]}"
3000,20,0.32240963,-0.008521304,1,-20.54425949,-5.172400026,-16.94764717,-4.264796499,0.374559098,2,0,1,0,"{""geodesic"":false,""type"":""Point"",""coordinates"":[114.15723256944571,30.313963672962696]}"
3001,25,0.7419355,-0.605948,1,-30.66922375,-14.04199566,-20.84917821,-16.95184814,0.020175076,2,0,1,1.4201821,"{""geodesic"":false,""type"":""Point"",""coordinates"":[114.15696307486047,30.44898046016586]}"
3002,18,0,0,0,-30.07536329,-10.35066053,-18.9938174,-7.096137958,0.195157931,1,0,1,4.661244,"{""geodesic"":false,""type"":""Point"",""coordinates"":[114.23026560204462,30.082737318830333]}"
3003,24,0.8882938,-0.57840616,1,-33.32790703,-12.22447298,-22.24759459,-11.97049396,0.063525867,2,0,1,0.92740995,"{""geodesic"":false,""type"":""Point"",""coordinates"":[114.06371794836888,30.24146962953425]}"
3004,22,0,0,0,-28.90141166,-16.24473311,-20.09121034,-15.79327719,0.026343428,1,0,1,0,"{""geodesic"":false,""type"":""Point"",""coordinates"":[114.35692805710548,30.140678654656043]}"
3005,24,0.78858024,-0.6153161,1,-27.8880713,-14.26474685,-17.44825316,-11.71196007,0.067422367,2,0,1,1.8543341,"{""geodesic"":false,""type"":""Point"",""coordinates"":[114.16343094490614,30.45221439518869]}"
3006,27,0.28717202,-0.060240965,1,-36.5322616,-13.3793922,-23.15212089,-11.06850207,0.078189744,2,0,1,0.92740995,"{""geodesic"":false,""type"":""Point"",""coordinates"":[113.83788148594122,30.33983515314534]}"
3007,19,0,0,0,-27.97717827,-8.362283606,-21.44979714,-5.431308428,0.286331519,1,0,1,1.0733453,"{""geodesic"":false,""type"":""Point"",""coordinates"":[114.40570657703317,30.22988136236911]}"
3008,16,0,0,0,-30.86897037,-7.05790763,-24.59083671,-7.242851395,0.188675218,1,0,1,4.2492914,"{""geodesic"":false,""type"":""Point"",""coordinates"":[114.40274213659558,30.275695441859206]}"
3009,14,0,0,0,-24.32737219,-4.509685691,-16.59345427,-10.39489148,0.091308425,1,0,1,4.2529645,"{""geodesic"":false,""type"":""Point"",""coordinates"":[114.49490928474624,30.423917463738928]}"
3010,22,0,0,0,-21.85478029,-7.115044993,-16.95286453,-9.795141506,0.104830064,1,0,1,0.92740995,"{""geodesic"":false,""type"":""Point"",""coordinates"":[114.45987498866558,30.35816078494138]}"
3011,22,0,0,0,-24.80280216,-5.164927321,-17.77203429,-7.779622985,0.166739195,1,0,1,4.672892,"{""geodesic"":false,""type"":""Point"",""coordinates"":[114.32081578268388,30.375408438396473]}"
3012,24,0.25810325,-0.43579766,1,-22.8238791,-7.405414296,-19.4507758,-7.202158636,0.190451386,2,0,1,2.9803784,"{""geodesic"":false,""type"":""Point"",""coordinates"":[114.1548071181786,30.408556272380483]}"
3013,20,0,0,0,-30.59455684,-17.18967695,-22.15088137,-15.00235918,0.031605603,1,0,1,2.1438954,"{""geodesic"":false,""type"":""Point"",""coordinates"":[114.4892498984563,30.13609724670703]}"
3014,21,0,0,0,-24.14994512,-9.310084193,-19.06655745,-8.701150563,0.134860555,1,0,1,3.7064152,"{""geodesic"":false,""type"":""Point"",""coordinates"":[114.24724376091449,30.057943816988633]}"
3015,21,0,0,0,-28.26258538,-9.106389171,-15.29470478,-6.081640893,0.246510777,1,0,1,0,"{""geodesic"":false,""type"":""Point"",""coordinates"":[114.50649755191138,30.286744719853875]}"
3016,22,0.9112727,-0.60576296,1,-24.87534182,-5.199535572,-20.01596952,-11.33211401,0.073584882,2,0,1,1.4194067,"{""geodesic"":false,""type"":""Point"",""coordinates"":[113.89743978927835,30.355735333674254]}"
3017,19,0.7846568,-0.3043478,1,-28.11259783,-9.158149368,-23.34851354,-11.38494866,0.072695099,2,0,1,0,"{""geodesic"":false,""type"":""Point"",""coordinates"":[113.81713040287806,30.298602481604252]}"
3018,22,0.83272725,-0.5171103,1,-27.59379342,-15.01848209,-22.57431183,-13.64650122,0.043186686,2,0,1,2.1427636,"{""geodesic"":false,""type"":""Point"",""coordinates"":[113.75299069159193,30.333097788514443]}"
3019,23,0.64658636,-0.14992271,1,-30.02737842,-10.94652796,-23.59390417,-11.6354863,0.068620104,2,0,1,0,"{""geodesic"":false,""type"":""Point"",""coordinates"":[113.78856397684307,30.308034792087508]}"
3020,20,0,0,0,-27.55898046,-10.61229279,-23.58784225,-11.79896341,0.066085116,1,0,1,1.8543341,"{""geodesic"":false,""type"":""Point"",""coordinates"":[114.85252859935422,30.772104467863652]}"
3021,32,0,0,0,-23.6396843,-5.338488362,-16.043876,-5.635333662,0.273191155,1,0,1,1.421464,"{""geodesic"":false,""type"":""Point"",""coordinates"":[114.60001217298823,30.601783889994593]}"
3022,16,0,0,0,-30.27593932,-13.42299211,-23.30643438,-14.67018972,0.034117801,1,0,1,0,"{""geodesic"":false,""type"":""Point"",""coordinates"":[114.36716885134445,30.18676222873137]}"
3023,22,0.486747,-0.07653061,1,-20.18904685,-4.726480529,-14.84804414,-4.638788958,0.343653763,2,0,1,1.4203471,"{""geodesic"":false,""type"":""Point"",""coordinates"":[113.81254899492905,30.46865356488808]}"
3024,31,0,0,0,-23.82087891,-7.645735393,-22.75897031,-11.75029509,0.066829851,1,0,1,0,"{""geodesic"":false,""type"":""Point"",""coordinates"":[114.62723112609704,30.57591240981195]}"
3025,28,0.9140225,-0.6082474,1,-34.71173378,-19.36618623,-21.06300255,-14.36120184,0.036633618,2,0,1,2.8345575,"{""geodesic"":false,""type"":""Point"",""coordinates"":[113.85027823686207,30.203740387601233]}"
3026,28,0,0,0,-19.01327202,-5.732779177,-17.71820378,-9.785256847,0.105068931,1,0,1,1.0772451,"{""geodesic"":false,""type"":""Point"",""coordinates"":[114.62750062068228,30.584266741954263]}"
3027,24,0,0,0,-27.07541479,-11.42173064,-18.38737603,-8.573490236,0.138883604,1,0,1,2.8426416,"{""geodesic"":false,""type"":""Point"",""coordinates"":[114.39330982611233,30.6882916518553]}"
3028,20,0,0,0,-23.17047426,-6.093006883,-13.99211666,-4.181367532,0.381824021,1,0,1,1.4227778,"{""geodesic"":false,""type"":""Point"",""coordinates"":[114.81291289532454,30.757012771090444]}"
3029,28,0.70445347,-0.18181819,1,-26.05132425,-11.23767294,-20.62269753,-14.14045343,0.038543811,2,0,1,0.92740995,"{""geodesic"":false,""type"":""Point"",""coordinates"":[114.11492191956368,30.320431543008358]}"
3030,17,0,0,0,-25.56979187,-5.536879562,-26.4620438,-14.49960216,0.035484589,1,0,1,0,"{""geodesic"":false,""type"":""Point"",""coordinates"":[114.24266235296548,30.00997378081665]}"
3031,22,0,0,0,-17.64532871,-3.626815579,-8.935130421,-4.729857201,0.336522634,1,0,1,1.4219844,"{""geodesic"":false,""type"":""Point"",""coordinates"":[114.22622318326609,30.663228655428366]}"
3032,23,0.6363636,-0.56084657,1,-28.10115163,-12.56855191,-20.11236588,-11.57750248,0.069542412,2,0,1,1.4203354,"{""geodesic"":false,""type"":""Point"",""coordinates"":[113.7963793198149,30.4673060919619]}"
3033,20,0,0,0,-21.88354999,-6.631601951,-20.37535293,-10.94554419,0.080435095,1,0,1,1.8543341,"{""geodesic"":false,""type"":""Point"",""coordinates"":[114.52374520536648,30.29536854658142]}"
3034,26,0,0,0,-12.97632449,-4.66440113,-2.608915206,-4.366366326,0.365900807,1,0,1,2.8405595,"{""geodesic"":false,""type"":""Point"",""coordinates"":[114.33941090906515,30.564593637232043]}"
3035,27,0,0,0,-25.8481459,-7.652213188,-19.44691321,-6.406373866,0.228750796,1,0,1,1.0774366,"{""geodesic"":false,""type"":""Point"",""coordinates"":[114.56389989856662,30.601514395409357]}"
3036,17,0,0,0,-25.43467172,-8.413909947,-19.54089091,-9.374223693,0.115498842,1,0,1,1.0785668,"{""geodesic"":false,""type"":""Point"",""coordinates"":[114.71050495293493,30.702844359458037]}"
3037,28,0,0,0,-25.83540249,-5.852594612,-18.850662,-4.402632917,0.362858005,1,0,1,3.8576608,"{""geodesic"":false,""type"":""Point"",""coordinates"":[114.50973148693421,30.670505009229736]}"
3038,21,0.29442972,0.16105215,1,-19.24159599,-3.504960907,-10.89409785,-4.721640796,0.337159903,2,0,1,1.4206656,"{""geodesic"":false,""type"":""Point"",""coordinates"":[113.95699809261546,30.506652301406334]}"
3039,22,0.22476447,0.14814815,1,-26.14735475,-12.63560828,-20.85088023,-12.11799873,0.06140449,2,0,1,2.1489217,"{""geodesic"":false,""type"":""Point"",""coordinates"":[113.77239430172891,30.36651511708369]}"
3040,22,0.8095238,-0.43779677,1,-28.22509679,-5.563501578,-24.39707137,-5.313828872,0.294182689,2,0,1,3.7150738,"{""geodesic"":false,""type"":""Point"",""coordinates"":[113.89016343547698,30.364628654987037]}"
3041,23,0.79044116,-0.8449612,1,-27.90473814,-12.0100745,-24.84956502,-18.47010359,0.014222949,2,0,1,1.4195106,"{""geodesic"":false,""type"":""Point"",""coordinates"":[113.78856397684307,30.36840157918034]}"
3042,29,0.7806301,-0.33509234,1,-41.43762987,-10.95619776,-25.93177284,-4.169706249,0.382850638,2,0,1,4.289922,"{""geodesic"":false,""type"":""Point"",""coordinates"":[113.85108672061777,30.323126488860716]}"
3043,28,0,0,0,-21.51314781,-5.770907318,-10.58645067,-5.359881255,0.29107967,1,0,1,2.145345,"{""geodesic"":false,""type"":""Point"",""coordinates"":[114.20547210020293,30.796628475120116]}"
3044,24,0,0,0,-27.1024613,-4.921869831,-18.37959357,-7.556522759,0.175528533,1,0,1,0,"{""geodesic"":false,""type"":""Point"",""coordinates"":[114.21328744317476,30.860498691821014]}"
3045,28,0.6130536,-0.22492401,1,-28.91271086,-15.55028247,-19.9695451,-12.84719157,0.051913564,2,0,1,2.8361893,"{""geodesic"":false,""type"":""Point"",""coordinates"":[113.77428076382556,30.302375405797555]}"
3046,16,0,0,0,-27.9018801,-8.641296441,-21.55108968,-11.69837525,0.067633595,1,0,1,0,"{""geodesic"":false,""type"":""Point"",""coordinates"":[114.36555188383304,30.18837919624279]}"
3047,16,0,0,0,-31.4402321,-5.459524399,-21.02006503,-7.802486804,0.165863689,1,0,1,3.348353,"{""geodesic"":false,""type"":""Point"",""coordinates"":[114.49706524142813,30.25710031547793]}"
3048,24,0,0,0,-26.1242531,-7.529541997,-21.79131433,-7.717364538,0.169146707,1,0,1,4.91195,"{""geodesic"":false,""type"":""Point"",""coordinates"":[114.64555675789309,30.748388944362897]}"
3049,24,0.68187743,-0.24306688,1,-38.97606769,-17.13362717,-24.69482723,-9.851217663,0.103485198,2,0,1,4.3875585,"{""geodesic"":false,""type"":""Point"",""coordinates"":[113.79476235230348,30.305878835405622]}"
3050,23,0.40826872,-0.21824104,1,-29.76134466,-7.938240954,-20.74427252,-10.95864633,0.080192798,2,0,1,2.1505287,"{""geodesic"":false,""type"":""Point"",""coordinates"":[114.1451053131101,30.439548149682608]}"
3051,25,0.78120184,-0.49734244,1,-24.55464975,-7.681369863,-17.28350636,-5.209627634,0.301326437,2,0,1,1.419853,"{""geodesic"":false,""type"":""Point"",""coordinates"":[114.184990511725,30.409364756136192]}"
3052,21,0.62157536,-0.33545646,1,-37.6653151,-21.18845972,-22.12700576,-12.90764962,0.051195883,2,0,1,0.92740995,"{""geodesic"":false,""type"":""Point"",""coordinates"":[114.1833735442136,30.253596885869865]}"
3053,18,0.9000925,-0.6479592,1,-23.95214153,-3.522980654,-22.13312852,-10.54040271,0.088299802,2,0,1,2.832798,"{""geodesic"":false,""type"":""Point"",""coordinates"":[114.17474971748604,30.09648154267736]}"
3054,17,0.8849647,-0.9064748,1,-21.85595217,-13.8285535,-14.71560567,-14.64768711,0.034295038,2,0,1,2.1442382,"{""geodesic"":false,""type"":""Point"",""coordinates"":[114.1526511614967,30.59935843872747]}"
3055,24,0,0,0,-24.94775054,-7.053542313,-18.92083744,-7.217080955,0.189798119,1,0,1,2.846586,"{""geodesic"":false,""type"":""Point"",""coordinates"":[114.34695675745175,30.920326489743374]}"
3056,25,0.89280677,-0.66296536,1,-25.75071989,-11.34335801,-21.38277892,-14.68916087,0.03396909,2,0,1,2.3417797,"{""geodesic"":false,""type"":""Point"",""coordinates"":[114.16935982578133,30.446555008898738]}"
3057,26,0,0,0,-16.24158428,-5.660379491,-11.19257955,-6.72861943,0.212391952,1,0,1,2.9812734,"{""geodesic"":false,""type"":""Point"",""coordinates"":[114.30356812922878,30.63304526188195]}"
3058,27,0.9334416,-0.5633136,1,-31.91170102,-19.20857385,-24.85729838,-16.95432965,0.020163552,2,0,1,1.0729455,"{""geodesic"":false,""type"":""Point"",""coordinates"":[113.85135621520301,30.193230098777033]}"
3059,22,0,0,0,-22.99766628,-10.2219148,-16.64431225,-11.63040164,0.06870049,1,0,1,1.4221865,"{""geodesic"":false,""type"":""Point"",""coordinates"":[114.41244394166407,30.687213673514357]}"
3060,20,0.5534709,-0.2873936,1,-22.68487365,-8.498517095,-15.98537862,-9.584020028,0.110052015,2,0,1,0.92740995,"{""geodesic"":false,""type"":""Point"",""coordinates"":[114.1601970098833,30.309112770428452]}"
3061,24,0,0,0,-30.85207117,-16.18412035,-22.23205562,-13.36697402,0.046057737,1,0,1,2.7802885,"{""geodesic"":false,""type"":""Point"",""coordinates"":[114.16100549363901,30.878554829031817]}"
3062,19,0,0,0,-26.01866506,-3.81518371,-22.48951833,-11.50622033,0.070693253,1,0,1,0,"{""geodesic"":false,""type"":""Point"",""coordinates"":[114.22298924824327,30.238774683681893]}"
3063,24,0.799511,-0.6062992,1,-29.72595533,-14.15199509,-26.15076638,-22.01590411,0.00628651,2,0,1,2.7802885,"{""geodesic"":false,""type"":""Point"",""coordinates"":[113.83114412131033,30.195655550044155]}"
3064,17,0,0,0,-30.25008284,-8.333159328,-25.94658484,-13.28536004,0.046931453,1,0,1,4.378262,"{""geodesic"":false,""type"":""Point"",""coordinates"":[114.22325874282849,30.086510243023636]}"
3065,20,0,0,0,-32.66618494,-15.89911377,-17.39816335,-11.91678718,0.064316334,1,0,1,1.078837,"{""geodesic"":false,""type"":""Point"",""coordinates"":[114.20681957312911,30.72682937754403]}"
3066,25,0,0,0,-30.18640552,-11.95747742,-18.94977267,-10.61618795,0.086772319,1,0,1,1.0794408,"{""geodesic"":false,""type"":""Point"",""coordinates"":[113.96777787602491,30.7807282945912]}"
3067,20,0,0,0,-28.53936266,-12.33312968,-22.11533044,-11.07904984,0.078000074,1,0,1,4.279921,"{""geodesic"":false,""type"":""Point"",""coordinates"":[114.47631415836497,30.367054106254162]}"
3068,19,0,0,0,-26.98629656,-7.594376041,-21.95711405,-10.67350096,0.085634724,1,0,1,0,"{""geodesic"":false,""type"":""Point"",""coordinates"":[114.22487571033992,30.237966199926184]}"
3069,25,0.7105263,-0.902439,1,-22.33577059,-10.34618542,-19.91823799,-7.308085516,0.18586236,2,0,1,1.0746833,"{""geodesic"":false,""type"":""Point"",""coordinates"":[113.7581110887114,30.35223190406619]}"
3070,22,0,0,0,-23.94046087,-7.631435118,-22.70251062,-13.59662281,0.043685541,1,0,1,1.4236821,"{""geodesic"":false,""type"":""Point"",""coordinates"":[114.63693293116553,30.862924143088136]}"
3071,23,0.6391437,-0.43069306,1,-28.72951776,-7.779919914,-19.62196096,-12.98147282,0.050332989,2,0,1,0.92740995,"{""geodesic"":false,""type"":""Point"",""coordinates"":[113.82817968087274,30.289439665706233]}"
3072,26,0,0,0,-31.40112689,-16.5881412,-15.68067904,-5.875684404,0.258482747,1,0,1,3.7102568,"{""geodesic"":false,""type"":""Point"",""coordinates"":[114.46580386954076,30.19484706628845]}"
3073,24,0,0,0,-21.13120505,-5.50774303,-15.65983719,-7.502850853,0.177711247,1,0,1,2.9810975,"{""geodesic"":false,""type"":""Point"",""coordinates"":[114.6013596459144,30.589117644488507]}"
3074,21,0,0,0,-24.773792,-5.121057202,-20.17273747,-5.202917265,0.301792382,1,0,1,1.4222007,"{""geodesic"":false,""type"":""Point"",""coordinates"":[114.26098798476151,30.688830641025774]}"
3075,23,0.2982917,0.012379643,1,-17.81086987,-4.085001048,-11.35495403,-4.604053758,0.346413353,2,0,1,2.7802885,"{""geodesic"":false,""type"":""Point"",""coordinates"":[114.16073599905378,30.22583894359057]}"
3076,20,0,0,0,-24.88103843,-11.38643508,-16.29828794,-6.975263334,0.200665941,1,0,1,0.92740995,"{""geodesic"":false,""type"":""Point"",""coordinates"":[114.41379141459025,30.684518727662]}"
3077,21,0.74312896,-0.4403854,1,-27.06043743,-8.807472849,-19.74002295,-11.04018766,0.078701178,2,0,1,2.3395936,"{""geodesic"":false,""type"":""Point"",""coordinates"":[113.79610982522966,30.338218185633924]}"
3078,19,0.71805006,-0.25123152,1,-35.19103878,-14.97063529,-19.45556266,-5.423921878,0.286818931,2,0,1,0,"{""geodesic"":false,""type"":""Point"",""coordinates"":[113.79745729815585,30.30857378125798]}"
3079,22,0,0,0,-23.62468895,-7.2660395,-19.33664397,-5.662622946,0.271479916,1,0,1,2.3462632,"{""geodesic"":false,""type"":""Point"",""coordinates"":[114.04081090862383,30.66700157962167]}"
3080,19,0,0,0,-26.8597807,-11.43472737,-17.66191153,-10.02249264,0.099483427,1,0,1,2.8346856,"{""geodesic"":false,""type"":""Point"",""coordinates"":[114.49571776850195,30.211286235987835]}"
3081,23,0.8836834,-0.6182336,1,-30.75905596,-15.96898235,-23.07700745,-15.36163413,0.029096221,2,0,1,2.834434,"{""geodesic"":false,""type"":""Point"",""coordinates"":[113.84057643179358,30.196194539214627]}"
3082,22,0,0,0,-18.63891644,-3.95441021,-13.05032682,-4.694149619,0.339300921,1,0,1,1.4227211,"{""geodesic"":false,""type"":""Point"",""coordinates"":[114.83770639716624,30.75027540645955]}"
3083,42,0,0,0,-16.77854716,-11.80012011,-7.934413101,-11.84746651,0.065351167,1,0,1,1.8543341,"{""geodesic"":false,""type"":""Point"",""coordinates"":[114.42214574673255,30.49075212087742]}"
3084,15,0,0,0,-25.52510411,-7.99452372,-21.36470761,-12.59637019,0.055000037,1,0,1,0,"{""geodesic"":false,""type"":""Point"",""coordinates"":[114.56578636066327,30.36139471996421]}"
3085,22,0,0,0,-22.08167607,-4.712510769,-23.16674546,-14.75319112,0.03347194,1,0,1,1.4167219,"{""geodesic"":false,""type"":""Point"",""coordinates"":[114.24670477174402,30.029916380124103]}"
3086,24,0,0,0,-24.29552815,-5.157929048,-18.14382951,-5.989408577,0.251801981,1,0,1,0,"{""geodesic"":false,""type"":""Point"",""coordinates"":[114.23565549374935,30.11292071237675]}"
3087,33,0.85106385,-0.68871593,1,-28.7480774,-12.47368484,-16.11884801,-6.388308609,0.229704307,2,0,1,3.7217004,"{""geodesic"":false,""type"":""Point"",""coordinates"":[114.07180278592594,30.59612450370464]}"
3088,28,0,0,0,-29.44183984,-10.40098874,-21.33812326,-11.1699239,0.076384917,1,0,1,0,"{""geodesic"":false,""type"":""Point"",""coordinates"":[114.7719497183687,30.980154287665734]}"
3089,27,0,0,0,-27.75004629,-5.708509998,-23.51491917,-12.11037971,0.061512309,1,0,1,3.5186775,"{""geodesic"":false,""type"":""Point"",""coordinates"":[114.16855134202562,30.86588858352573]}"
3090,22,0.6536697,-0.52238804,1,-26.24320307,-7.733814553,-19.07761645,-10.19464957,0.095616984,2,0,1,2.3398955,"{""geodesic"":false,""type"":""Point"",""coordinates"":[113.7753587421665,30.35330988240713]}"
3091,20,0,0,0,-28.44422285,-4.881858743,-24.61912051,-10.91578785,0.080988101,1,0,1,1.8543341,"{""geodesic"":false,""type"":""Point"",""coordinates"":[114.19145838177067,30.84271204919545]}"
3092,25,0.9110787,-0.6782666,1,-24.13993479,-6.651334177,-18.50200898,-10.97987185,0.079801824,2,0,1,1.420152,"{""geodesic"":false,""type"":""Point"",""coordinates"":[114.16909033119609,30.44520753597256]}"
3093,21,0,0,0,-29.99017274,-5.730573759,-24.16372911,-12.17777736,0.060565076,1,0,1,2.9820144,"{""geodesic"":false,""type"":""Point"",""coordinates"":[114.17555820124176,30.81657107442757]}"
3094,25,0.23427866,0.50181085,1,-25.56873287,-9.246910194,-19.06825131,-6.581899185,0.219689895,2,0,1,3.352485,"{""geodesic"":false,""type"":""Point"",""coordinates"":[113.99903924791226,30.388344178487795]}"
3095,23,0,0,0,-34.18505861,-15.60898256,-19.30268344,-10.0779802,0.098220464,1,0,1,3.5187578,"{""geodesic"":false,""type"":""Point"",""coordinates"":[114.17825314709411,30.871547969815683]}"
3096,23,0,0,0,-27.45953478,-8.467882719,-18.87045537,-4.097022926,0.389311926,1,0,1,2.982126,"{""geodesic"":false,""type"":""Point"",""coordinates"":[114.19927372474251,30.844059522121626]}"
3097,41,0,0,0,-13.88173348,-4.195276967,-6.902625668,-4.677573449,0.34059844,1,0,1,2.3428943,"{""geodesic"":false,""type"":""Point"",""coordinates"":[114.38522498855525,30.50180139887209]}"
3098,21,0.7209705,-0.5877503,1,-26.20640683,-4.658402465,-18.77491452,-8.979307527,0.126493802,2,0,1,0,"{""geodesic"":false,""type"":""Point"",""coordinates"":[113.9114535077106,30.521474503594305]}"
3099,24,0.49403343,-0.011570248,1,-21.85604643,-7.390532783,-22.44302749,-11.83681714,0.065511612,2,0,1,2.1471994,"{""geodesic"":false,""type"":""Point"",""coordinates"":[113.77967065553028,30.28782269819482]}"
3100,22,0,0,0,-27.65930129,-10.12120404,-18.44376379,-9.681738707,0.107603433,1,0,1,1.4226127,"{""geodesic"":false,""type"":""Point"",""coordinates"":[114.80563654152319,30.737609160953465]}"
3101,24,0,0,0,-12.70743715,-3.600905633,-7.041903488,-4.449461952,0.358966404,1,0,1,2.3464735,"{""geodesic"":false,""type"":""Point"",""coordinates"":[114.16639538534373,30.677242373860633]}"
3102,23,0,0,0,-28.81828127,-12.30798878,-26.72795434,-13.44665269,0.045220435,1,0,1,2.9791262,"{""geodesic"":false,""type"":""Point"",""coordinates"":[114.2165213781976,30.08947468346123]}"
3103,21,0.92628515,-0.69340974,1,-32.12411161,-14.12221834,-25.7436744,-17.75845292,0.016755396,2,0,1,3.3432875,"{""geodesic"":false,""type"":""Point"",""coordinates"":[114.17906163084982,30.09540356433642]}"
3104,16,0,0,0,-31.7394668,-7.688013959,-23.86458228,-7.816907611,0.165313849,1,0,1,0,"{""geodesic"":false,""type"":""Point"",""coordinates"":[114.45771903198369,30.27946836605251]}"
3105,23,0.62752527,-0.045002367,1,-24.05837468,-3.885089182,-16.68736523,-4.931337225,0.321267118,2,0,1,1.4197395,"{""geodesic"":false,""type"":""Point"",""coordinates"":[113.81632191912236,30.395890026874397]}"
3106,21,0,0,0,-19.15975986,-4.254944934,-6.838294861,-5.060184054,0.311875741,1,0,1,2.345729,"{""geodesic"":false,""type"":""Point"",""coordinates"":[114.19981271391298,30.640860604853792]}"
3107,19,0,0,0,-23.24338086,-9.640767973,-18.73725561,-12.01330559,0.062902722,1,0,1,4.750312,"{""geodesic"":false,""type"":""Point"",""coordinates"":[114.47011578290454,30.690447608537188]}"
3108,22,0.37391305,-0.14893617,1,-22.05611917,-6.282537777,-13.44388259,-5.187705511,0.302851305,2,0,1,4.280987,"{""geodesic"":false,""type"":""Point"",""coordinates"":[113.79287589020683,30.463802662353835]}"
3109,21,0,0,0,-28.20792193,-8.401167036,-22.93657636,-6.961859488,0.201286223,1,0,1,1.422535,"{""geodesic"":false,""type"":""Point"",""coordinates"":[114.180409103776,30.728446345055445]}"
3110,28,0,0,0,-23.93534993,-10.99904782,-22.19118389,-14.04122492,0.039434606,1,0,1,0,"{""geodesic"":false,""type"":""Point"",""coordinates"":[114.76116993495927,30.95778623709116]}"
3111,23,0,0,0,-13.84589404,-9.734644397,-2.191958602,-13.92195615,0.040532593,1,0,1,1.4214453,"{""geodesic"":false,""type"":""Point"",""coordinates"":[114.3706722809525,30.59935843872747]}"
3112,18,0,0,0,-20.97039492,-5.03834342,-17.42177874,-6.365870586,0.230894156,1,0,1,1.423215,"{""geodesic"":false,""type"":""Point"",""coordinates"":[114.51458238946846,30.808216742285257]}"
3113,26,0.73951435,-1,1,-26.20628863,-9.496811318,-21.22687202,-11.05217558,0.078484237,2,0,1,1.0739281,"{""geodesic"":false,""type"":""Point"",""coordinates"":[113.82359827292372,30.283241290245808]}"
3114,24,0.7802746,-0.3895447,1,-32.19031998,-19.56366348,-26.49868948,-14.68205939,0.034024681,2,0,1,3.5112956,"{""geodesic"":false,""type"":""Point"",""coordinates"":[113.79691830898537,30.32177901593454]}"
3115,25,0,0,0,-26.26198385,-8.490581989,-20.36893655,-8.890699199,0.129101141,1,0,1,4.283732,"{""geodesic"":false,""type"":""Point"",""coordinates"":[114.35908401378737,30.711198691600348]}"
3116,19,0,0,0,-35.30527099,-18.25196499,-24.03074764,-16.77622469,0.021007653,1,0,1,2.3496034,"{""geodesic"":false,""type"":""Point"",""coordinates"":[114.17582769582698,30.82950681451889]}"
3117,23,0,0,0,-27.03198489,-9.506714774,-21.67208967,-11.96157751,0.063656426,1,0,1,1.0775601,"{""geodesic"":false,""type"":""Point"",""coordinates"":[114.55662354476524,30.612563673404026]}"
3118,21,0.41674507,0.010869565,1,-27.67045082,-10.62761266,-19.91166236,-7.856433514,0.163816125,2,0,1,2.142878,"{""geodesic"":false,""type"":""Point"",""coordinates"":[113.75676361578523,30.353848871577604]}"
3119,28,0.6884817,-0.5647059,1,-23.20140638,-7.545495455,-19.75515536,-12.31390927,0.058696077,2,0,1,0.92740995,"{""geodesic"":false,""type"":""Point"",""coordinates"":[114.12866614341071,30.31369417837746]}"
3120,19,0,0,0,-23.13868466,-6.816150267,-18.07195839,-8.117666615,0.1542529,1,0,1,2.3399851,"{""geodesic"":false,""type"":""Point"",""coordinates"":[114.4232237250735,30.357891290356143]}"
3121,19,0.60795456,-0.32329085,1,-28.84028122,-5.842220905,-25.87085092,-7.961635224,0.159895587,2,0,1,0,"{""geodesic"":false,""type"":""Point"",""coordinates"":[114.18633798465119,30.263568185523592]}"
3122,28,0,0,0,-17.9358993,-7.214866509,-6.012705659,-6.677710889,0.214896287,1,0,1,2.9807978,"{""geodesic"":false,""type"":""Point"",""coordinates"":[114.23969791252789,30.51419814979294]}"
3123,23,0,0,0,-21.17429166,-5.890873678,-16.74257026,-9.154591312,0.121490094,1,0,1,1.4224124,"{""geodesic"":false,""type"":""Point"",""coordinates"":[114.21598238902713,30.71389363745271]}"
3124,18,0,0,0,-25.37160629,-6.930280029,-19.87446616,-10.7882272,0.083402157,1,0,1,2.9816928,"{""geodesic"":false,""type"":""Point"",""coordinates"":[114.2954832916717,30.73733966636823]}"
3125,16,0,0,0,-30.06635459,-11.15027831,-22.40961224,-12.43501894,0.057081859,1,0,1,0,"{""geodesic"":false,""type"":""Point"",""coordinates"":[114.5479997180377,30.36328118206086]}"
3126,22,0,0,0,-26.76068577,-11.17629009,-25.07002174,-11.98284119,0.063345516,1,0,1,2.3490877,"{""geodesic"":false,""type"":""Point"",""coordinates"":[114.85549303979181,30.804443818091958]}"
3127,24,0.63125,-0.27873182,1,-26.43745499,-10.79206148,-25.93818025,-12.49069281,0.056354775,2,0,1,1.4192889,"{""geodesic"":false,""type"":""Point"",""coordinates"":[113.76862137753561,30.34172161524199]}"
3128,27,0,0,0,-32.96731246,-18.00158209,-20.15238866,-13.29458904,0.046831827,1,0,1,4.280635,"{""geodesic"":false,""type"":""Point"",""coordinates"":[114.41217444707883,30.432002301296002]}"
3129,26,0,0,0,-23.21057687,-4.581475539,-18.81769227,-9.944337634,0.101289922,1,0,1,3.7281408,"{""geodesic"":false,""type"":""Point"",""coordinates"":[114.63558545823936,30.81845753652422]}"
3130,21,0,0,0,-17.97592703,-5.198825604,-12.38463857,-4.750161888,0.334952953,1,0,1,2.1452947,"{""geodesic"":false,""type"":""Point"",""coordinates"":[114.76494285915257,30.787735153807333]}"
3131,24,0.6066946,-0.17693837,1,-29.74298941,-5.004695329,-18.82976362,-5.116294814,0.307872231,2,0,1,1.8543341,"{""geodesic"":false,""type"":""Point"",""coordinates"":[113.7926063956216,30.296446524922366]}"
3132,22,0.6571429,-0.22958398,1,-35.23797628,-16.17443422,-22.4591337,-12.80301785,0.052444291,2,0,1,1.0741593,"{""geodesic"":false,""type"":""Point"",""coordinates"":[113.7963793198149,30.30453136247944]}"
3133,26,0,0,0,-19.37974334,-3.892470112,-12.83034209,-4.62954221,0.344386231,1,0,1,0.92740995,"{""geodesic"":false,""type"":""Point"",""coordinates"":[113.9820610890424,30.68667468434389]}"
3134,17,0,0,0,-22.35856344,-5.010157729,-19.24833497,-11.88611826,0.064772129,1,0,1,2.9814553,"{""geodesic"":false,""type"":""Point"",""coordinates"":[114.44478329189236,30.678320352201574]}"
3135,25,0,0,0,-7.87190182,-5.445997169,-0.880980548,-5.223508112,0.300364906,1,0,1,1.0758485,"{""geodesic"":false,""type"":""Point"",""coordinates"":[114.24050639628359,30.45814327606388]}"
3136,19,0.78848726,-0.32624114,1,-32.17527406,-12.22685086,-23.16311497,-14.53526905,0.035194362,2,0,1,0,"{""geodesic"":false,""type"":""Point"",""coordinates"":[113.81686090829282,30.299141470774725]}"
3137,24,0.8590381,-0.59819007,1,-30.03596141,-11.01971839,-22.6724352,-11.63898862,0.068564788,2,0,1,2.1428628,"{""geodesic"":false,""type"":""Point"",""coordinates"":[113.88989394089174,30.351153925725246]}"
3138,16,0,0,0,-34.6849365,-4.372957008,-26.46123122,-4.710884724,0.337995974,1,0,1,2.3380873,"{""geodesic"":false,""type"":""Point"",""coordinates"":[114.45044267818233,30.263298690938356]}"
3139,26,0,0,0,-22.0676479,-7.519576032,-11.85095274,-6.535018563,0.222074219,1,0,1,1.4180824,"{""geodesic"":false,""type"":""Point"",""coordinates"":[114.2577540497387,30.19592504462939]}"
3140,21,0.7726524,-0.35763097,1,-26.86518552,-13.26752557,-22.8307952,-18.70877593,0.013462397,2,0,1,0.92740995,"{""geodesic"":false,""type"":""Point"",""coordinates"":[113.85944105276009,30.338757174804396]}"
3141,23,0.70304567,-0.2647059,1,-27.02639918,-8.958275554,-27.19706239,-16.63855499,0.021684255,2,0,1,0.92740995,"{""geodesic"":false,""type"":""Point"",""coordinates"":[113.78559953640547,30.30992125418416]}"
3142,25,0,0,0,-22.7784169,-7.682214711,-15.83043032,-5.060986334,0.311818133,1,0,1,2.1445425,"{""geodesic"":false,""type"":""Point"",""coordinates"":[114.20466361644722,30.653796344945114]}"
3143,16,0,0,0,-26.34619602,-5.157290009,-24.55834534,-15.80498832,0.026272486,1,0,1,0,"{""geodesic"":false,""type"":""Point"",""coordinates"":[114.3954657827942,30.13825320338892]}"
3144,27,0,0,0,-28.83503918,-12.12322274,-13.82493914,-5.15187208,0.305360454,1,0,1,1.4239767,"{""geodesic"":false,""type"":""Point"",""coordinates"":[114.15615459110477,30.897419449998328]}"
3145,23,0,0,0,-24.83298486,-4.851136526,-20.71458634,-8.03645897,0.157164373,1,0,1,1.4235373,"{""geodesic"":false,""type"":""Point"",""coordinates"":[114.16909033119609,30.846215478803515]}"
3146,18,0,0,0,-25.92928254,-9.406070153,-19.83702754,-12.33917664,0.058355573,1,0,1,0,"{""geodesic"":false,""type"":""Point"",""coordinates"":[114.40220314742511,30.437661687585955]}"
3147,19,0.63651735,-0.32171893,1,-27.48763211,-4.280790677,-23.80503165,-6.294601105,0.234714484,2,0,1,2.9802763,"{""geodesic"":false,""type"":""Point"",""coordinates"":[114.04997372452183,30.38268479219784]}"
3148,19,0.79591835,-0.3863275,1,-29.10276384,-7.383890703,-23.04093591,-15.71226004,0.026839474,2,0,1,0,"{""geodesic"":false,""type"":""Point"",""coordinates"":[113.80850657615052,30.311538221695574]}"
3149,21,0,0,0,-30.56541451,-14.89449613,-20.42521669,-12.17339518,0.060626219,1,0,1,3.5183678,"{""geodesic"":false,""type"":""Point"",""coordinates"":[114.19038040342973,30.84325103836592]}"
3150,24,0,0,0,-34.25148399,-5.187051489,-25.49045001,-9.931986881,0.101578387,1,0,1,3.3648505,"{""geodesic"":false,""type"":""Point"",""coordinates"":[114.18552950089547,30.77560789747172]}"
3151,20,0,0,0,-20.32560962,-4.520738767,-12.16623793,-4.286517312,0.372690454,1,0,1,0.92740995,"{""geodesic"":false,""type"":""Point"",""coordinates"":[114.42052877922114,30.140678654656043]}"
3152,19,0,0,0,-25.59775233,-8.921561264,-17.09078571,-7.961157417,0.15991318,1,0,1,3.511983,"{""geodesic"":false,""type"":""Point"",""coordinates"":[114.49868220893954,30.37298298712935]}"
3153,16,0,0,0,-28.61761141,-4.421857002,-24.85843442,-8.576081368,0.138800766,1,0,1,0,"{""geodesic"":false,""type"":""Point"",""coordinates"":[114.39223184777138,30.12639544163854]}"
3154,19,0.7216055,-0.52048194,1,-28.69170842,-4.205475076,-23.90327608,-5.034581305,0.313719757,2,0,1,0,"{""geodesic"":false,""type"":""Point"",""coordinates"":[114.0526686703742,30.534679738270864]}"
3155,23,0.25378013,0.25127402,1,-21.3309937,-5.103859221,-12.71792271,-6.133862204,0.243564382,2,0,1,2.143793,"{""geodesic"":false,""type"":""Point"",""coordinates"":[113.90848906727301,30.51931854691242]}"
3156,18,0,0,0,-24.54338318,-7.182740983,-21.17255002,-10.90550843,0.081180021,1,0,1,2.1503267,"{""geodesic"":false,""type"":""Point"",""coordinates"":[114.53587246170208,30.43038533378459]}"
3157,24,0,0,0,-26.48157477,-11.31592695,-23.11123328,-13.84714821,0.041236821,1,0,1,1.8543341,"{""geodesic"":false,""type"":""Point"",""coordinates"":[114.85791849105894,30.808486236870493]}"
3158,26,0,0,0,-29.13072925,-8.843508709,-22.72717092,-12.83496289,0.052059946,1,0,1,0,"{""geodesic"":false,""type"":""Point"",""coordinates"":[114.22245025907279,30.86481060518479]}"
3159,21,0.7311111,-0.7032967,1,-23.38613182,-4.634197993,-20.56419726,-13.77178001,0.041958698,2,0,1,0.92740995,"{""geodesic"":false,""type"":""Point"",""coordinates"":[113.95484213593359,30.3673236008394]}"
3160,27,0,0,0,-24.79248021,-9.946681809,-22.39371954,-12.3414652,0.05832483,1,0,1,1.4232979,"{""geodesic"":false,""type"":""Point"",""coordinates"":[114.78084303968149,30.81791854735375]}"
3161,20,0,0,0,-28.69386628,-12.8453412,-28.22283057,-14.02832283,0.039551933,1,0,1,1.4166063,"{""geodesic"":false,""type"":""Point"",""coordinates"":[114.25991000642057,30.01590266169184]}"
3162,17,0,0,0,-25.58751163,-3.548768811,-20.04201539,-6.566605802,0.220464882,1,0,1,2.839215,"{""geodesic"":false,""type"":""Point"",""coordinates"":[114.61968527771045,30.484553745416996]}"
3163,20,0,0,0,-28.94230938,-9.128815912,-22.07155106,-13.22083466,0.047633943,1,0,1,0.92740995,"{""geodesic"":false,""type"":""Point"",""coordinates"":[114.53479448336115,30.804982807262427]}"
3164,22,0,0,0,-24.14020314,-4.585186981,-17.74438111,-6.342777374,0.232125185,1,0,1,4.750333,"{""geodesic"":false,""type"":""Point"",""coordinates"":[114.26044899559105,30.698801940679502]}"
3165,30,0,0,0,-15.00596107,-5.437730753,-6.423264185,-4.629843911,0.344362307,1,0,1,2.3410497,"{""geodesic"":false,""type"":""Point"",""coordinates"":[114.30383762381402,30.410442734477133]}"
3166,44,0,0,0,-13.36095661,-5.615651667,-8.428027436,-4.310526963,0.370635747,1,0,1,2.8384361,"{""geodesic"":false,""type"":""Point"",""coordinates"":[114.43615946516482,30.437661687585955]}"
3167,23,0,0,0,-18.49120974,-4.702196426,-13.28154928,-4.090424689,0.389903857,1,0,1,1.4207845,"{""geodesic"":false,""type"":""Point"",""coordinates"":[114.25236415803397,30.520935514423837]}"
3168,15,0,0,0,-27.51451982,-6.302809206,-17.57412645,-5.433382645,0.286194798,1,0,1,0,"{""geodesic"":false,""type"":""Point"",""coordinates"":[114.56875080110086,30.36193370913468]}"
3169,15,0,0,0,-22.19688973,-5.539829784,-17.26073583,-8.423232481,0.143772807,1,0,1,2.1575933,"{""geodesic"":false,""type"":""Point"",""coordinates"":[114.10495061990996,30.757551760260917]}"
3170,25,0.8384443,-0.5677083,1,-20.48653519,-4.806655475,-16.11339162,-6.207480166,0.239470479,2,0,1,3.8569965,"{""geodesic"":false,""type"":""Point"",""coordinates"":[114.19064989801495,30.45490934104105]}"
3171,28,0.37560976,0.36946902,1,-27.56770349,-10.92172975,-21.03606106,-8.92776007,0.128004133,2,0,1,1.8543341,"{""geodesic"":false,""type"":""Point"",""coordinates"":[113.79422336313301,30.288900676535764]}"
3172,19,0.40358743,0.086065575,1,-28.69062148,-6.002200095,-19.80910497,-12.05853478,0.062251027,2,0,1,0,"{""geodesic"":false,""type"":""Point"",""coordinates"":[114.20870603522576,30.12855139832043]}"
3173,20,0.5675333,0.007821229,1,-21.18651767,-6.273803283,-17.16434915,-4.586156931,0.347843832,2,0,1,0,"{""geodesic"":false,""type"":""Point"",""coordinates"":[114.14780025896246,30.331211326417794]}"
3174,18,0,0,0,-27.72340044,-6.049971965,-22.7820776,-7.044855467,0.19747606,1,0,1,2.1451445,"{""geodesic"":false,""type"":""Point"",""coordinates"":[114.72478816595243,30.761055189868983]}"
3175,23,0,0,0,-27.43740178,-8.754365538,-17.41868456,-6.069924954,0.247176686,1,0,1,1.4166199,"{""geodesic"":false,""type"":""Point"",""coordinates"":[114.2698813060743,30.017519629203257]}"
3176,26,0.5555556,-0.14221218,1,-28.61482548,-14.07891714,-21.76244893,-13.05399123,0.049499507,2,0,1,0,"{""geodesic"":false,""type"":""Point"",""coordinates"":[113.76862137753561,30.366245622498454]}"
3177,23,0,0,0,-26.35932377,-10.5470376,-20.06632266,-10.77890296,0.083581412,1,0,1,0,"{""geodesic"":false,""type"":""Point"",""coordinates"":[114.7786870829996,30.863193637673373]}"
3178,27,0,0,0,-34.43398212,-20.14934183,-19.9754621,-12.70874248,0.053595182,1,0,1,2.159894,"{""geodesic"":false,""type"":""Point"",""coordinates"":[114.17528870665652,30.859959702650542]}"
3179,21,0,0,0,-25.94086071,-4.356679849,-23.63978482,-12.12988985,0.061236592,1,0,1,2.9820426,"{""geodesic"":false,""type"":""Point"",""coordinates"":[114.17933112543506,30.8235779336437]}"
3180,28,0,0,0,-28.09667767,-10.17020775,-24.24849458,-11.98158213,0.063363884,1,0,1,0,"{""geodesic"":false,""type"":""Point"",""coordinates"":[114.76036145120356,30.961289666699226]}"
3181,13,0,0,0,-23.82635951,-3.921913467,-15.39245028,-7.15239834,0.192646075,1,0,1,0,"{""geodesic"":false,""type"":""Point"",""coordinates"":[114.50488058439997,30.779111327079786]}"
3182,24,0.95278245,-1,1,-31.50504881,-18.11843739,-19.85734361,-10.7538855,0.084064271,2,0,1,1.4201636,"{""geodesic"":false,""type"":""Point"",""coordinates"":[114.14941722647387,30.446555008898738]}"
3183,23,0.79141104,-0.50865054,1,-30.93775579,-15.8370125,-21.55001746,-11.63005425,0.068705986,2,0,1,0.92740995,"{""geodesic"":false,""type"":""Point"",""coordinates"":[113.75514664827381,30.339565658560105]}"
3184,21,0,0,0,-24.70965399,-7.007967997,-16.69345938,-7.071218342,0.196280957,1,0,1,1.0740862,"{""geodesic"":false,""type"":""Point"",""coordinates"":[114.55581506100954,30.297793997848547]}"
3185,23,0.8356164,-0.3499268,1,-37.93858135,-8.949478778,-26.25625969,-4.241815593,0.376546349,2,0,1,4.388233,"{""geodesic"":false,""type"":""Point"",""coordinates"":[113.84434935598688,30.32177901593454]}"
3186,23,0.62128043,-0.4526589,1,-29.59589861,-3.648222522,-21.33796749,-5.099494293,0.30906553,2,0,1,2.7802885,"{""geodesic"":false,""type"":""Point"",""coordinates"":[113.81147101658811,30.275964936444442]}"
3187,17,0,0,0,-33.48774968,-5.970616349,-26.0057636,-5.625196471,0.273829575,1,0,1,0,"{""geodesic"":false,""type"":""Point"",""coordinates"":[114.22325874282849,30.013477210424718]}"
3188,22,0,0,0,-27.46670537,-12.36507375,-19.31760017,-10.33841979,0.092503469,1,0,1,1.0792352,"{""geodesic"":false,""type"":""Point"",""coordinates"":[114.81075693864267,30.76240266279516]}"
3189,24,0,0,0,-27.93644972,-9.224251852,-20.56792033,-9.988076226,0.100274932,1,0,1,1.8543341,"{""geodesic"":false,""type"":""Point"",""coordinates"":[114.34641776828128,30.70850374574799]}"
3190,24,0.65299684,-0.31769723,1,-32.94259743,-17.34250263,-21.07659116,-14.99642797,0.031648797,2,0,1,3.3513703,"{""geodesic"":false,""type"":""Point"",""coordinates"":[113.80850657615052,30.353040387821896]}"
3191,22,0,0,0,-26.18901079,-5.326198184,-20.92391352,-4.849064903,0.327411184,1,0,1,3.3652985,"{""geodesic"":false,""type"":""Point"",""coordinates"":[114.8050975523527,30.78935212131875]}"
3192,29,0,0,0,-20.1738841,-6.249097424,-10.57924323,-4.391313731,0.363804969,1,0,1,3.5122547,"{""geodesic"":false,""type"":""Point"",""coordinates"":[114.30680206425161,30.39319508102204]}"
3193,28,0.8989899,-0.61147326,1,-25.70171157,-7.246264255,-18.75785349,-8.942929987,0.127557794,2,0,1,0.92740995,"{""geodesic"":false,""type"":""Point"",""coordinates"":[114.07719267763066,30.273000496006848]}"
3194,17,0,0,0,-35.34472925,-9.210626428,-33.28598688,-10.24243675,0.094570639,1,0,1,0,"{""geodesic"":false,""type"":""Point"",""coordinates"":[114.22487571033992,30.04069616353354]}"
3195,23,0.35871157,-0.2883549,1,-29.55639628,-3.971519625,-21.78482494,-4.636209823,0.343857909,2,0,1,1.0747168,"{""geodesic"":false,""type"":""Point"",""coordinates"":[113.9925713778666,30.355196344503785]}"
3196,16,0,0,0,-30.99572396,-3.678211878,-26.18614125,-9.16071634,0.121318873,1,0,1,0,"{""geodesic"":false,""type"":""Point"",""coordinates"":[114.38010459143577,30.14526006260505]}"
3197,29,0.48924357,-0.20927665,1,-29.07009618,-14.01052801,-20.41055362,-6.047501356,0.248456215,2,0,1,3.350976,"{""geodesic"":false,""type"":""Point"",""coordinates"":[114.11546090873415,30.340643636901046]}"
3198,22,0.8568773,-0.40772533,1,-28.1418043,-7.130860913,-21.45043791,-9.537014038,0.111249635,2,0,1,0,"{""geodesic"":false,""type"":""Point"",""coordinates"":[113.91738238858579,30.359777752452793]}"
3199,21,0,0,0,-25.50541176,-8.022941378,-19.02702705,-4.925438147,0.321703796,1,0,1,2.1412694,"{""geodesic"":false,""type"":""Point"",""coordinates"":[114.24104538545406,30.05875230074434]}"
3200,20,0,0,0,-27.71485969,-7.62331642,-24.1760562,-8.042458289,0.156947416,1,0,1,2.7802885,"{""geodesic"":false,""type"":""Point"",""coordinates"":[114.37390621597534,30.127473419979484]}"
3201,20,0.83915025,-0.61420697,1,-20.27213891,-5.317931134,-11.07745083,-6.328892603,0.232868497,2,0,1,3.7169907,"{""geodesic"":false,""type"":""Point"",""coordinates"":[114.19145838177067,30.432002301296002]}"
3202,24,0.7679558,-0.37802607,1,-29.2620889,-12.98765757,-28.15449955,-16.16369763,0.024189686,2,0,1,1.0742079,"{""geodesic"":false,""type"":""Point"",""coordinates"":[113.78155711762693,30.308843275843216]}"
3203,24,0.7068323,-0.7220709,1,-32.95404018,-17.55649621,-23.02842077,-14.61482466,0.034555528,2,0,1,1.4201149,"{""geodesic"":false,""type"":""Point"",""coordinates"":[114.15103419398528,30.440895622608785]}"
3204,19,0.5981941,-0.08830549,1,-28.37492689,-9.257469544,-24.01824735,-9.526918971,0.111508533,2,0,1,0,"{""geodesic"":false,""type"":""Point"",""coordinates"":[114.21113148649289,30.22799490027246]}"
3205,29,0,0,0,-23.15985841,-6.64627666,-13.09532973,-4.664810567,0.34160085,1,0,1,1.8543341,"{""geodesic"":false,""type"":""Point"",""coordinates"":[114.16181397739471,30.896341471657383]}"
3206,26,0,0,0,-17.23253588,-4.039879031,-11.09505838,-4.182566662,0.38171861,1,0,1,3.8563962,"{""geodesic"":false,""type"":""Point"",""coordinates"":[114.40112516908417,30.25790879923364]}"
3207,20,0,0,0,-23.39671176,-6.128422613,-17.59556478,-6.657099386,0.215918603,1,0,1,1.4226669,"{""geodesic"":false,""type"":""Point"",""coordinates"":[114.81075693864267,30.74380753641389]}"
3208,25,0.7665904,-0.50167227,1,-24.81381832,-8.835071472,-27.11559074,-19.71420292,0.010680208,2,0,1,1.0741318,"{""geodesic"":false,""type"":""Point"",""coordinates"":[113.7753587421665,30.301836416627083]}"
3209,21,0,0,0,-13.82858563,-3.924502063,-9.483956401,-9.560339131,0.110653737,1,0,1,2.3462632,"{""geodesic"":false,""type"":""Point"",""coordinates"":[114.02760567394726,30.66700157962167]}"
3210,23,0.76616913,-0.3203593,1,-29.05313581,-4.605307444,-21.45480409,-6.167635111,0.24167765,2,0,1,2.3391633,"{""geodesic"":false,""type"":""Point"",""coordinates"":[113.84003744262311,30.31692811340029]}"
3211,22,0.48679757,-0.3494424,1,-29.12625138,-8.48326359,-18.74391061,-6.873238155,0.205435827,2,0,1,3.7175543,"{""geodesic"":false,""type"":""Point"",""coordinates"":[113.80338617903104,30.45167540601822]}"
3212,24,0.8540146,-0.43720192,1,-31.36495185,-13.76413522,-23.83519981,-14.8634879,0.032632565,2,0,1,1.8543341,"{""geodesic"":false,""type"":""Point"",""coordinates"":[113.83195260506604,30.33336728309968]}"
3213,23,0,0,0,-24.66630769,-6.153590871,-20.62860175,-10.28269352,0.093698071,1,0,1,0,"{""geodesic"":false,""type"":""Point"",""coordinates"":[114.18741596299213,30.847293457144456]}"
3214,21,0.3116279,0.19974473,1,-30.09600719,-16.76277697,-23.55902311,-13.38606248,0.045855745,2,0,1,2.7802885,"{""geodesic"":false,""type"":""Point"",""coordinates"":[113.75487715368858,30.371096525032698]}"
3215,23,0.7871287,-0.46007603,1,-32.079593,-8.621269516,-20.52235232,-5.932673146,0.255113056,2,0,1,2.33657,"{""geodesic"":false,""type"":""Point"",""coordinates"":[113.82710170253179,30.18757071248708]}"
3216,24,0.7796258,-0.40179718,1,-26.8243646,-8.488106957,-20.06753232,-4.230652426,0.377515474,2,0,1,2.1478984,"{""geodesic"":false,""type"":""Point"",""coordinates"":[113.8580935798339,30.31962305925265]}"
3217,26,0,0,0,0.711469507,-3.98138981,0.769604463,-4.675945138,0.340726166,1,0,1,2.1440556,"{""geodesic"":false,""type"":""Point"",""coordinates"":[114.23269105331175,30.56674959391393]}"
3218,23,0,0,0,-28.01203121,-8.82210475,-20.39437567,-6.046628594,0.24850615,1,0,1,4.247886,"{""geodesic"":false,""type"":""Point"",""coordinates"":[114.22514520492514,30.21883208437444]}"
3219,16,0,0,0,-14.75222479,-5.464226924,-6.557750201,-13.32348284,0.046521286,1,0,1,2.1561093,"{""geodesic"":false,""type"":""Point"",""coordinates"":[114.35019069247458,30.69098659770766]}"
3220,22,0.46984926,-0.12068965,1,-22.26873764,-5.112858374,-19.76264259,-10.19603082,0.095586579,2,0,1,4.6680255,"{""geodesic"":false,""type"":""Point"",""coordinates"":[114.17501921207128,30.253596885869865]}"
3221,20,0.25,0.17084827,1,-25.80969168,-8.035243924,-14.06191859,-8.682826743,0.135430763,2,0,1,2.8376453,"{""geodesic"":false,""type"":""Point"",""coordinates"":[113.77940116094504,30.390230640584445]}"
3222,21,0,0,0,-15.09148948,-4.445559709,-7.735392862,-5.148799845,0.305576544,1,0,1,4.258814,"{""geodesic"":false,""type"":""Point"",""coordinates"":[114.30437661298448,30.657299774553177]}"
3223,18,0,0,0,-22.84245436,-8.326646063,-18.19434888,-12.10179825,0.061633975,1,0,1,1.4218318,"{""geodesic"":false,""type"":""Point"",""coordinates"":[114.82342318414875,30.645172518217564]}"
3224,62,0,0,0,-23.53317233,-4.59127881,-17.53256693,-5.862125029,0.259291033,1,0,1,1.8543341,"{""geodesic"":false,""type"":""Point"",""coordinates"":[114.2803915948985,30.99740194112083]}"
3225,21,0,0,0,-26.97206699,-7.999578733,-22.79899374,-11.2367791,0.075218053,1,0,1,1.0710025,"{""geodesic"":false,""type"":""Point"",""coordinates"":[114.23646397750505,30.014285694180426]}"
3226,20,0.31132916,0.46074253,1,-20.30537559,-7.459574632,-18.08404269,-10.42665481,0.090643052,2,0,1,2.3387504,"{""geodesic"":false,""type"":""Point"",""coordinates"":[113.81874737038947,30.296446524922366]}"
3227,21,0,0,0,-28.71186007,-4.427499428,-24.38240603,-11.87849179,0.064885973,1,0,1,1.4234732,"{""geodesic"":false,""type"":""Point"",""coordinates"":[114.1707072987075,30.83866963041691]}"
3228,18,0,0,0,-23.73757167,-3.999503542,-18.48052366,-4.806691449,0.33062132,1,0,1,4.404422,"{""geodesic"":false,""type"":""Point"",""coordinates"":[114.68059105397374,30.697723962338557]}"
3229,24,0,0,0,-24.41613548,-10.20346726,-20.46022382,-8.839440619,0.130633914,1,0,1,1.4218272,"{""geodesic"":false,""type"":""Point"",""coordinates"":[114.54314881550346,30.644633529047095]}"
3230,20,0,0,0,-22.01628622,-4.858175371,-18.86628061,-7.20819159,0.190187006,1,0,1,1.4223795,"{""geodesic"":false,""type"":""Point"",""coordinates"":[114.36043148671355,30.710120713259407]}"
3231,16,0,0,0,-26.29996295,-3.528331578,-23.41632755,-8.29257276,0.14816401,1,0,1,0,"{""geodesic"":false,""type"":""Point"",""coordinates"":[114.45718004281322,30.286744719853875]}"
3232,19,0.5974194,-0.32206118,1,-33.02754254,-6.493597475,-28.89792062,-8.761275145,0.133006384,2,0,1,0,"{""geodesic"":false,""type"":""Point"",""coordinates"":[114.20762805688481,30.246051037483262]}"
3233,24,0.9609583,-0.6068027,1,-27.40885276,-11.32148258,-23.43480343,-13.5669495,0.043985046,2,0,1,2.3383658,"{""geodesic"":false,""type"":""Point"",""coordinates"":[113.89986524054547,30.27731240937062]}"
3234,23,0,0,0,-25.0373541,-7.379243817,-17.43381106,-6.205090289,0.239602294,1,0,1,2.1448197,"{""geodesic"":false,""type"":""Point"",""coordinates"":[114.05698058373797,30.70338334862851]}"
3235,25,0,0,0,-26.87297512,-8.255289565,-21.87741059,-11.97386252,0.063476613,1,0,1,2.1599565,"{""geodesic"":false,""type"":""Point"",""coordinates"":[114.22864863453322,30.8626546485029]}"
3236,23,0,0,0,-22.61786746,-6.704602082,-19.5986667,-6.748838247,0.211405448,1,0,1,1.4215436,"{""geodesic"":false,""type"":""Point"",""coordinates"":[114.55770152310619,30.61121620047785]}"
3237,24,0,0,0,-24.3871245,-10.15961855,-15.82144529,-6.791218508,0.209352499,1,0,1,4.283465,"{""geodesic"":false,""type"":""Point"",""coordinates"":[114.52428419453695,30.687213673514357]}"
3238,24,0.8515008,-0.5732648,1,-28.68380418,-15.29428385,-25.10031505,-16.23751617,0.023782,2,0,1,0.92740995,"{""geodesic"":false,""type"":""Point"",""coordinates"":[113.7829045905531,30.317467102570763]}"
3239,25,0,0,0,-44.52938072,-22.22238144,-26.6740132,-6.395394549,0.229329828,1,0,1,0,"{""geodesic"":false,""type"":""Point"",""coordinates"":[114.35611957334977,30.684249233076763]}"
3240,22,0.9089347,-0.5474308,1,-28.39665078,-11.64661408,-18.45530646,-10.44227194,0.090317687,2,0,1,3.8566668,"{""geodesic"":false,""type"":""Point"",""coordinates"":[113.88908545713603,30.34684201236147]}"
3241,21,0,0,0,-25.37741851,-6.725080593,-19.77186284,-8.714321426,0.134452183,1,0,1,3.5112102,"{""geodesic"":false,""type"":""Point"",""coordinates"":[114.51835531366176,30.315311145888877]}"
3242,19,0,0,0,-26.39413859,-9.28287176,-18.45982551,-7.254419419,0.188173325,1,0,1,0.92740995,"{""geodesic"":false,""type"":""Point"",""coordinates"":[114.80644502527889,30.736261688027284]}"
3243,22,0.9610895,-0.6013805,1,-32.56238407,-14.3443938,-26.16080849,-18.00178265,0.015842428,2,0,1,4.2769814,"{""geodesic"":false,""type"":""Point"",""coordinates"":[114.16423942866184,30.096751037262596]}"
3244,16,0,0,0,-29.66733162,-4.323473258,-21.00285165,-5.243201442,0.299005967,1,0,1,0,"{""geodesic"":false,""type"":""Point"",""coordinates"":[114.47685314753544,30.108069809842505]}"
3245,19,0,0,0,-32.70454909,-16.91236384,-18.35947375,-6.372331394,0.230550921,1,0,1,2.1454837,"{""geodesic"":false,""type"":""Point"",""coordinates"":[114.49868220893954,30.20913027930595]}"
3246,18,0,0,0,-28.46877178,-9.993992918,-19.36737679,-10.20442064,0.0954021,1,0,1,0.92740995,"{""geodesic"":false,""type"":""Point"",""coordinates"":[114.44154935686954,30.3673236008394]}"
3247,21,0,0,0,-30.05955521,-13.94532255,-21.37299071,-11.37457373,0.072868969,1,0,1,0.92740995,"{""geodesic"":false,""type"":""Point"",""coordinates"":[114.19145838177067,30.83866963041691]}"
3248,22,0.6481242,-0.2485623,1,-21.09892569,-4.197717061,-15.02608232,-4.318699531,0.369938939,2,0,1,1.4201821,"{""geodesic"":false,""type"":""Point"",""coordinates"":[113.9459488146208,30.44898046016586]}"
3249,23,0,0,0,-27.44460467,-9.637848787,-21.83224448,-13.92287503,0.040524018,1,0,1,2.9795976,"{""geodesic"":false,""type"":""Point"",""coordinates"":[114.26341343602864,30.210208257646894]}"
3250,19,0,0,0,-25.19924799,-8.265520766,-16.25628386,-5.706627572,0.268743051,1,0,1,0,"{""geodesic"":false,""type"":""Point"",""coordinates"":[114.5223977324403,30.571869991033413]}"
3251,20,0,0,0,-27.28921732,-6.153995854,-22.51518343,-15.93981084,0.025469412,1,0,1,0,"{""geodesic"":false,""type"":""Point"",""coordinates"":[114.18013960919076,30.816840569012804]}"
3252,19,0,0,0,-27.2694128,-9.99226152,-20.6016997,-11.26460036,0.074737741,1,0,1,1.8543341,"{""geodesic"":false,""type"":""Point"",""coordinates"":[114.71023545834969,30.70419183238422]}"
3253,23,0,0,0,-14.21070642,-10.24290432,-10.03224708,-14.32347079,0.036953274,1,0,1,2.1445456,"{""geodesic"":false,""type"":""Point"",""coordinates"":[114.15723256944571,30.654335334115583]}"
3254,21,0.24447174,0.069518715,1,-27.8405724,-14.41058292,-20.95215094,-14.16048221,0.038366464,2,0,1,2.1474,"{""geodesic"":false,""type"":""Point"",""coordinates"":[113.8580935798339,30.29698551409284]}"
3255,35,0,0,0,-25.14314922,-3.876390201,-16.85386756,-4.326194326,0.369301071,1,0,1,0,"{""geodesic"":false,""type"":""Point"",""coordinates"":[114.28443401367704,30.911163673845355]}"
3256,22,0,0,0,-29.58089172,-15.69283,-20.24387962,-9.647985714,0.108442976,1,0,1,3.5185244,"{""geodesic"":false,""type"":""Point"",""coordinates"":[114.20870603522576,30.854839305531062]}"
3257,20,0,0,0,-22.69414027,-6.953992111,-18.19174355,-12.59190851,0.05505657,1,0,1,1.4190538,"{""geodesic"":false,""type"":""Point"",""coordinates"":[114.25101668510779,30.313424683792224]}"
3258,25,0.72292995,-0.22580644,1,-24.10621521,-7.797922504,-24.41034624,-13.54132087,0.044245378,2,0,1,1.0744059,"{""geodesic"":false,""type"":""Point"",""coordinates"":[113.8203643379009,30.32689941305402]}"
3259,21,0,0,0,-27.08056364,-10.29133601,-22.59644262,-13.32433702,0.046512137,1,0,1,1.0778632,"{""geodesic"":false,""type"":""Point"",""coordinates"":[114.85172011559851,30.639782626512847]}"
3260,20,0.82181257,-1,1,-39.53063908,-12.25137895,-21.69888451,-4.328467217,0.369107847,2,0,1,1.8543341,"{""geodesic"":false,""type"":""Point"",""coordinates"":[113.79503184688872,30.380259340930717]}"
3261,17,0,0,0,-36.96539937,-7.459054688,-24.85819704,-5.898026861,0.257156386,1,0,1,2.1581657,"{""geodesic"":false,""type"":""Point"",""coordinates"":[114.17933112543506,30.783153745858325]}"
3262,25,0,0,0,-25.46917538,-7.863015238,-17.56481476,-9.899687353,0.102336666,1,0,1,1.8543341,"{""geodesic"":false,""type"":""Point"",""coordinates"":[113.94540982545033,30.781806272932144]}"
3263,24,0.84615386,-0.5442043,1,-28.76109055,-15.60412891,-23.7492229,-18.09173618,0.015517665,2,0,1,2.1427622,"{""geodesic"":false,""type"":""Point"",""coordinates"":[113.81416596244047,30.332828293929207]}"
3264,24,0.8947368,-0.78088576,1,-29.56528004,-13.90107488,-19.50762564,-8.621921354,0.137343422,2,0,1,2.339711,"{""geodesic"":false,""type"":""Point"",""coordinates"":[113.75999755080807,30.344147066509112]}"
3265,19,0,0,0,-30.58650387,-14.56278299,-17.84551595,-11.88349161,0.064811316,1,0,1,2.1454341,"{""geodesic"":false,""type"":""Point"",""coordinates"":[114.18445152255454,30.812528655649032]}"
3266,22,0.56,-0.45338982,1,-28.97387347,-4.785587187,-21.77879845,-8.531484414,0.140233431,2,0,1,3.2211215,"{""geodesic"":false,""type"":""Point"",""coordinates"":[113.81308798409952,30.35492684991855]}"
3267,21,0,0,0,-21.85089954,-5.356616271,-12.92670581,-4.136491329,0.385789912,1,0,1,2.348064,"{""geodesic"":false,""type"":""Point"",""coordinates"":[114.11384394122274,30.754587319823322]}"
3268,42,0,0,0,-24.18951509,-3.677623205,-15.67417072,-5.035046522,0.313686153,1,0,1,0.92740995,"{""geodesic"":false,""type"":""Point"",""coordinates"":[114.27607968153472,30.947006453681723]}"
3269,18,0,0,0,-29.59009674,-4.14711039,-20.97404382,-6.451905422,0.226365094,1,0,1,0,"{""geodesic"":false,""type"":""Point"",""coordinates"":[114.62669213692658,30.61364165174497]}"
3270,20,0,0,0,-23.04860744,-5.062156637,-19.20580415,-7.306480979,0.185931042,1,0,1,2.8327072,"{""geodesic"":false,""type"":""Point"",""coordinates"":[114.21544339985665,30.090822156387407]}"
3271,21,0.8970013,-0.6526946,1,-31.08785714,-8.044115447,-23.40319565,-8.007214801,0.158226244,2,0,1,0,"{""geodesic"":false,""type"":""Point"",""coordinates"":[113.90821957268778,30.436853203830246]}"
3272,22,0.79538614,-0.3682927,1,-32.94868338,-17.18181176,-25.80633359,-21.53826874,0.00701735,2,0,1,3.2201915,"{""geodesic"":false,""type"":""Point"",""coordinates"":[113.86968184699906,30.326629918468782]}"
3273,23,0,0,0,-22.79013179,-8.324600048,-18.56167064,-13.33689081,0.046377883,1,0,1,3.3500743,"{""geodesic"":false,""type"":""Point"",""coordinates"":[114.25452011471586,30.312077210866047]}"
3274,17,0,0,0,-30.81805186,-16.3510615,-21.60995486,-14.90402091,0.03232942,1,0,1,2.7802885,"{""geodesic"":false,""type"":""Point"",""coordinates"":[114.58411199245931,30.54087811373129]}"
3275,25,0,0,0,-24.78370967,-9.275079278,-20.92869201,-12.05764967,0.062263716,1,0,1,3.2394338,"{""geodesic"":false,""type"":""Point"",""coordinates"":[114.76251740788544,30.904695803799694]}"
3276,23,0,0,0,-22.96387466,-5.355433488,-21.43428747,-13.50422684,0.044624906,1,0,1,1.0713687,"{""geodesic"":false,""type"":""Point"",""coordinates"":[114.25425062013062,30.047972517334905]}"
3277,20,0,0,0,-28.64397047,-10.70884661,-21.65243632,-16.96589449,0.02010993,1,0,1,0,"{""geodesic"":false,""type"":""Point"",""coordinates"":[114.16666487992897,30.848101940900165]}"
3278,17,0,0,0,-22.45804795,-3.800457083,-18.69953817,-4.253140908,0.375565689,1,0,1,1.0751443,"{""geodesic"":false,""type"":""Point"",""coordinates"":[114.57872210075459,30.394273059362984]}"
3279,17,0,0,0,-33.76128296,-6.680710032,-28.07402891,-5.318546936,0.29386327,1,0,1,0,"{""geodesic"":false,""type"":""Point"",""coordinates"":[114.23161307497081,30.021292553396556]}"
3280,21,0,0,0,-31.00292891,-14.58325481,-21.55066192,-11.41399858,0.072210465,1,0,1,2.3470998,"{""geodesic"":false,""type"":""Point"",""coordinates"":[114.19711776806062,30.707695261992285]}"
3281,22,0,0,0,-23.88641367,-4.463350025,-21.194058,-10.28154992,0.093722747,1,0,1,3.8559144,"{""geodesic"":false,""type"":""Point"",""coordinates"":[114.25182516886349,30.09782901560354]}"
3282,16,0,0,0,-36.59400613,-10.8542871,-29.54252191,-8.872440108,0.129645065,1,0,1,0,"{""geodesic"":false,""type"":""Point"",""coordinates"":[114.36043148671355,30.664845622939783]}"
3283,23,0,0,0,-19.93410304,-5.473823347,-15.35847327,-4.41825545,0.361555069,1,0,1,2.1453824,"{""geodesic"":false,""type"":""Point"",""coordinates"":[114.37794863475388,30.803365839751013]}"
3284,24,0,0,0,-25.00795881,-8.116353498,-22.64910555,-9.620279542,0.109137009,1,0,1,1.8543341,"{""geodesic"":false,""type"":""Point"",""coordinates"":[114.78434646928955,30.799323420972474]}"
3285,26,0,0,0,-24.36651943,-6.595594609,-21.05843427,-6.091728171,0.245938875,1,0,1,0.92740995,"{""geodesic"":false,""type"":""Point"",""coordinates"":[114.36097047588402,30.710929197015115]}"
3286,28,0.52684563,-0.41068703,1,-23.24114858,-3.894036474,-18.99204746,-6.541697451,0.22173296,2,0,1,2.1426234,"{""geodesic"":false,""type"":""Point"",""coordinates"":[114.10387264156901,30.307495802917035]}"
3287,24,0,0,0,-26.68898798,-7.280624747,-23.05011994,-15.3584915,0.029117283,1,0,1,1.0802839,"{""geodesic"":false,""type"":""Point"",""coordinates"":[114.21355693776,30.855917283872003]}"
3288,14,0,0,0,-23.09025887,-6.855957768,-16.93424914,-5.501106683,0.281766483,1,0,1,2.1435435,"{""geodesic"":false,""type"":""Point"",""coordinates"":[114.62642264234134,30.474582445763268]}"
3289,24,0,0,0,-26.68033646,-4.018693467,-18.8560701,-4.250235335,0.375817039,1,0,1,2.9815605,"{""geodesic"":false,""type"":""Point"",""coordinates"":[114.34318383325845,30.704461326969454]}"
3290,24,0,0,0,-23.4216681,-6.096387527,-19.48445946,-10.80553321,0.083070472,1,0,1,3.34398,"{""geodesic"":false,""type"":""Point"",""coordinates"":[114.22757065619227,30.117502120325756]}"
3291,21,0.89076924,-0.7653391,1,-25.92217644,-7.337648507,-21.47925191,-10.73201669,0.084488642,2,0,1,0,"{""geodesic"":false,""type"":""Point"",""coordinates"":[113.88773798420985,30.498836958434495]}"
3292,22,0.47797358,-0.25963148,1,-22.05660656,-6.323907793,-17.60909418,-9.64623074,0.108486807,2,0,1,3.352046,"{""geodesic"":false,""type"":""Point"",""coordinates"":[113.77940116094504,30.37433046005553]}"
3293,16,0,0,0,-32.57324317,-8.549081966,-20.19653852,-4.980617977,0.317642205,1,0,1,0,"{""geodesic"":false,""type"":""Point"",""coordinates"":[114.45718004281322,30.091630640143116]}"
3294,22,0,0,0,-11.06203613,-3.861172908,-6.484997504,-5.801099256,0.262960232,1,0,1,1.4220055,"{""geodesic"":false,""type"":""Point"",""coordinates"":[114.21759935653854,30.665923601280724]}"
3295,23,0,0,0,-26.51545032,-7.314171675,-21.92785862,-6.900615413,0.204144864,1,0,1,3.3619902,"{""geodesic"":false,""type"":""Point"",""coordinates"":[114.53452498877591,30.68667468434389]}"
3296,21,0.60392797,-0.48205128,1,-31.22902365,-8.254070647,-22.10016132,-5.005401112,0.315834733,2,0,1,2.3401697,"{""geodesic"":false,""type"":""Point"",""coordinates"":[114.08527751518774,30.367054106254162]}"
3297,22,0,0,0,-25.0935316,-10.72032349,-19.91314526,-7.704563006,0.169646029,1,0,1,1.0795032,"{""geodesic"":false,""type"":""Point"",""coordinates"":[114.85576253437705,30.786387680881155]}"
3298,21,0,0,0,-22.55793212,-5.088449368,-15.71389716,-7.260695762,0.187901576,1,0,1,2.7802885,"{""geodesic"":false,""type"":""Point"",""coordinates"":[114.19981271391298,30.744077030999126]}"
3299,40,0,0,0,-20.98144058,-4.143120248,-15.97654994,-4.735017635,0.336123004,1,0,1,4.896701,"{""geodesic"":false,""type"":""Point"",""coordinates"":[114.37390621597534,30.03934869060736]}"
3300,18,0,0,0,-26.02673163,-12.06364541,-17.19015909,-6.143871201,0.243003696,1,0,1,0.92740995,"{""geodesic"":false,""type"":""Point"",""coordinates"":[114.47469719085355,30.167897607764864]}"
3301,24,0,0,0,-10.91026577,-6.169478896,-9.659144883,-6.501149207,0.223812882,1,0,1,4.3043284,"{""geodesic"":false,""type"":""Point"",""coordinates"":[114.2871289595294,30.650562409922284]}"
3302,21,0.3491311,0.071698114,1,-31.22435326,-12.33732858,-20.64149425,-13.03378965,0.049730295,2,0,1,2.1433291,"{""geodesic"":false,""type"":""Point"",""coordinates"":[114.20789755147005,30.109956271939154]}"
3303,23,0.8764045,-1,1,-31.55586933,-8.843642738,-22.15979107,-7.575678874,0.174756007,2,0,1,2.1429317,"{""geodesic"":false,""type"":""Point"",""coordinates"":[113.76538744251278,30.363550676646096]}"
3304,21,0,0,0,-13.14272193,-4.0643551,-0.062243823,-4.391769821,0.363766765,1,0,1,1.0781387,"{""geodesic"":false,""type"":""Point"",""coordinates"":[114.3194683097577,30.664576128354547]}"
3305,25,0.35812965,0.18381503,1,-27.08183179,-7.863253215,-21.09335976,-11.2762441,0.074537632,2,0,1,2.1427896,"{""geodesic"":false,""type"":""Point"",""coordinates"":[113.81389646785523,30.33767919646345]}"
3306,16,0,0,0,-33.69611031,-19.08556604,-21.91691125,-12.27950773,0.059162869,1,0,1,2.3473392,"{""geodesic"":false,""type"":""Point"",""coordinates"":[114.72802210097525,30.719553023742662]}"
3307,19,0,0,0,-27.04220294,-4.357595727,-23.97302509,-4.266878922,0.374379541,1,0,1,0,"{""geodesic"":false,""type"":""Point"",""coordinates"":[114.23349953706746,30.1328633116842]}"
3308,24,0.9032502,-0.7017921,1,-37.17936767,-22.29386106,-21.40294553,-11.5309433,0.070291963,2,0,1,0.92740995,"{""geodesic"":false,""type"":""Point"",""coordinates"":[114.1623529665652,30.450597427677277]}"
3309,20,0.35869566,-0.07290096,1,-21.05140922,-4.849045954,-10.72907969,-4.457034724,0.358341022,2,0,1,2.1463315,"{""geodesic"":false,""type"":""Point"",""coordinates"":[114.10306415781331,30.247937499579912]}"
3310,27,0,0,0,-21.58810466,-3.62728035,-16.81496172,-8.894852186,0.128977746,1,0,1,1.0782069,"{""geodesic"":false,""type"":""Point"",""coordinates"":[114.47469719085355,30.670505009229736]}"
3311,26,0.8251366,-0.5754386,1,-24.72993806,-7.884843126,-20.74026955,-11.68124639,0.067900874,2,0,1,2.143402,"{""geodesic"":false,""type"":""Point"",""coordinates"":[114.18283455504312,30.44898046016586]}"
3312,23,0.86155915,-0.6165577,1,-23.73548912,-6.305339515,-17.74264903,-7.896122702,0.162325866,2,0,1,0,"{""geodesic"":false,""type"":""Point"",""coordinates"":[113.97235928397392,30.619840027205395]}"
3313,17,0,0,0,-33.1997863,-13.65043757,-18.30561337,-7.059496068,0.196811465,1,0,1,0,"{""geodesic"":false,""type"":""Point"",""coordinates"":[114.19630928430492,30.713354648282237]}"
3314,21,0.7367257,-0.29481483,1,-24.02255548,-4.172057891,-19.20761084,-5.427154894,0.286605494,2,0,1,0,"{""geodesic"":false,""type"":""Point"",""coordinates"":[113.85108672061777,30.48617071292841]}"
3315,19,0.616348,-0.38133332,1,-25.67299121,-7.351709983,-19.22149431,-5.293302895,0.29557637,2,0,1,0,"{""geodesic"":false,""type"":""Point"",""coordinates"":[114.18526000631024,30.2681495934726]}"
3316,22,0,0,0,-22.70586275,-5.11533815,-18.54390268,-10.86911953,0.081863074,1,0,1,2.7802885,"{""geodesic"":false,""type"":""Point"",""coordinates"":[114.37255874304915,30.70014941360568]}"
3317,28,0.25873417,-0.13411765,1,-22.72282399,-4.212563598,-17.40460685,-8.188684015,0.151751013,2,0,1,2.1481845,"{""geodesic"":false,""type"":""Point"",""coordinates"":[114.00173419376462,30.332828293929207]}"
3318,21,0.70893973,-0.48412699,1,-25.13261653,-6.40988571,-24.3683789,-11.40876354,0.072297561,2,0,1,2.3347385,"{""geodesic"":false,""type"":""Point"",""coordinates"":[114.20870603522576,30.095673058921655]}"
3319,19,0,0,0,-31.00637604,-19.0535237,-21.02768977,-18.33277766,0.014679871,1,0,1,3.5171516,"{""geodesic"":false,""type"":""Point"",""coordinates"":[114.18930242508878,30.754587319823322]}"
3320,16,0,0,0,-29.97544582,-12.14281159,-26.7530886,-17.30607888,0.018594826,1,0,1,0,"{""geodesic"":false,""type"":""Point"",""coordinates"":[114.37498419431628,30.189996163754202]}"
3321,20,0,0,0,-28.37012898,-12.30187532,-23.59498782,-16.03692719,0.024906189,1,0,1,0,"{""geodesic"":false,""type"":""Point"",""coordinates"":[114.16639538534373,30.846215478803515]}"
3322,24,0.42095914,0.26555654,1,-26.99545974,-10.47857028,-23.81638341,-15.52881308,0.027997464,2,0,1,1.8543341,"{""geodesic"":false,""type"":""Point"",""coordinates"":[113.77643672050745,30.30453136247944]}"
3323,23,0.5322581,-0.33868974,1,-21.75630581,-5.698039829,-13.90408256,-6.881974725,0.205022973,2,0,1,0,"{""geodesic"":false,""type"":""Point"",""coordinates"":[113.89878726220452,30.46595861903572]}"
3324,25,0,0,0,-29.8935284,-14.78548832,-20.43740578,-10.42058529,0.090769819,1,0,1,0,"{""geodesic"":false,""type"":""Point"",""coordinates"":[114.16558690158803,30.874512410253278]}"
3325,23,0,0,0,-26.71758865,-4.672273016,-20.12343661,-9.468879892,0.113008734,1,0,1,1.8543341,"{""geodesic"":false,""type"":""Point"",""coordinates"":[114.16855134202562,30.851335875922995]}"
3326,29,0,0,0,-18.47292718,-4.648473605,-13.66443985,-6.609190736,0.218313668,1,0,1,1.0785357,"{""geodesic"":false,""type"":""Point"",""coordinates"":[114.42214574673255,30.699879919020443]}"
3327,23,0,0,0,-22.37513315,-7.531859457,-18.12572818,-5.325423016,0.293398371,1,0,1,3.8582394,"{""geodesic"":false,""type"":""Point"",""coordinates"":[114.63693293116553,30.85618677845724]}"
3328,24,0.8304598,-0.4473684,1,-32.97581154,-18.05715257,-26.43477028,-17.43607401,0.018046484,2,0,1,2.339398,"{""geodesic"":false,""type"":""Point"",""coordinates"":[113.81928635955995,30.328516380565432]}"
3329,23,0.84911245,-0.7330097,1,-32.96460402,-20.53137351,-19.00249889,-10.91857022,0.080936231,2,0,1,0.92740995,"{""geodesic"":false,""type"":""Point"",""coordinates"":[113.75083473491004,30.33848768021916]}"
3330,28,0,0,0,-25.87928192,-11.75049335,-16.7893969,-8.016683705,0.15788164,1,0,1,4.688517,"{""geodesic"":false,""type"":""Point"",""coordinates"":[114.22083329156138,30.760785695283747]}"
3331,21,0,0,0,-28.48732111,-12.65980745,-24.63255868,-14.40928354,0.036230276,1,0,1,2.3474817,"{""geodesic"":false,""type"":""Point"",""coordinates"":[114.79377877977281,30.726290388373556]}"
3332,25,0,0,0,-28.469629,-6.347516167,-20.50337414,-5.82723272,0.261382633,1,0,1,3.856892,"{""geodesic"":false,""type"":""Point"",""coordinates"":[114.27904412197232,30.420953023301333]}"
3333,21,0,0,0,-26.01749885,-11.6818912,-23.20591432,-14.42185481,0.036125554,1,0,1,0.92740995,"{""geodesic"":false,""type"":""Point"",""coordinates"":[114.81129592781313,30.762941651965633]}"
3334,18,0,0,0,-15.72650053,-3.605966348,-4.782004344,-12.4928675,0.056326563,1,0,1,0,"{""geodesic"":false,""type"":""Point"",""coordinates"":[114.3202767935134,30.460568727331005]}"
3335,24,0.7008547,-0.3423913,1,-27.88169069,-3.63386333,-19.25440032,-8.471420743,0.142186357,2,0,1,2.1420598,"{""geodesic"":false,""type"":""Point"",""coordinates"":[113.8106625328324,30.20454887135694]}"
3336,23,0.80922097,-0.31589538,1,-30.96429573,-13.27887184,-21.82783696,-13.12966214,0.048644505,2,0,1,1.4190837,"{""geodesic"":false,""type"":""Point"",""coordinates"":[113.78775549308735,30.31692811340029]}"
3337,20,0,0,0,-27.22550683,-6.259309511,-20.88284329,-7.976534888,0.159347961,1,0,1,4.689439,"{""geodesic"":false,""type"":""Point"",""coordinates"":[114.19819574640157,30.78342324044356]}"
3338,22,0,0,0,-28.17178527,-10.7461862,-16.20393518,-7.723674716,0.16890112,1,0,1,0,"{""geodesic"":false,""type"":""Point"",""coordinates"":[114.63046506111988,30.8160320852571]}"
3339,17,0,0,0,-26.67371655,-11.27378903,-17.47883378,-9.34859241,0.116182511,1,0,1,2.3382933,"{""geodesic"":false,""type"":""Point"",""coordinates"":[114.55231163140148,30.27353948517732]}"
3340,25,0,0,0,-20.52024308,-4.188090064,-15.00117097,-8.828087153,0.130975868,1,0,1,2.3467524,"{""geodesic"":false,""type"":""Point"",""coordinates"":[114.45691054822798,30.690717103122424]}"
3341,19,0,0,0,-29.96860044,-5.545648156,-29.58446157,-7.247997671,0.188451775,1,0,1,0,"{""geodesic"":false,""type"":""Point"",""coordinates"":[114.2202943023909,30.172748510299108]}"
3342,22,0.7097561,-0.2854758,1,-30.60913709,-12.66327497,-22.35417257,-11.43623554,0.071841674,2,0,1,1.8543341,"{""geodesic"":false,""type"":""Point"",""coordinates"":[113.79772679274107,30.299949954530433]}"
3343,22,0.8295082,-0.4117647,1,-39.41606965,-25.84223829,-21.34731873,-20.43283712,0.009051411,2,0,1,2.1483977,"{""geodesic"":false,""type"":""Point"",""coordinates"":[113.86051903110103,30.3425300989977]}"
3344,16,0,0,0,-29.91197061,-6.820036288,-27.43822802,-6.549995233,0.221309714,1,0,1,0,"{""geodesic"":false,""type"":""Point"",""coordinates"":[114.40867101747077,30.24874598333562]}"
3345,19,0.69495696,-0.21276596,1,-28.75909887,-5.957623355,-19.80880306,-9.137394856,0.121972104,2,0,1,0,"{""geodesic"":false,""type"":""Point"",""coordinates"":[113.80419466278674,30.305070351649913]}"
3346,26,0,0,0,-27.34567602,-10.40563263,-20.46560311,-13.35910613,0.046141253,1,0,1,1.0805781,"{""geodesic"":false,""type"":""Point"",""coordinates"":[114.16962932036657,30.882058258639884]}"
3347,25,0.79204106,-0.76363635,1,-29.3856765,-15.61371021,-21.27543145,-8.841400221,0.130574983,2,0,1,1.420152,"{""geodesic"":false,""type"":""Point"",""coordinates"":[114.15345964525241,30.44520753597256]}"
3348,22,0.7613941,-0.6299766,1,-34.32308882,-16.87582088,-27.07209673,-17.54536783,0.017597996,2,0,1,1.4190238,"{""geodesic"":false,""type"":""Point"",""coordinates"":[113.7753587421665,30.309651759598925]}"
3349,22,0.86232793,-0.35045317,1,-27.21400277,-5.429624975,-24.02434919,-11.13867992,0.076936426,2,0,1,2.142695,"{""geodesic"":false,""type"":""Point"",""coordinates"":[113.84300188306071,30.320431543008358]}"
3350,19,0.25301206,0.22710162,1,-26.2351228,-6.105845223,-19.18780571,-7.663003681,0.17127723,2,0,1,1.0719161,"{""geodesic"":false,""type"":""Point"",""coordinates"":[114.19577029513444,30.09863749935925]}"
3351,18,0,0,0,-27.65233612,-5.519166929,-19.55544223,-4.980438414,0.317655339,1,0,1,3.3501704,"{""geodesic"":false,""type"":""Point"",""coordinates"":[114.5946222812835,30.31504165130364]}"
3352,24,0,0,0,-26.0640331,-9.762262533,-19.5057699,-8.490606955,0.141559593,1,0,1,1.8543341,"{""geodesic"":false,""type"":""Point"",""coordinates"":[114.61213942932383,30.576990388152893]}"
3353,21,0,0,0,-24.1966013,-8.820128959,-13.98065664,-4.05438859,0.39315259,1,0,1,1.4197164,"{""geodesic"":false,""type"":""Point"",""coordinates"":[114.23538599916411,30.392925586436803]}"
3354,77,0,0,0,-15.13848409,-3.865419721,-9.26035114,-4.058164191,0.392810946,1,0,1,4.9198356,"{""geodesic"":false,""type"":""Point"",""coordinates"":[114.26179646851722,31.104121796874228]}"
3355,25,0,0,0,-21.88886259,-4.592509372,-18.79734557,-12.06140408,0.062209913,1,0,1,0.92740995,"{""geodesic"":false,""type"":""Point"",""coordinates"":[114.61456488059096,30.578876850249543]}"
3356,25,0.79253113,-0.31734318,1,-28.89024125,-9.005082495,-20.89481766,-13.22989665,0.047534654,2,0,1,0.92740995,"{""geodesic"":false,""type"":""Point"",""coordinates"":[113.80931505990623,30.297255008678075]}"
3357,23,0,0,0,-27.06483133,-8.608533156,-20.27921552,-7.570996902,0.174944507,1,0,1,1.0792134,"{""geodesic"":false,""type"":""Point"",""coordinates"":[114.64582625247832,30.76051620069851]}"
3358,21,0,0,0,-27.03103949,-9.8703594,-19.83108869,-7.605542639,0.173558439,1,0,1,0,"{""geodesic"":false,""type"":""Point"",""coordinates"":[114.80887047654602,30.758899233187098]}"
3359,16,0,0,0,-33.54381385,-12.36160138,-23.11262406,-13.45482514,0.04513542,1,0,1,0,"{""geodesic"":false,""type"":""Point"",""coordinates"":[114.37309773221963,30.188648690828025]}"
3360,19,0.58754325,-0.58188826,1,-30.1612939,-10.39382338,-20.00301767,-8.691794273,0.135151407,2,0,1,0,"{""geodesic"":false,""type"":""Point"",""coordinates"":[114.21894682946473,30.28189381731963]}"
3361,23,0.8538813,-0.51986754,1,-35.35211167,-7.913639513,-22.2267262,-9.167776219,0.121121817,2,0,1,2.1429286,"{""geodesic"":false,""type"":""Point"",""coordinates"":[113.91657390483009,30.363011687475623]}"
3362,19,0,0,0,-27.95231215,-11.11651211,-20.46084802,-10.36445764,0.09195053,1,0,1,3.7113628,"{""geodesic"":false,""type"":""Point"",""coordinates"":[114.42160675756209,30.23392378114765]}"
3363,22,0,0,0,-21.88448434,-4.598947339,-19.56263655,-14.8430049,0.032786836,1,0,1,4.750296,"{""geodesic"":false,""type"":""Point"",""coordinates"":[114.28443401367704,30.684518727662]}"
3364,25,0,0,0,-23.82274093,-7.872278867,-21.37879259,-14.80163926,0.033100616,1,0,1,1.0793785,"{""geodesic"":false,""type"":""Point"",""coordinates"":[113.9354385257966,30.775338402886483]}"
3365,23,0.7372742,-0.6735905,1,-27.05210452,-6.334633969,-20.50424761,-4.944779266,0.320274287,2,0,1,1.8543341,"{""geodesic"":false,""type"":""Point"",""coordinates"":[113.92438924780193,30.52255248193525]}"
3366,18,0,0,0,-25.76495204,-6.253111206,-19.46051698,-4.860191068,0.326573464,1,0,1,3.2308395,"{""geodesic"":false,""type"":""Point"",""coordinates"":[114.08770296645486,30.64867594782563]}"
3367,22,0,0,0,-24.68866619,-5.969070146,-19.3527048,-7.798655494,0.166010077,1,0,1,3.7290647,"{""geodesic"":false,""type"":""Point"",""coordinates"":[114.63477697448364,30.849988402996814]}"
3368,23,0,0,0,-26.03608921,-8.945165272,-20.43287582,-10.98943946,0.079626212,1,0,1,2.1457138,"{""geodesic"":false,""type"":""Point"",""coordinates"":[114.7824600071929,30.861846164747192]}"
3369,26,0.71556884,-0.48241207,1,-23.5372542,-8.024036238,-21.16321564,-11.49315513,0.070906245,2,0,1,2.3445837,"{""geodesic"":false,""type"":""Point"",""coordinates"":[114.12920513258118,30.58480573112473]}"
3370,26,0.81287724,-0.64199656,1,-23.41316089,-6.794052191,-21.76652356,-12.71698026,0.053493618,2,0,1,1.4190975,"{""geodesic"":false,""type"":""Point"",""coordinates"":[114.1135744466375,30.318545080911708]}"
3371,23,0.72490704,-1,1,-29.89347562,-11.25033703,-22.39394906,-12.44546319,0.056944749,2,0,1,2.3401475,"{""geodesic"":false,""type"":""Point"",""coordinates"":[113.77320278548461,30.36570663332798]}"
3372,23,0.7100372,-0.5339233,1,-26.18725698,-10.14044436,-20.50760365,-11.56244401,0.069783958,2,0,1,0,"{""geodesic"":false,""type"":""Point"",""coordinates"":[113.81147101658811,30.343877571923876]}"
3373,19,0,0,0,-24.50987547,-4.992160372,-21.05000073,-4.907341841,0.323047077,1,0,1,1.4223394,"{""geodesic"":false,""type"":""Point"",""coordinates"":[114.71832029590676,30.70526981072516]}"
3374,25,0,0,0,-21.39815396,-7.017697999,-12.35117145,-5.814011799,0.262179554,1,0,1,1.4220854,"{""geodesic"":false,""type"":""Point"",""coordinates"":[114.50056867103619,30.67535591176398]}"
3375,22,0,0,0,-24.15660992,-5.367534033,-18.62259158,-7.298673556,0.186265595,1,0,1,3.8565629,"{""geodesic"":false,""type"":""Point"",""coordinates"":[114.24670477174402,30.312885694621755]}"
3376,21,0,0,0,-32.76576002,-15.10896114,-21.92395141,-11.48386865,0.071058025,1,0,1,0,"{""geodesic"":false,""type"":""Point"",""coordinates"":[114.80024664981846,30.74704147143672]}"
3377,25,0,0,0,-27.60467534,-10.81223227,-20.50323244,-5.491720947,0.28237608,1,0,1,2.845684,"{""geodesic"":false,""type"":""Point"",""coordinates"":[114.18364303879882,30.867505551037148]}"
3378,24,0.7405119,-0.74816626,1,-27.56266867,-5.63144451,-17.38241819,-5.148445054,0.305601509,2,0,1,2.1441655,"{""geodesic"":false,""type"":""Point"",""coordinates"":[114.03973293028288,30.58642269863615]}"
3379,24,0.85459185,-0.38407078,1,-26.61071143,-9.364585059,-27.1457117,-13.88039012,0.04092239,2,0,1,4.2768373,"{""geodesic"":false,""type"":""Point"",""coordinates"":[114.21247895941906,30.083276308000805]}"
3380,21,0,0,0,-32.69648607,-17.08678239,-19.70342764,-5.842427133,0.260469746,1,0,1,1.4235111,"{""geodesic"":false,""type"":""Point"",""coordinates"":[114.20062119766868,30.842981543780684]}"
3381,22,0.79883385,-0.5406977,1,-25.25658462,-9.521176588,-19.92381082,-14.47936265,0.035650345,2,0,1,1.8543341,"{""geodesic"":false,""type"":""Point"",""coordinates"":[114.15588509651953,30.444399052216852]}"
3382,20,0,0,0,-27.3900709,-8.246084364,-17.86334305,-4.008130764,0.39736254,1,0,1,4.244607,"{""geodesic"":false,""type"":""Point"",""coordinates"":[114.45879701032463,30.085162770097455]}"
3383,19,0,0,0,-20.0155652,-8.190641284,-14.9328984,-6.657317824,0.215907743,1,0,1,1.4179474,"{""geodesic"":false,""type"":""Point"",""coordinates"":[114.33456000653091,30.179485874930005]}"
3384,26,0.23333333,0.17050691,1,-24.46635322,-9.300452734,-19.74624249,-10.79130616,0.083343049,2,0,1,2.142503,"{""geodesic"":false,""type"":""Point"",""coordinates"":[113.79395386854777,30.285666741512934]}"
3385,24,0,0,0,-27.18000718,-5.411267556,-18.98829889,-7.0548745,0.197021014,1,0,1,2.8455846,"{""geodesic"":false,""type"":""Point"",""coordinates"":[114.21220946483383,30.86157667016196]}"
3386,28,0,0,0,-25.66403392,-7.198419884,-19.86334045,-9.648399343,0.108432649,1,0,1,0,"{""geodesic"":false,""type"":""Point"",""coordinates"":[114.76952426710157,30.970721977182478]}"
3387,20,0.9632107,-0.57983196,1,-27.61412961,-7.390643379,-20.618195,-13.4215491,0.04548258,2,0,1,1.07191,"{""geodesic"":false,""type"":""Point"",""coordinates"":[114.16585639617325,30.098098510188777]}"
3388,17,0,0,0,-27.48658611,-4.661815342,-22.56679494,-8.216597508,0.150778788,1,0,1,0,"{""geodesic"":false,""type"":""Point"",""coordinates"":[114.19577029513444,30.714163132037942]}"
3389,28,0,0,0,-23.54062738,-7.473022421,-21.00561062,-10.13219845,0.097001881,1,0,1,0,"{""geodesic"":false,""type"":""Point"",""coordinates"":[114.75982246203309,30.958055731676396]}"
3390,28,0,0,0,-20.85473781,-7.437824485,-15.25124497,-6.27075094,0.236007012,1,0,1,3.2335215,"{""geodesic"":false,""type"":""Point"",""coordinates"":[114.62588365317086,30.728985334225918]}"
3391,18,0,0,0,-29.19329686,-9.3955513,-20.49073292,-11.54620626,0.07004536,1,0,1,2.8363962,"{""geodesic"":false,""type"":""Point"",""coordinates"":[114.52051127034365,30.31504165130364]}"
3392,18,0,0,0,-24.56024546,-7.804860165,-15.98468411,-5.008842933,0.315584531,1,0,1,2.7802885,"{""geodesic"":false,""type"":""Point"",""coordinates"":[114.58060856285124,30.381067824686426]}"
3393,24,0.78612715,-0.62653565,1,-23.72343037,-3.538741994,-20.69572337,-8.540698729,0.139936216,2,0,1,2.9802873,"{""geodesic"":false,""type"":""Point"",""coordinates"":[113.79018094435447,30.385649232635433]}"
3394,30,0.5930636,-0.3206793,1,-25.13145491,-9.431885736,-14.7877865,-4.230317046,0.377544628,2,0,1,3.2190077,"{""geodesic"":false,""type"":""Point"",""coordinates"":[114.08150459099444,30.290517644047178]}"
3395,23,0.76064444,-0.40123457,1,-31.14567705,-12.75501609,-21.72472734,-12.21849206,0.059999937,2,0,1,1.8543341,"{""geodesic"":false,""type"":""Point"",""coordinates"":[113.75137372408051,30.33525374519633]}"
3396,20,0,0,0,-29.65977322,-15.51265428,-19.86677598,-12.34633646,0.058259447,1,0,1,1.8543341,"{""geodesic"":false,""type"":""Point"",""coordinates"":[114.2450878042326,30.036384250169764]}"
3397,25,0.8543689,-0.91071427,1,-29.53975117,-11.53375869,-20.65274433,-10.66250182,0.085851882,2,0,1,1.4181557,"{""geodesic"":false,""type"":""Point"",""coordinates"":[113.84542733432782,30.204818365942174]}"
3398,21,0,0,0,-32.70043921,-16.4502773,-25.57632365,-13.26335087,0.047169895,1,0,1,3.7047918,"{""geodesic"":false,""type"":""Point"",""coordinates"":[114.23996740711311,30.040157174363067]}"
3399,23,0,0,0,-26.52403401,-8.568991382,-20.85103373,-13.62244283,0.043426589,1,0,1,4.675471,"{""geodesic"":false,""type"":""Point"",""coordinates"":[114.53856740755445,30.439548149682608]}"
3400,19,0,0,0,-27.7933197,-5.173382783,-21.35380392,-6.796701227,0.20908837,1,0,1,4.748925,"{""geodesic"":false,""type"":""Point"",""coordinates"":[114.38010459143577,30.12962937666137]}"
3401,29,0,0,0,-20.65419707,-5.493216635,-16.61465807,-8.154214353,0.152960243,1,0,1,2.8418117,"{""geodesic"":false,""type"":""Point"",""coordinates"":[114.54611325594105,30.639243637342375]}"
3402,17,0,0,0,-34.65697777,-6.543431734,-25.95320571,-5.014424321,0.315179214,1,0,1,0,"{""geodesic"":false,""type"":""Point"",""coordinates"":[114.23403852623792,30.068184611227597]}"
3403,22,0,0,0,-23.0947712,-7.127931839,-20.26589418,-10.11213106,0.097451133,1,0,1,1.0792632,"{""geodesic"":false,""type"":""Point"",""coordinates"":[114.80940946571648,30.765097608647523]}"
3404,22,0,0,0,-27.22181533,-14.54434107,-21.88161516,-14.86238656,0.032640841,1,0,1,2.9818926,"{""geodesic"":false,""type"":""Point"",""coordinates"":[114.02922264145867,30.786657175466388]}"
3405,17,0,0,0,-27.99098982,-9.774770233,-21.57026607,-11.90497139,0.064491557,1,0,1,0,"{""geodesic"":false,""type"":""Point"",""coordinates"":[114.26152697393199,30.09782901560354]}"
3406,27,0,0,0,-23.27576243,-7.564354147,-19.28936733,-9.937225614,0.101455931,1,0,1,2.1446593,"{""geodesic"":false,""type"":""Point"",""coordinates"":[114.50622805732614,30.67481692259351]}"
3407,18,0,0,0,-22.52318881,-6.646586975,-18.90394058,-7.599548044,0.173798169,1,0,1,1.418743,"{""geodesic"":false,""type"":""Point"",""coordinates"":[114.4585275157394,30.275964936444442]}"
3408,23,0,0,0,-19.8151111,-3.913221694,-12.38977556,-5.958310855,0.253611484,1,0,1,2.9798558,"{""geodesic"":false,""type"":""Point"",""coordinates"":[114.37525368890152,30.27623443102968]}"
3409,21,0.7476809,-0.61299855,1,-25.8879439,-10.0369195,-21.19564716,-15.47051841,0.028375803,2,0,1,0,"{""geodesic"":false,""type"":""Point"",""coordinates"":[113.84030693720834,30.484553745416996]}"
3410,24,0.5626327,0.020120725,1,-27.98510545,-8.945908711,-22.99967474,-15.21916287,0.030066558,2,0,1,3.714118,"{""geodesic"":false,""type"":""Point"",""coordinates"":[113.8527036881292,30.331211326417794]}"
3411,27,0,0,0,-17.1985629,-5.388151889,-10.01618224,-4.368724464,0.365702184,1,0,1,1.4222242,"{""geodesic"":false,""type"":""Point"",""coordinates"":[114.31434791263821,30.69179508146337]}"
3412,23,0.61328125,-0.7730711,1,-30.29080734,-9.832744162,-22.1789639,-5.714461027,0.26825875,2,0,1,2.3355453,"{""geodesic"":false,""type"":""Point"",""coordinates"":[114.17043780412227,30.13609724670703]}"
3413,30,0,0,0,-15.95591443,-5.555824215,-2.806760335,-5.525142358,0.280211377,1,0,1,2.1442802,"{""geodesic"":false,""type"":""Point"",""coordinates"":[114.33402101736043,30.606904287114073]}"
3414,29,0,0,0,-21.90905031,-5.163294204,-14.41518148,-6.915673237,0.20343828,1,0,1,2.3432891,"{""geodesic"":false,""type"":""Point"",""coordinates"":[114.6118699347386,30.52120500900907]}"
3415,22,0.23076923,0.05223411,1,-24.20657197,-7.745174938,-18.61408713,-16.892264,0.020453781,2,0,1,4.7494855,"{""geodesic"":false,""type"":""Point"",""coordinates"":[113.81847787580423,30.358699774111848]}"
3416,26,0.7923977,-0.6659176,1,-40.30326098,-19.47666518,-20.97400586,-13.01581508,0.049936545,2,0,1,1.4190652,"{""geodesic"":false,""type"":""Point"",""coordinates"":[114.12758816506977,30.314772156718405]}"
3417,26,0.7627586,-0.22787194,1,-26.97076806,-12.24107591,-20.82335905,-11.09359658,0.077739249,2,0,1,0.92740995,"{""geodesic"":false,""type"":""Point"",""coordinates"":[113.78263509596788,30.294560062825717]}"
3418,24,0.83756346,-0.26982284,1,-23.12483595,-6.335553374,-11.1642766,-4.568434587,0.349266186,2,0,1,1.4195153,"{""geodesic"":false,""type"":""Point"",""coordinates"":[113.84057643179358,30.368940568350812]}"
3419,19,0,0,0,-23.50551346,-6.228096769,-26.02803848,-14.64467722,0.034318815,1,0,1,0,"{""geodesic"":false,""type"":""Point"",""coordinates"":[114.42079827380638,30.169514575276278]}"
3420,40,0,0,0,-22.46814718,-5.432889465,-12.41461032,-6.881225564,0.205058343,1,0,1,2.3493912,"{""geodesic"":false,""type"":""Point"",""coordinates"":[114.23915892335741,30.81926602027993]}"
3421,23,0.90822786,-0.8694517,1,-21.3787187,-3.931295703,-16.71171438,-7.379234589,0.182842243,2,0,1,2.342134,"{""geodesic"":false,""type"":""Point"",""coordinates"":[113.7955708360592,30.464072156939068]}"
3422,21,0,0,0,-13.49438031,-7.215752346,-7.729882494,-9.571159736,0.110378383,1,0,1,3.8576357,"{""geodesic"":false,""type"":""Point"",""coordinates"":[114.2833560353361,30.66242017167266]}"
3423,20,0.72734565,-0.38231918,1,-26.9125309,-10.9193681,-19.83202287,-8.88196567,0.129361021,2,0,1,2.1420703,"{""geodesic"":false,""type"":""Point"",""coordinates"":[113.80257769527533,30.20643533345359]}"
3424,16,0,0,0,-32.39683327,-3.782945594,-25.36786793,-4.130231887,0.386346348,1,0,1,0,"{""geodesic"":false,""type"":""Point"",""coordinates"":[114.47577516919449,30.136636235877504]}"
3425,17,0,0,0,-24.15808056,-7.766423299,-24.74789346,-15.15578054,0.030508577,1,0,1,4.2444987,"{""geodesic"":false,""type"":""Point"",""coordinates"":[114.22568419409562,30.080850856733683]}"
3426,23,0.33729216,0.15612903,1,-31.507234,-11.89260509,-18.21512884,-11.27904771,0.074489529,2,0,1,3.8566844,"{""geodesic"":false,""type"":""Point"",""coordinates"":[114.01116650424788,30.35277089323666]}"
3427,20,0,0,0,-27.14105724,-13.22693095,-17.49453324,-7.87049444,0.163286604,1,0,1,2.833868,"{""geodesic"":false,""type"":""Point"",""coordinates"":[114.48493798509251,30.16169923230444]}"
3428,23,0.9436834,-0.7407138,1,-31.20258526,-18.49349948,-22.06075365,-10.2193907,0.095073817,2,0,1,1.8543341,"{""geodesic"":false,""type"":""Point"",""coordinates"":[114.16666487992897,30.44978894392157]}"
3429,20,0,0,0,-25.49708395,-7.712917388,-22.19632565,-11.43451972,0.071870063,1,0,1,2.3347552,"{""geodesic"":false,""type"":""Point"",""coordinates"":[114.44181885145477,30.09648154267736]}"
3430,32,0,0,0,-20.1472829,-6.992050594,-13.64718973,-4.809443242,0.330411897,1,0,1,1.8543341,"{""geodesic"":false,""type"":""Point"",""coordinates"":[114.33402101736043,30.386457716391142]}"
3431,26,0.7209302,-0.43055555,1,-31.55100102,-15.8987432,-23.30823651,-11.96931996,0.063543042,2,0,1,2.3368642,"{""geodesic"":false,""type"":""Point"",""coordinates"":[113.83222209965128,30.202123420089816]}"
3432,25,0,0,0,-26.06000641,-7.17230465,-21.17846035,-10.93999834,0.080537875,1,0,1,1.0807316,"{""geodesic"":false,""type"":""Point"",""coordinates"":[114.76925477251635,30.895532987901674]}"
3433,17,0,0,0,-28.64057084,-3.898583587,-30.07660172,-7.432461325,0.180615022,1,0,1,0,"{""geodesic"":false,""type"":""Point"",""coordinates"":[114.2127484540043,30.04473858231208]}"
3434,21,0,0,0,-21.19374679,-6.169775102,-17.75227226,-10.48910495,0.089348961,1,0,1,0,"{""geodesic"":false,""type"":""Point"",""coordinates"":[114.83824538633672,30.774260424545542]}"
3435,23,0,0,0,-32.21866298,-18.23242069,-22.2409774,-9.928873968,0.101651222,1,0,1,1.0791013,"{""geodesic"":false,""type"":""Point"",""coordinates"":[114.15804105320142,30.750544901044783]}"
3436,21,0,0,0,-26.79986621,-5.601486711,-20.12282328,-5.653466388,0.272052901,1,0,1,2.1430342,"{""geodesic"":false,""type"":""Point"",""coordinates"":[114.26907282231859,30.09648154267736]}"
3437,22,0,0,0,-30.0656385,-14.24389609,-20.20095551,-6.568724039,0.220357378,1,0,1,2.1451006,"{""geodesic"":false,""type"":""Point"",""coordinates"":[114.84606072930856,30.753239846897145]}"
3438,19,0.23632611,0.16867469,1,-25.76229372,-9.852813901,-17.35477794,-6.800406142,0.208910075,2,0,1,0,"{""geodesic"":false,""type"":""Point"",""coordinates"":[114.21382643234524,30.118310604081465]}"
3439,19,0,0,0,-24.47554135,-5.294275074,-20.44326703,-9.501762401,0.112156322,1,0,1,2.1454673,"{""geodesic"":false,""type"":""Point"",""coordinates"":[114.52266722702554,30.81845753652422]}"
3440,19,0,0,0,-27.98220103,-10.4022414,-19.9900894,-10.96928692,0.079996559,1,0,1,0.92740995,"{""geodesic"":false,""type"":""Point"",""coordinates"":[114.82099773288162,30.66834905254785]}"
3441,25,0.67536235,-0.27764127,1,-22.79851951,-6.087226227,-25.24572278,-13.94066457,0.040358363,2,0,1,3.8562183,"{""geodesic"":false,""type"":""Point"",""coordinates"":[114.2157128944419,30.198889485066985]}"
3442,23,0,0,0,-28.46444917,-11.16137618,-19.9671588,-8.701439249,0.134851591,1,0,1,1.0789614,"{""geodesic"":false,""type"":""Point"",""coordinates"":[114.20493311103246,30.738148150123937]}"
3443,24,0.52227485,0.089147285,1,-29.1108835,-10.02747103,-22.88880432,-13.62567822,0.043394249,2,0,1,2.9800012,"{""geodesic"":false,""type"":""Point"",""coordinates"":[113.86483094446481,30.31315518920699]}"
3444,23,0.74647886,-0.4280992,1,-28.80927671,-15.16888439,-20.18651534,-13.20306847,0.047829204,2,0,1,2.7802885,"{""geodesic"":false,""type"":""Point"",""coordinates"":[113.87129881451047,30.323665478031188]}"
3445,27,0,0,0,-28.84605128,-8.284629048,-16.93402512,-5.288587067,0.295897498,1,0,1,2.9822853,"{""geodesic"":false,""type"":""Point"",""coordinates"":[114.21813834570902,30.88340573156606]}"
3446,32,0.84303796,-0.6702899,1,-25.55663121,-9.844463773,-20.34124768,-7.836243652,0.164579461,2,0,1,1.4214195,"{""geodesic"":false,""type"":""Point"",""coordinates"":[114.07315025885212,30.596393998289876]}"
3447,23,0,0,0,-25.09030054,-11.04701183,-20.62763187,-10.10211695,0.097676099,1,0,1,3.729081,"{""geodesic"":false,""type"":""Point"",""coordinates"":[114.63881939326218,30.850527392167287]}"
3448,25,0,0,0,-26.58678871,-10.2308762,-18.79157887,-9.854562776,0.10340552,1,0,1,2.9822345,"{""geodesic"":false,""type"":""Point"",""coordinates"":[114.63774141492124,30.87073948605998]}"
3449,42,0,0,0,-21.49363008,-5.3035882,-16.24912395,-6.100549782,0.245439819,1,0,1,1.4231441,"{""geodesic"":false,""type"":""Point"",""coordinates"":[114.32431921229194,30.799862410142946]}"
3450,23,0,0,0,-20.31574549,-4.756342037,-15.67621387,-8.372580129,0.145459465,1,0,1,2.1416938,"{""geodesic"":false,""type"":""Point"",""coordinates"":[114.4081320283003,30.137175225047976]}"
3451,19,0,0,0,-31.52846263,-10.24827135,-16.99456376,-4.329366612,0.369031415,1,0,1,2.1424422,"{""geodesic"":false,""type"":""Point"",""coordinates"":[114.52455368912219,30.274347968933025]}"
3452,22,0.8798479,-0.46520147,1,-26.22166768,-9.427796237,-23.49114884,-13.9056057,0.040685479,2,0,1,2.3400521,"{""geodesic"":false,""type"":""Point"",""coordinates"":[113.79422336313301,30.361125225378974]}"
3453,28,0,0,0,-27.34625611,-7.326822794,-21.33068598,-13.86116177,0.041103975,1,0,1,2.145813,"{""geodesic"":false,""type"":""Point"",""coordinates"":[114.16935982578133,30.879363312787525]}"
3454,16,0,0,0,-26.36282164,-8.664515301,-21.87997799,-10.76055965,0.083935182,1,0,1,0,"{""geodesic"":false,""type"":""Point"",""coordinates"":[114.45933599949511,30.316119629644586]}"
3455,19,0,0,0,-35.41426729,-14.84299761,-23.78850409,-10.66198452,0.085862108,1,0,1,1.4232719,"{""geodesic"":false,""type"":""Point"",""coordinates"":[114.1841820279693,30.814954106916154]}"
3456,22,0,0,0,-28.43864335,-9.288956505,-21.72562391,-11.02967417,0.07889193,1,0,1,0.92740995,"{""geodesic"":false,""type"":""Point"",""coordinates"":[114.53910639672492,30.543842554168883]}"
3457,19,0.7867036,-0.3442029,1,-25.67301995,-4.622499977,-18.98877025,-8.057293225,0.156412219,2,0,1,0,"{""geodesic"":false,""type"":""Point"",""coordinates"":[113.81281848951429,30.314233167547933]}"
3458,20,0,0,0,-26.02701719,-8.804293262,-18.72118817,-8.778059228,0.132493349,1,0,1,1.077523,"{""geodesic"":false,""type"":""Point"",""coordinates"":[114.55851000686191,30.60906024379596]}"
3459,19,0.70038414,-0.22929937,1,-30.20277361,-5.774552907,-20.83109693,-7.485025218,0.178442163,2,0,1,0,"{""geodesic"":false,""type"":""Point"",""coordinates"":[113.79503184688872,30.309112770428452]}"
3460,21,0,0,0,-33.00486053,-16.9188689,-20.11799164,-8.157667039,0.152838686,1,0,1,4.3084407,"{""geodesic"":false,""type"":""Point"",""coordinates"":[114.21544339985665,30.74299905265818]}"
3461,23,0,0,0,-22.64201516,-5.927883994,-18.5984213,-9.634576129,0.10877833,1,0,1,0.92740995,"{""geodesic"":false,""type"":""Point"",""coordinates"":[114.80644502527889,30.793394540097285]}"
3462,22,0.72925764,-0.26482213,1,-27.99758036,-5.857046028,-23.82704922,-6.38745623,0.229749395,2,0,1,1.4189293,"{""geodesic"":false,""type"":""Point"",""coordinates"":[113.79395386854777,30.298332987019016]}"
3463,22,0.86821145,-0.5744186,1,-30.25130541,-17.4936382,-20.92995297,-12.68345905,0.053908109,2,0,1,2.1507306,"{""geodesic"":false,""type"":""Point"",""coordinates"":[114.17394123373033,30.448710965580627]}"
3464,19,0,0,0,-26.02903489,-10.61176455,-17.98642434,-9.346315289,0.116243445,1,0,1,2.1427147,"{""geodesic"":false,""type"":""Point"",""coordinates"":[114.44181885145477,30.32420446720166]}"
3465,24,0.75652176,-0.54157305,1,-30.1689234,-13.74988136,-24.49669172,-18.94889995,0.012738257,2,0,1,1.419252,"{""geodesic"":false,""type"":""Point"",""coordinates"":[113.76053653997853,30.337140207292983]}"
3466,21,0.75698924,-0.42951906,1,-23.30194942,-4.812242815,-21.93834036,-5.088517276,0.309847697,2,0,1,0,"{""geodesic"":false,""type"":""Point"",""coordinates"":[113.85135621520301,30.479972337467984]}"
3467,19,0.60989535,-0.28392246,1,-30.13992374,-9.280487926,-34.54082691,-25.52768418,0.002800474,2,0,1,0,"{""geodesic"":false,""type"":""Point"",""coordinates"":[114.21247895941906,30.245242553727554]}"
3468,19,0,0,0,-20.92042647,-3.94840356,-18.61722573,-9.827508615,0.10405169,1,0,1,3.2204466,"{""geodesic"":false,""type"":""Point"",""coordinates"":[114.57441018739081,30.33444526144062]}"
3469,19,0,0,0,-30.03647836,-9.243847733,-20.94297619,-14.90630582,0.032312415,1,0,1,2.1591506,"{""geodesic"":false,""type"":""Point"",""coordinates"":[114.18552950089547,30.826811868666532]}"
3470,23,0,0,0,-25.02714666,-4.534044895,-16.32160939,-4.732853925,0.336290507,1,0,1,4.7501154,"{""geodesic"":false,""type"":""Point"",""coordinates"":[114.68166903231469,30.61229417881879]}"
3471,16,0,0,0,-30.78337496,-4.576662898,-25.36080563,-7.998035894,0.158561013,1,0,1,0,"{""geodesic"":false,""type"":""Point"",""coordinates"":[114.46337841827365,30.093786596825]}"
3472,21,0.7717327,-0.7540453,1,-28.06923207,-9.721852572,-19.44451303,-5.709615025,0.26855825,2,0,1,0,"{""geodesic"":false,""type"":""Point"",""coordinates"":[113.97047282187727,30.634931723978603]}"
3473,24,0,0,0,-18.92389708,-3.922895948,-15.61351118,-6.135450244,0.243475337,1,0,1,0,"{""geodesic"":false,""type"":""Point"",""coordinates"":[114.58869340040832,30.591812590340865]}"
3474,22,0,0,0,-23.06982851,-8.18533185,-18.5176074,-10.62269908,0.086642324,1,0,1,1.4229809,"{""geodesic"":false,""type"":""Point"",""coordinates"":[113.94433184710938,30.7807282945912]}"
3475,23,0,0,0,-24.84332408,-6.396770258,-22.43162329,-13.35634841,0.046170562,1,0,1,1.0796466,"{""geodesic"":false,""type"":""Point"",""coordinates"":[114.85630152354753,30.799053926387238]}"
3476,19,0,0,0,-25.48821315,-6.332637858,-22.85780128,-10.23803325,0.094666577,1,0,1,0.92740995,"{""geodesic"":false,""type"":""Point"",""coordinates"":[114.81075693864267,30.74623298768101]}"
3477,27,0,0,0,-29.12499965,-7.225445657,-22.38313002,-10.61732779,0.086749548,1,0,1,2.1602693,"{""geodesic"":false,""type"":""Point"",""coordinates"":[114.21840784029425,30.876668366935167]}"
3478,24,0.6832918,-0.24249423,1,-21.89984245,-4.444618983,-15.45529569,-9.867791979,0.103091012,2,0,1,1.417872,"{""geodesic"":false,""type"":""Point"",""coordinates"":[114.19630928430492,30.170323059031986]}"
3479,24,0,0,0,-25.3249802,-11.3891625,-17.00044802,-8.941836672,0.127589911,1,0,1,2.144698,"{""geodesic"":false,""type"":""Point"",""coordinates"":[114.24697426632925,30.173018004884344]}"
3480,25,0.8674948,-0.3900135,1,-31.49543535,-16.19058186,-19.12064552,-14.96199805,0.031900699,2,0,1,2.1481235,"{""geodesic"":false,""type"":""Point"",""coordinates"":[113.86456144987957,30.33013334807685]}"
3481,23,0.85806453,-0.48083624,1,-25.99240243,-9.973945733,-19.89419308,-12.12484624,0.06130775,2,0,1,1.8543341,"{""geodesic"":false,""type"":""Point"",""coordinates"":[113.75838058329664,30.382415297612607]}"
3482,17,0,0,0,-35.84170577,-13.75394453,-21.68498781,-7.512967463,0.177297762,1,0,1,2.3387449,"{""geodesic"":false,""type"":""Point"",""coordinates"":[114.54530477218535,30.29617703033713]}"
3483,23,0.58295083,-0.2917505,1,-28.56695152,-11.25088017,-22.22990205,-8.184654853,0.151891865,2,0,1,1.0749916,"{""geodesic"":false,""type"":""Point"",""coordinates"":[113.75865007788188,30.380259340930717]}"
3484,18,0,0,0,-24.19440351,-10.4208552,-15.92351857,-8.149970085,0.153109801,1,0,1,0,"{""geodesic"":false,""type"":""Point"",""coordinates"":[114.79997715523324,30.757821254846153]}"
3485,24,0.8787879,-0.62469137,1,-32.70629482,-18.9825121,-24.29186421,-18.77639363,0.013254417,2,0,1,2.7802885,"{""geodesic"":false,""type"":""Point"",""coordinates"":[113.80527264112769,30.323934972616424]}"
3486,24,0.8069307,-0.58232933,1,-37.60408058,-19.86349231,-20.63461979,-13.14826816,0.048436548,2,0,1,3.710241,"{""geodesic"":false,""type"":""Point"",""coordinates"":[113.82898816462844,30.19403858253274]}"
3487,22,0.7937807,-1,1,-32.8355799,-19.76684256,-23.14729021,-14.76092949,0.033412352,2,0,1,1.4194806,"{""geodesic"":false,""type"":""Point"",""coordinates"":[113.76862137753561,30.364628654987037]}"
3488,24,0.9107649,-0.6692112,1,-34.8839153,-19.68946288,-18.31448942,-10.88198979,0.081620833,2,0,1,0,"{""geodesic"":false,""type"":""Point"",""coordinates"":[113.84434935598688,30.193230098777033]}"
3489,21,0.9264706,-0.4580078,1,-28.73290468,-10.15990503,-22.44454336,-15.86382075,0.025918981,2,0,1,1.419275,"{""geodesic"":false,""type"":""Point"",""coordinates"":[113.78937246059877,30.340104647730577]}"
3490,27,0.949345,-0.5986711,1,-26.1973161,-11.57762092,-23.68869098,-10.23420959,0.094749961,2,0,1,2.3384159,"{""geodesic"":false,""type"":""Point"",""coordinates"":[113.90202119722736,30.279737860637745]}"
3491,20,0.82679737,-0.30092594,1,-31.75082542,-10.61125992,-27.29466114,-10.07452194,0.098298707,2,0,1,2.3346393,"{""geodesic"":false,""type"":""Point"",""coordinates"":[114.2081670460553,30.09055266180217]}"
3492,22,0,0,0,-22.57511125,-6.044287402,-13.7862312,-6.004797256,0.250911331,1,0,1,2.1455173,"{""geodesic"":false,""type"":""Point"",""coordinates"":[114.1887634359183,30.827350857837004]}"
3493,18,0,0,0,-26.48103239,-5.464121477,-20.4198181,-9.672127044,0.107841842,1,0,1,0,"{""geodesic"":false,""type"":""Point"",""coordinates"":[114.22972661287416,30.395351037703925]}"
3494,16,0,0,0,-24.75254103,-5.662529765,-23.13667127,-17.04634891,0.019740816,1,0,1,0,"{""geodesic"":false,""type"":""Point"",""coordinates"":[114.36851632427063,30.185953744975667]}"
3495,23,0,0,0,-21.51992752,-7.620037726,-23.11477755,-15.73556186,0.026695854,1,0,1,2.351287,"{""geodesic"":false,""type"":""Point"",""coordinates"":[114.8080619927903,30.91089417926012]}"
3496,16,0,0,0,-28.08485007,-6.242910259,-23.37616673,-8.033331483,0.157277592,1,0,1,0,"{""geodesic"":false,""type"":""Point"",""coordinates"":[114.37821812933912,30.13367179543991]}"
3497,16,0,0,0,-33.33635073,-4.171269002,-24.69738984,-4.485849916,0.355971319,1,0,1,0,"{""geodesic"":false,""type"":""Point"",""coordinates"":[114.40597607161841,30.169514575276278]}"
3498,26,0.899115,-0.69086653,1,-28.54771227,-14.66641576,-23.70723029,-17.89942637,0.016220243,2,0,1,0,"{""geodesic"":false,""type"":""Point"",""coordinates"":[113.84057643179358,30.19403858253274]}"
3499,26,0,0,0,-29.90878857,-8.480216537,-22.86916403,-11.0585807,0.078368571,1,0,1,1.4235871,"{""geodesic"":false,""type"":""Point"",""coordinates"":[114.19199737094114,30.851874865093468]}"
3500,21,0.6927851,-0.3755825,1,-27.58568565,-9.292879082,-19.93410264,-8.592961411,0.138262326,2,0,1,2.3373585,"{""geodesic"":false,""type"":""Point"",""coordinates"":[114.15884953695712,30.226916921931515]}"
3501,21,0,0,0,-25.23403519,-10.17662213,-18.74639375,-8.540121139,0.139954828,1,0,1,2.1451867,"{""geodesic"":false,""type"":""Point"",""coordinates"":[114.17933112543506,30.768601038255586]}"
3502,24,0,0,0,-16.89032731,-4.385363029,-11.72488913,-4.301124449,0.371439046,1,0,1,2.8431911,"{""geodesic"":false,""type"":""Point"",""coordinates"":[113.95376415759264,30.72090049666884]}"
3503,22,0,0,0,-22.902652,-6.16788804,-15.04006962,-6.652980946,0.216123457,1,0,1,1.4226975,"{""geodesic"":false,""type"":""Point"",""coordinates"":[114.81749430327356,30.74758046060719]}"
3504,25,0.7587044,-0.38831064,1,-27.51764201,-12.49166571,-21.61967858,-8.463621515,0.14244193,2,0,1,1.4200987,"{""geodesic"":false,""type"":""Point"",""coordinates"":[113.78074863387123,30.439009160512136]}"
3505,15,0,0,0,-33.33313939,-13.53756887,-23.62929155,-9.835755763,0.103854286,1,0,1,0.92740995,"{""geodesic"":false,""type"":""Point"",""coordinates"":[114.55285062057195,30.27219201225114]}"
3506,26,0.91754246,-0.67215365,1,-26.27057827,-12.47398511,-17.63791671,-5.334127974,0.292810875,2,0,1,2.9798176,"{""geodesic"":false,""type"":""Point"",""coordinates"":[113.88908545713603,30.26626313137595]}"
3507,25,0,0,0,-20.7667396,-3.599575561,-14.95539914,-4.288027138,0.37256091,1,0,1,3.2388992,"{""geodesic"":false,""type"":""Point"",""coordinates"":[114.16343094490614,30.88879562327078]}"
3508,27,0.8271028,-0.6297444,1,-28.46260245,-9.47421256,-20.06049761,-9.972390422,0.100637759,2,0,1,3.5107543,"{""geodesic"":false,""type"":""Point"",""coordinates"":[113.89878726220452,30.281085333563922]}"
3509,21,0,0,0,-28.43567607,-11.79619917,-22.74119807,-13.75836273,0.042088527,1,0,1,1.8543341,"{""geodesic"":false,""type"":""Point"",""coordinates"":[114.83096903253535,30.66295916084313]}"
3510,24,0,0,0,-23.61982733,-7.232270315,-16.89366508,-7.436012785,0.180467383,1,0,1,2.145085,"{""geodesic"":false,""type"":""Point"",""coordinates"":[114.6299260719494,30.750544901044783]}"
3511,25,0,0,0,-26.60841482,-6.919269489,-17.73359859,-8.391833686,0.144816028,1,0,1,1.8543341,"{""geodesic"":false,""type"":""Point"",""coordinates"":[114.80078563898894,30.882058258639884]}"
3512,16,0,0,0,-25.84006839,-10.22507088,-22.10163428,-10.63594959,0.086378377,1,0,1,0.92740995,"{""geodesic"":false,""type"":""Point"",""coordinates"":[114.38145206436194,30.14526006260505]}"
3513,48,0,0,0,-7.394125239,-4.697237271,0.61257328,-4.908163866,0.322985937,1,0,1,3.7215803,"{""geodesic"":false,""type"":""Point"",""coordinates"":[114.29629177542742,30.5920820849261]}"
3514,28,0.4794929,-0.14864865,1,-18.61064853,-3.846382489,-12.23631291,-6.575221814,0.220027933,2,0,1,3.510847,"{""geodesic"":false,""type"":""Point"",""coordinates"":[114.07961812889779,30.288092192780056]}"
3515,20,0.58274305,-0.23226854,1,-24.64452566,-8.136007938,-14.76297675,-7.163044915,0.192174389,2,0,1,4.291402,"{""geodesic"":false,""type"":""Point"",""coordinates"":[113.92007733443816,30.357082806600435]}"
3516,24,0,0,0,-23.20168155,-7.588382592,-15.53184877,-4.72932935,0.336563538,1,0,1,1.0782534,"{""geodesic"":false,""type"":""Point"",""coordinates"":[114.5051500789852,30.67481692259351]}"
3517,20,0.5131086,-0.518851,1,-28.62690747,-7.472976635,-21.73073795,-9.101703947,0.122978617,2,0,1,2.3377812,"{""geodesic"":false,""type"":""Point"",""coordinates"":[114.15965802071284,30.247937499579912]}"
3518,25,0.7668919,-0.49244714,1,-27.62252115,-13.33228273,-22.64028876,-14.32383403,0.036950183,2,0,1,1.0740193,"{""geodesic"":false,""type"":""Point"",""coordinates"":[113.77778419343363,30.291595622388122]}"
3519,33,0,0,0,-13.53401833,-3.669815138,-7.753737723,-4.081930659,0.390667186,1,0,1,4.2842793,"{""geodesic"":false,""type"":""Point"",""coordinates"":[114.32970910399666,30.75997721152804]}"
3520,17,0,0,0,-31.51675428,-16.00453808,-24.75414249,-15.96798662,0.025304708,1,0,1,3.209965,"{""geodesic"":false,""type"":""Point"",""coordinates"":[114.24320134213595,30.012399232083773]}"
3521,18,0,0,0,-25.49907392,-6.11426342,-18.01874187,-8.011151534,0.158082883,1,0,1,0.92740995,"{""geodesic"":false,""type"":""Point"",""coordinates"":[114.47146325583073,30.36247269830515]}"
3522,37,0,0,0,-20.46585345,-4.308801571,-10.63901549,-4.101814125,0.388882668,1,0,1,0,"{""geodesic"":false,""type"":""Point"",""coordinates"":[114.37336722680487,30.360316741623265]}"
3523,21,0.44969696,-0.39719626,1,-25.13876602,-4.63608807,-22.78534695,-11.67349346,0.068022197,2,0,1,0.92740995,"{""geodesic"":false,""type"":""Point"",""coordinates"":[113.78506054723499,30.379720351760245]}"
3524,24,0,0,0,-18.83037411,-5.251373635,-15.01925456,-7.080429179,0.195865111,1,0,1,1.4213142,"{""geodesic"":false,""type"":""Point"",""coordinates"":[114.60755802137483,30.583997247369027]}"
3525,17,0,0,0,-24.81433883,-5.670588489,-19.29253582,-7.538726085,0.176249296,1,0,1,4.6695,"{""geodesic"":false,""type"":""Point"",""coordinates"":[114.55904899603237,30.290517644047178]}"
3526,26,0,0,0,-26.4847976,-8.084829682,-21.31199636,-11.41521131,0.072190304,1,0,1,2.15965,"{""geodesic"":false,""type"":""Point"",""coordinates"":[114.18364303879882,30.84917991924111]}"
3527,26,0.610247,-0.40153453,1,-28.01933911,-11.99887904,-19.51976346,-10.01943879,0.099553406,2,0,1,2.8373637,"{""geodesic"":false,""type"":""Point"",""coordinates"":[113.98367805655381,30.373252481714587]}"
3528,28,0,0,0,-27.57806421,-11.84130183,-14.96694648,-11.16117691,0.076538916,1,0,1,4.2479067,"{""geodesic"":false,""type"":""Point"",""coordinates"":[114.25748455515345,30.21964056813015]}"
3529,26,0.5275339,-0.01883408,1,-24.66198632,-9.837887623,-18.02324391,-6.468401635,0.225506901,2,0,1,3.22031,"{""geodesic"":false,""type"":""Point"",""coordinates"":[113.81308798409952,30.330402842662085]}"
3530,25,0,0,0,-16.41266594,-5.503437219,-8.262350593,-7.377714979,0.182906232,1,0,1,4.2828393,"{""geodesic"":false,""type"":""Point"",""coordinates"":[114.53425549419067,30.6311587997853]}"
3531,19,0.87354654,-0.6983003,1,-22.86311354,-5.899550205,-19.14682403,-10.43207215,0.090530055,2,0,1,1.8543341,"{""geodesic"":false,""type"":""Point"",""coordinates"":[114.17313274997463,30.453292373529635]}"
3532,17,0,0,0,-23.03686491,-4.281848438,-14.78719798,-7.455616834,0.17965459,1,0,1,3.2233338,"{""geodesic"":false,""type"":""Point"",""coordinates"":[114.52509267829265,30.42230049622751]}"
3533,26,0.80655473,-0.5540541,1,-29.30647781,-5.335727459,-20.88264504,-4.859572698,0.326619967,2,0,1,1.4195222,"{""geodesic"":false,""type"":""Point"",""coordinates"":[113.92950964492141,30.36974905210652]}"
3534,25,0.85595566,-0.6490148,1,-27.95406521,-10.21304997,-19.49440834,-14.5834779,0.034805847,2,0,1,0.92740995,"{""geodesic"":false,""type"":""Point"",""coordinates"":[114.16450892324708,30.447632987239682]}"
3535,24,0.78208953,-0.4292683,1,-24.89756762,-10.37328998,-26.52722898,-15.43373753,0.028617141,2,0,1,1.8543341,"{""geodesic"":false,""type"":""Point"",""coordinates"":[113.78047913928599,30.29752450326331]}"
3536,15,0,0,0,-24.21711882,-6.57981756,-18.5297911,-10.73584011,0.084414293,1,0,1,0,"{""geodesic"":false,""type"":""Point"",""coordinates"":[114.56470838232232,30.36247269830515]}"
3537,14,0,0,0,-22.3147502,-6.680857027,-16.39330767,-5.278228243,0.296604118,1,0,1,0,"{""geodesic"":false,""type"":""Point"",""coordinates"":[114.31219195595632,30.715241110378887]}"
3538,21,0.89432484,-0.49373433,1,-33.81443248,-7.839134453,-23.4207451,-5.683585096,0.270172717,2,0,1,1.4194182,"{""geodesic"":false,""type"":""Point"",""coordinates"":[113.87884466289707,30.35735230118567]}"
3539,18,0,0,0,-25.55509175,-11.32454654,-20.35931324,-12.02893999,0.062676682,1,0,1,2.3402538,"{""geodesic"":false,""type"":""Point"",""coordinates"":[114.49194484430865,30.371096525032698]}"
3540,22,0,0,0,-30.13726164,-12.31715826,-21.63562277,-10.52649542,0.088583015,1,0,1,3.726774,"{""geodesic"":false,""type"":""Point"",""coordinates"":[114.8080619927903,30.771295984107947]}"
3541,19,0,0,0,-21.58505937,-3.792652406,-14.63259288,-5.645897238,0.272527465,1,0,1,2.7802885,"{""geodesic"":false,""type"":""Point"",""coordinates"":[114.46310892368841,30.833010244126957]}"
3542,22,0,0,0,-27.47431544,-8.58072122,-19.87804578,-8.482343687,0.141829193,1,0,1,2.141239,"{""geodesic"":false,""type"":""Point"",""coordinates"":[114.29197986206364,30.01320771583948]}"
3543,24,0,0,0,-22.28922762,-6.589211257,-18.21943793,-7.920664024,0.161411174,1,0,1,0.92740995,"{""geodesic"":false,""type"":""Point"",""coordinates"":[114.34533978994034,30.13178533334326]}"
3544,19,0.8657367,-0.52267003,1,-21.71434803,-5.76298196,-17.07896534,-10.92659018,0.080786907,2,0,1,4.9054947,"{""geodesic"":false,""type"":""Point"",""coordinates"":[114.18984141425925,30.45167540601822]}"
3545,22,0,0,0,-25.37728143,-11.01450006,-17.97873741,-10.27325017,0.09390203,1,0,1,2.1570463,"{""geodesic"":false,""type"":""Point"",""coordinates"":[114.79539574728422,30.733027753004453]}"
3546,24,0.8840206,-0.51209676,1,-29.13148878,-16.30855555,-24.56040151,-17.66296832,0.017127863,2,0,1,1.8543341,"{""geodesic"":false,""type"":""Point"",""coordinates"":[113.80958455449145,30.3252824455426]}"
3547,17,0,0,0,-30.71079386,-4.88668866,-24.59974668,-5.611883212,0.274670285,1,0,1,0,"{""geodesic"":false,""type"":""Point"",""coordinates"":[114.22218076448755,30.030994358465048]}"
3548,46,0,0,0,-19.00501187,-4.058063732,-11.68698341,-4.810683206,0.330317573,1,0,1,1.8543341,"{""geodesic"":false,""type"":""Point"",""coordinates"":[114.19145838177067,30.96694905298918]}"
3549,31,0,0,0,-25.23298918,-6.903221089,-15.39597552,-4.008540904,0.397325016,1,0,1,0.92740995,"{""geodesic"":false,""type"":""Point"",""coordinates"":[114.92232769693031,30.83543569539408]}"
3550,27,0.7497303,-0.5065789,1,-30.89219647,-17.24779498,-20.49566594,-9.421443491,0.114249853,2,0,1,1.4195683,"{""geodesic"":false,""type"":""Point"",""coordinates"":[114.09444033108576,30.375408438396473]}"
3551,20,0,0,0,-28.16133222,-14.4226766,-20.16131971,-12.84159081,0.051980556,1,0,1,3.7145445,"{""geodesic"":false,""type"":""Point"",""coordinates"":[114.45367661320516,30.346033528605766]}"
3552,25,0.8031088,-0.6,1,-31.80041669,-4.833851885,-22.79559207,-6.800701309,0.208895877,2,0,1,2.9795237,"{""geodesic"":false,""type"":""Point"",""coordinates"":[113.82817968087274,30.191343636680383]}"
3553,20,0,0,0,-23.01120616,-6.917209889,-14.70958742,-9.239551798,0.119136495,1,0,1,1.4220525,"{""geodesic"":false,""type"":""Point"",""coordinates"":[114.24751325549973,30.671313492985444]}"
3554,18,0,0,0,-24.90039929,-8.60778158,-21.60264598,-12.63017324,0.054573609,1,0,1,0,"{""geodesic"":false,""type"":""Point"",""coordinates"":[114.5051500789852,30.20400988218647]}"
3555,29,0.8254081,-0.5609756,1,-25.04616305,-10.30030661,-20.67076781,-11.81683387,0.065813746,2,0,1,2.8386168,"{""geodesic"":false,""type"":""Point"",""coordinates"":[114.18229556587265,30.448710965580627]}"
3556,21,0.76,-0.5599284,1,-28.8364746,-9.813311364,-20.31585293,-6.689993489,0.214289381,2,0,1,0,"{""geodesic"":false,""type"":""Point"",""coordinates"":[113.85863256900439,30.478894359127043]}"
3557,23,0.6163265,-0.1014975,1,-30.63043569,-10.31292952,-25.22591597,-13.76829816,0.04199235,2,0,1,0,"{""geodesic"":false,""type"":""Point"",""coordinates"":[113.81497444619617,30.324473961786897]}"
3558,17,0,0,0,-25.61549761,-4.04288743,-27.02224873,-13.71718236,0.042489514,1,0,1,0,"{""geodesic"":false,""type"":""Point"",""coordinates"":[114.22191126990232,30.080850856733683]}"
3559,20,0.8438438,-0.35,1,-30.07958938,-13.94427315,-22.74155544,-17.3840431,0.018263991,2,0,1,2.3390908,"{""geodesic"":false,""type"":""Point"",""coordinates"":[113.80069123317867,30.313424683792224]}"
3560,23,0.41530055,-0.15537849,1,-26.25995971,-9.196172085,-23.46234455,-10.38063055,0.091608747,2,0,1,1.074071,"{""geodesic"":false,""type"":""Point"",""coordinates"":[113.78506054723499,30.296446524922366]}"
3561,20,0,0,0,-25.6752887,-12.44834305,-17.52384602,-6.247626438,0.237267009,1,0,1,0,"{""geodesic"":false,""type"":""Point"",""coordinates"":[114.63558545823936,30.83354923329743]}"
3562,32,0,0,0,-15.08633721,-4.304769838,-6.692543688,-4.855784771,0.32690497,1,0,1,1.0789552,"{""geodesic"":false,""type"":""Point"",""coordinates"":[114.2345775154084,30.737609160953465]}"
3563,24,0.6903553,-0.28082192,1,-29.12172319,-12.28282824,-22.88713897,-14.65387476,0.034246211,2,0,1,1.4189478,"{""geodesic"":false,""type"":""Point"",""coordinates"":[113.79799628732631,30.300488943700906]}"
3564,22,0,0,0,-23.22817188,-6.201288672,-16.83364682,-8.471219424,0.142192948,1,0,1,4.670555,"{""geodesic"":false,""type"":""Point"",""coordinates"":[114.46122246159176,30.31692811340029]}"
3565,23,0,0,0,-25.09395799,-7.816758242,-19.41599272,-12.30291865,0.058844806,1,0,1,3.857584,"{""geodesic"":false,""type"":""Point"",""coordinates"":[114.33779394155374,30.645711507388036]}"
3566,25,0.53139156,-0.37693632,1,-32.21637825,-16.76399115,-24.1705044,-18.68112093,0.013548397,2,0,1,2.979905,"{""geodesic"":false,""type"":""Point"",""coordinates"":[113.77185531255844,30.288631181950528]}"
3567,20,0,0,0,-23.87794867,-8.094821699,-16.91453994,-8.681202346,0.135481428,1,0,1,2.339398,"{""geodesic"":false,""type"":""Point"",""coordinates"":[114.56794231734516,30.328516380565432]}"
3568,22,0.7437071,-0.4332784,1,-28.03232134,-13.76905744,-18.33750199,-7.423309626,0.180996025,2,0,1,1.8543341,"{""geodesic"":false,""type"":""Point"",""coordinates"":[113.86671740656146,30.315311145888877]}"
3569,16,0,0,0,-23.85140613,-7.365843078,-13.95846408,-4.08713824,0.390199022,1,0,1,0,"{""geodesic"":false,""type"":""Point"",""coordinates"":[114.41594737127214,30.668618547133086]}"
3570,19,0,0,0,-30.20788394,-6.234312214,-24.65353005,-8.758887663,0.133079522,1,0,1,2.1424725,"{""geodesic"":false,""type"":""Point"",""coordinates"":[114.52455368912219,30.28000735522298]}"
3571,25,0.7137203,-0.3488372,1,-23.38369185,-7.229849581,-24.78181597,-15.81971675,0.026183538,2,0,1,0.92740995,"{""geodesic"":false,""type"":""Point"",""coordinates"":[114.19657877889014,30.175712950736703]}"
3572,24,0,0,0,-26.39877074,-12.28217366,-19.58659386,-8.119115624,0.154201443,1,0,1,1.423663,"{""geodesic"":false,""type"":""Point"",""coordinates"":[114.63316000697223,30.86076818640625]}"
3573,21,0.9344524,-0.54787236,1,-30.12026873,-9.386227098,-28.60664859,-16.72098888,0.021276545,2,0,1,1.4172468,"{""geodesic"":false,""type"":""Point"",""coordinates"":[114.17232426621892,30.094056091410238]}"
3574,23,0.8930308,-0.5497382,1,-27.95631352,-4.89490665,-25.21115944,-10.72686846,0.084588857,2,0,1,3.3491037,"{""geodesic"":false,""type"":""Point"",""coordinates"":[113.80338617903104,30.281085333563922]}"
3575,26,0.81782943,-1,1,-24.90068181,-3.699736784,-21.21780949,-4.506926651,0.354247941,2,0,1,1.8543341,"{""geodesic"":false,""type"":""Point"",""coordinates"":[114.09444033108576,30.37082703044746]}"
3576,22,0,0,0,-23.14911977,-6.062562597,-15.85623893,-4.22242327,0.378231481,1,0,1,2.1422842,"{""geodesic"":false,""type"":""Point"",""coordinates"":[114.45098166735279,30.24551204831279]}"
3577,26,0.7070707,-0.62737644,1,-36.1620235,-11.90467678,-22.22284745,-12.57764061,0.055237745,2,0,1,1.0730544,"{""geodesic"":false,""type"":""Point"",""coordinates"":[113.83842047511169,30.203470893015997]}"
3578,20,0,0,0,-28.36869661,-11.27414483,-21.51801868,-14.54423977,0.03512174,1,0,1,3.5101407,"{""geodesic"":false,""type"":""Point"",""coordinates"":[114.23915892335741,30.23500175948859]}"
3579,24,0,0,0,-23.63317629,-6.101601758,-19.81518281,-12.32749956,0.058512687,1,0,1,1.4212956,"{""geodesic"":false,""type"":""Point"",""coordinates"":[114.64771271457496,30.5815717961019]}"
3580,23,0.73375595,-0.2863436,1,-39.48206595,-12.70498624,-25.35674537,-9.62358175,0.109054057,2,0,1,1.4189317,"{""geodesic"":false,""type"":""Point"",""coordinates"":[113.79206740645112,30.298602481604252]}"
3581,24,0.8442907,-1,1,-28.7108729,-9.002824947,-22.17752124,-12.70758767,0.053609435,2,0,1,1.4211835,"{""geodesic"":false,""type"":""Point"",""coordinates"":[114.10144719030188,30.568366561425346]}"
3582,19,0.45454547,-0.26180258,1,-21.38760559,-6.476418814,-9.468908399,-5.423464501,0.286849138,2,0,1,3.8564374,"{""geodesic"":false,""type"":""Point"",""coordinates"":[114.17448022290081,30.27138352849543]}"
3583,22,0.5129933,-0.62237763,1,-29.7865589,-9.112013755,-21.80360537,-4.281543313,0.373117543,2,0,1,3.7047918,"{""geodesic"":false,""type"":""Point"",""coordinates"":[113.80850657615052,30.26222071259741]}"
3584,22,0,0,0,-21.85316002,-4.126396566,-21.32869127,-10.13776617,0.096877603,1,0,1,0,"{""geodesic"":false,""type"":""Point"",""coordinates"":[114.24778275008497,30.032611325976465]}"
3585,27,0,0,0,-25.33801067,-11.13216683,-19.83215284,-12.22230712,0.059947253,1,0,1,1.8543341,"{""geodesic"":false,""type"":""Point"",""coordinates"":[114.21382643234524,30.891760063708375]}"
3586,26,0,0,0,-48.52986395,-32.66728528,-24.34893899,-17.73386159,0.016850541,1,0,1,3.7215803,"{""geodesic"":false,""type"":""Point"",""coordinates"":[114.37606217265723,30.591812590340865]}"
3587,27,0,0,0,-22.64334266,-6.14124545,-15.55645979,-10.786789,0.08342978,1,0,1,3.7266772,"{""geodesic"":false,""type"":""Point"",""coordinates"":[114.19415332762303,30.768062049085117]}"
3588,21,0,0,0,-25.11157595,-4.38117663,-18.80411363,-5.136883558,0.306416145,1,0,1,2.8324208,"{""geodesic"":false,""type"":""Point"",""coordinates"":[114.46742083705219,30.073305008347077]}"
3589,26,0,0,0,-23.42709938,-7.157952314,-17.21080102,-4.81174858,0.330236553,1,0,1,3.240166,"{""geodesic"":false,""type"":""Point"",""coordinates"":[114.3585450246169,30.926255370618563]}"
3590,25,0.61821365,-0.34343433,1,-27.75965462,-9.265223714,-20.6785953,-13.69511903,0.042705921,2,0,1,1.4194158,"{""geodesic"":false,""type"":""Point"",""coordinates"":[113.81389646785523,30.3568133120152]}"
3591,22,0.3774319,-0.39072847,1,-30.4164071,-14.2012908,-20.09056768,-11.02128061,0.079044551,2,0,1,4.256681,"{""geodesic"":false,""type"":""Point"",""coordinates"":[114.11303545746703,30.572408980203885]}"
3592,21,0,0,0,-21.22570152,-5.876265273,-13.91399197,-6.540734607,0.221782124,1,0,1,0.92740995,"{""geodesic"":false,""type"":""Point"",""coordinates"":[114.75955296744785,30.781536778346908]}"
3593,30,0,0,0,-23.68321654,-9.511596348,-12.82137062,-10.63592977,0.086378772,1,0,1,4.685057,"{""geodesic"":false,""type"":""Point"",""coordinates"":[114.35800603544642,30.676164395519688]}"
3594,25,0.3653846,-0.14285715,1,-33.06489431,-13.09990344,-24.50952929,-14.92955034,0.032139933,2,0,1,4.2497516,"{""geodesic"":false,""type"":""Point"",""coordinates"":[113.84920025852112,30.294560062825717]}"
3595,25,0,0,0,-28.96021865,-4.137337733,-21.94724997,-4.181359014,0.38182477,1,0,1,0,"{""geodesic"":false,""type"":""Point"",""coordinates"":[114.37821812933912,30.979884793080497]}"
3596,24,0.21761657,0.22013652,1,-25.50027466,-11.18868659,-21.0904985,-10.82929452,0.082617215,2,0,1,1.4194505,"{""geodesic"":false,""type"":""Point"",""coordinates"":[113.78371307430882,30.361125225378974]}"
3597,25,0.2761905,0.17699115,1,-27.70904759,-12.15905771,-20.77447433,-15.10898114,0.030839114,2,0,1,1.4192843,"{""geodesic"":false,""type"":""Point"",""coordinates"":[113.8580935798339,30.341182626071518]}"
3598,25,0.37084398,-0.067857146,1,-36.42761187,-21.63816852,-22.96025545,-17.12488149,0.019387055,2,0,1,3.5108693,"{""geodesic"":false,""type"":""Point"",""coordinates"":[113.82656271336131,30.28970916029147]}"
3599,21,0.9064449,-0.5373317,1,-23.87576317,-4.519347059,-18.74494811,-7.033663778,0.197985608,2,0,1,2.3368087,"{""geodesic"":false,""type"":""Point"",""coordinates"":[113.84785278559495,30.199428474237457]}"
3600,22,0.28773233,0.23658052,1,-20.04334208,-4.982919824,-13.09832427,-5.368601772,0.290495777,2,0,1,2.8385103,"{""geodesic"":false,""type"":""Point"",""coordinates"":[113.97397625148533,30.442243095534966]}"
3601,17,0,0,0,-25.99794226,-7.735751932,-22.16118061,-9.75947727,0.105694472,1,0,1,0,"{""geodesic"":false,""type"":""Point"",""coordinates"":[114.45313762403468,30.073574502932313]}"
3602,26,0.7302231,-0.47416413,1,-29.42153141,-15.35506358,-21.88321706,-16.19336894,0.024024984,2,0,1,1.0744059,"{""geodesic"":false,""type"":""Point"",""coordinates"":[114.11896433834222,30.32689941305402]}"
3603,25,0.43000916,-0.21748179,1,-27.66495915,-9.224499511,-22.86528995,-11.06948246,0.078172096,2,0,1,1.4192958,"{""geodesic"":false,""type"":""Point"",""coordinates"":[113.89204989757363,30.3425300989977]}"
3604,24,0,0,0,-33.29230176,-11.31481755,-20.97094368,-12.37555394,0.057868817,1,0,1,2.3502805,"{""geodesic"":false,""type"":""Point"",""coordinates"":[114.1661258907585,30.862115659332428]}"
3605,26,0.9389978,-0.63084394,1,-30.66372808,-18.60813668,-19.25500742,-10.60269656,0.087042297,2,0,1,1.4180754,"{""geodesic"":false,""type"":""Point"",""coordinates"":[113.8459663234983,30.195116560873686]}"
3606,24,0.6397059,-0.37213403,1,-28.61967426,-14.12769781,-22.58393627,-12.48719354,0.0564002,2,0,1,0,"{""geodesic"":false,""type"":""Point"",""coordinates"":[113.7829045905531,30.37298298712935]}"
3607,20,0,0,0,-21.56330593,-5.082898644,-14.44773792,-5.730864372,0.267247446,1,0,1,1.0791044,"{""geodesic"":false,""type"":""Point"",""coordinates"":[114.85279809393946,30.75081439563002]}"
3608,20,0,0,0,-24.31574947,-4.182443969,-20.52566669,-10.26573534,0.094064655,1,0,1,0.92740995,"{""geodesic"":false,""type"":""Point"",""coordinates"":[114.37875711850958,30.20454887135694]}"
3609,20,0.26576895,-0.033181522,1,-24.4772077,-4.622315506,-18.26577146,-8.240918619,0.149936766,2,0,1,2.1494222,"{""geodesic"":false,""type"":""Point"",""coordinates"":[113.87722769538566,30.3891526622435]}"
3610,21,0,0,0,-22.47415108,-5.409445878,-18.88014627,-10.17294343,0.096096077,1,0,1,4.405146,"{""geodesic"":false,""type"":""Point"",""coordinates"":[114.30922751551873,30.71443262662318]}"
3611,19,0,0,0,-21.61061266,-7.07663296,-13.23067323,-6.846484879,0.206705252,1,0,1,0,"{""geodesic"":false,""type"":""Point"",""coordinates"":[114.54449628842964,30.567827572254874]}"
3612,19,0,0,0,-21.15360376,-4.578866497,-14.22112483,-5.098932719,0.309105497,1,0,1,2.1587389,"{""geodesic"":false,""type"":""Point"",""coordinates"":[114.56066596354378,30.808486236870493]}"
3613,22,0,0,0,-26.0613172,-7.398791229,-20.57525232,-9.977264924,0.100524867,1,0,1,1.4165905,"{""geodesic"":false,""type"":""Point"",""coordinates"":[114.29197986206364,30.01401619959519]}"
3614,19,0.7744875,-0.3487699,1,-25.42233334,-5.329634513,-19.70115557,-8.715611738,0.134412242,2,0,1,0,"{""geodesic"":false,""type"":""Point"",""coordinates"":[113.81362697326999,30.30992125418416]}"
3615,26,0.61685824,-0.31683958,1,-25.82159318,-11.07553359,-17.42319303,-10.76725904,0.083805804,2,0,1,1.419948,"{""geodesic"":false,""type"":""Point"",""coordinates"":[113.71633942799986,30.420953023301333]}"
3616,26,0,0,0,-14.35274217,-5.292226366,-8.26001461,-4.588486981,0.347657259,1,0,1,2.833444,"{""geodesic"":false,""type"":""Point"",""coordinates"":[114.40408960952176,30.135827752121795]}"
3617,24,0,0,0,-23.81424132,-8.400441372,-19.29636905,-10.27295626,0.093908385,1,0,1,1.4215553,"{""geodesic"":false,""type"":""Point"",""coordinates"":[114.55797101769143,30.612563673404026]}"
3618,16,0,0,0,-26.75014751,-6.29103921,-26.60007424,-16.11830363,0.024443851,1,0,1,0,"{""geodesic"":false,""type"":""Point"",""coordinates"":[114.37498419431628,30.184875766634722]}"
3619,16,0,0,0,-23.02491744,-5.83793687,-14.75539265,-5.986409456,0.251975929,1,0,1,0,"{""geodesic"":false,""type"":""Point"",""coordinates"":[114.73718491687328,30.71443262662318]}"
3620,20,0.36585367,0.20232558,1,-35.40548428,-16.50570743,-17.60126966,-6.182203458,0.240868304,2,0,1,1.4174359,"{""geodesic"":false,""type"":""Point"",""coordinates"":[114.21220946483383,30.117232625740524]}"
3621,21,0,0,0,-21.48029884,-6.774487239,-17.40448981,-6.501812861,0.223778683,1,0,1,4.278114,"{""geodesic"":false,""type"":""Point"",""coordinates"":[114.27769664904613,30.050667463187267]}"
3622,18,0,0,0,-25.82987597,-11.28759154,-22.00849206,-13.85776838,0.041136104,1,0,1,1.4179199,"{""geodesic"":false,""type"":""Point"",""coordinates"":[114.43939340018765,30.17598244532194]}"
3623,24,0,0,0,-22.68195092,-7.560341762,-16.63681454,-7.721944233,0.168968433,1,0,1,4.68491,"{""geodesic"":false,""type"":""Point"",""coordinates"":[114.50056867103619,30.672391471326385]}"
3624,24,0,0,0,-24.83908554,-5.195236078,-21.71972013,-11.35712709,0.07316229,1,0,1,0,"{""geodesic"":false,""type"":""Point"",""coordinates"":[114.22730116160703,30.8626546485029]}"
3625,19,0,0,0,-24.82337751,-7.955189235,-20.51457806,-7.876912031,0.163045492,1,0,1,1.4234164,"{""geodesic"":false,""type"":""Point"",""coordinates"":[114.17043780412227,30.831932265786012]}"
3626,23,0,0,0,-23.84975308,-8.758676627,-15.16965716,-6.142563964,0.243076852,1,0,1,1.4187454,"{""geodesic"":false,""type"":""Point"",""coordinates"":[114.36851632427063,30.27623443102968]}"
3627,24,0,0,0,-25.05746082,-13.32438821,-19.26992068,-12.100952,0.061645985,1,0,1,4.4036374,"{""geodesic"":false,""type"":""Point"",""coordinates"":[114.29144087289316,30.679667825127755]}"
3628,23,0.31638417,-0.09559939,1,-26.79291192,-9.511095229,-21.24747017,-10.13371193,0.096968082,2,0,1,3.5109062,"{""geodesic"":false,""type"":""Point"",""coordinates"":[113.86779538490241,30.292404106143827]}"
3629,24,0.7400419,-0.55529547,1,-24.6191249,-9.578623075,-20.95660771,-8.551610354,0.139585069,2,0,1,2.1433423,"{""geodesic"":false,""type"":""Point"",""coordinates"":[114.19846524098679,30.43793118217119]}"
3630,20,0.71005917,-0.43259558,1,-30.3805014,-7.556854775,-25.71443374,-15.34675741,0.029196061,2,0,1,1.4183664,"{""geodesic"":false,""type"":""Point"",""coordinates"":[114.17043780412227,30.230150856954346]}"
3631,20,0,0,0,-26.40696795,-9.314968386,-14.17685449,-5.57471266,0.277031232,1,0,1,0,"{""geodesic"":false,""type"":""Point"",""coordinates"":[114.83393347297294,30.77237396244889]}"
3632,21,0,0,0,-27.88636766,-9.318094021,-23.31660035,-14.3868281,0.036418092,1,0,1,1.4213587,"{""geodesic"":false,""type"":""Point"",""coordinates"":[114.56632534983375,30.589117644488507]}"
3633,21,0,0,0,-26.61661231,-6.52672891,-23.22438007,-14.2561289,0.037530739,1,0,1,0.92740995,"{""geodesic"":false,""type"":""Point"",""coordinates"":[114.18256506045788,30.813067644819505]}"
3634,19,0,0,0,-23.2298061,-7.369934234,-18.50063383,-6.715515476,0.21303377,1,0,1,2.142666,"{""geodesic"":false,""type"":""Point"",""coordinates"":[114.49437029557576,30.315311145888877]}"
3635,24,0.9090273,-0.6634304,1,-26.72461353,-9.704144333,-23.72062001,-12.01605074,0.062862974,2,0,1,3.3543057,"{""geodesic"":false,""type"":""Point"",""coordinates"":[114.16882083661085,30.445746525143033]}"
3636,24,0,0,0,-23.6450981,-8.586240271,-20.41553476,-13.56473905,0.044007439,1,0,1,1.4213985,"{""geodesic"":false,""type"":""Point"",""coordinates"":[114.59192733543115,30.59396854702275]}"
3637,16,0,0,0,-29.08136102,-7.062691138,-23.55739922,-11.24655418,0.075048943,1,0,1,0,"{""geodesic"":false,""type"":""Point"",""coordinates"":[114.39142336401567,30.12585645246807]}"
3638,28,0,0,0,-29.01366221,-11.38741663,-15.8941092,-9.293795716,0.11765772,1,0,1,0,"{""geodesic"":false,""type"":""Point"",""coordinates"":[114.18310404962835,30.88556168824795]}"
3639,16,0,0,0,-20.23792316,-6.045898944,-14.40565134,-5.06455321,0.311562141,1,0,1,2.8416572,"{""geodesic"":false,""type"":""Point"",""coordinates"":[114.82126722746686,30.630080821444356]}"
3640,24,0.4921986,-0.026833631,1,-29.24779249,-13.88056634,-23.5573171,-14.59228781,0.034735313,2,0,1,1.4190099,"{""geodesic"":false,""type"":""Point"",""coordinates"":[113.77428076382556,30.308034792087508]}"
3641,19,0,0,0,-29.08870328,-10.92855261,-18.76093661,-8.098616685,0.154931003,1,0,1,3.3523092,"{""geodesic"":false,""type"":""Point"",""coordinates"":[114.46688184788171,30.38268479219784]}"
3642,23,0.5756522,-0.30731708,1,-25.55686748,-7.841827231,-20.46930026,-6.230949328,0.238179877,2,0,1,1.4208264,"{""geodesic"":false,""type"":""Point"",""coordinates"":[113.9270841936543,30.52578641695808]}"
3643,37,0,0,0,-12.91477759,-6.932490548,-5.547606047,-5.210838495,0.301242436,1,0,1,1.4209406,"{""geodesic"":false,""type"":""Point"",""coordinates"":[114.51646885156511,30.539530640805108]}"
3644,23,0.8630137,-0.69512194,1,-26.44361936,-9.799012362,-21.79067928,-11.77052443,0.066519283,2,0,1,2.148422,"{""geodesic"":false,""type"":""Point"",""coordinates"":[113.7581110887114,30.34360807733864]}"
3645,20,0.7645714,-0.5758389,1,-26.72582184,-14.98404874,-24.57492668,-16.23753602,0.023781892,2,0,1,0,"{""geodesic"":false,""type"":""Point"",""coordinates"":[114.01871235263448,30.43038533378459]}"
3646,21,0,0,0,-17.41414688,-4.185888238,-13.44304673,-4.781258795,0.332563146,1,0,1,0,"{""geodesic"":false,""type"":""Point"",""coordinates"":[114.03137859814056,30.765367103232755]}"
3647,23,0.8641766,-1,1,-29.27539903,-4.144385749,-21.50522191,-11.90194761,0.064536475,2,0,1,3.5118341,"{""geodesic"":false,""type"":""Point"",""coordinates"":[113.99391885079278,30.36193370913468]}"
3648,21,0,0,0,-21.47468132,-6.492558491,-22.0341606,-11.2176271,0.075550491,1,0,1,2.8313968,"{""geodesic"":false,""type"":""Point"",""coordinates"":[114.2367334720903,30.010512769987123]}"
3649,21,0.32967034,0.13446328,1,-20.52564386,-6.749384062,-12.9947641,-5.0749289,0.310818679,2,0,1,1.419566,"{""geodesic"":false,""type"":""Point"",""coordinates"":[113.87776668455614,30.374869449226]}"
3650,22,0.5979381,-0.55119824,1,-30.78937016,-5.555882973,-24.18193081,-12.54871657,0.055606856,2,0,1,2.339918,"{""geodesic"":false,""type"":""Point"",""coordinates"":[113.78506054723499,30.354387860748076]}"
3651,22,0.9217687,-1,1,-30.52364636,-9.249006391,-19.96222733,-8.22214955,0.150586155,2,0,1,2.8369994,"{""geodesic"":false,""type"":""Point"",""coordinates"":[113.73655152189254,30.351423420310482]}"
3652,21,0,0,0,-19.087209,-5.30372946,-12.40414287,-4.30048346,0.371493872,1,0,1,1.4189478,"{""geodesic"":false,""type"":""Point"",""coordinates"":[114.44316632438095,30.300488943700906]}"
3653,16,0,0,0,-30.99491489,-9.109134808,-24.03560184,-9.360245281,0.115871191,1,0,1,0,"{""geodesic"":false,""type"":""Point"",""coordinates"":[114.38845892357807,30.122353022860004]}"
3654,19,0,0,0,-26.78461772,-11.10703584,-21.87426272,-12.36602645,0.057995908,1,0,1,1.0734756,"{""geodesic"":false,""type"":""Point"",""coordinates"":[114.22810964536274,30.242008618704723]}"
3655,14,0,0,0,-22.45912836,-8.555067257,-17.77206383,-12.08428823,0.061882974,1,0,1,0,"{""geodesic"":false,""type"":""Point"",""coordinates"":[114.31704285849058,30.713354648282237]}"
3656,16,0,0,0,-29.09821447,-8.096439279,-20.87210954,-9.581308506,0.110120747,1,0,1,1.4192289,"{""geodesic"":false,""type"":""Point"",""coordinates"":[114.5727932198794,30.33444526144062]}"
3657,16,0,0,0,-27.79827787,-11.33832048,-20.332722,-9.123748208,0.122355974,1,0,1,0,"{""geodesic"":false,""type"":""Point"",""coordinates"":[114.73368148726522,30.748658438948134]}"
3658,23,0.24229075,0.027510317,1,-29.84594922,-14.92816034,-24.95782447,-14.75970098,0.033421805,2,0,1,1.4187361,"{""geodesic"":false,""type"":""Point"",""coordinates"":[113.79907426566726,30.274886958103497]}"
3659,18,0.7451923,-0.4904271,1,-27.37097884,-5.122195769,-20.52931894,-4.508832666,0.354092504,2,0,1,2.1486902,"{""geodesic"":false,""type"":""Point"",""coordinates"":[113.82737119711702,30.355735333674254]}"
3660,26,0.8434638,-0.69065344,1,-23.33379874,-7.788215797,-20.55202694,-8.567904817,0.139062335,2,0,1,1.4190469,"{""geodesic"":false,""type"":""Point"",""coordinates"":[114.12839664882547,30.31261620003652]}"
3661,23,0.32012677,0.14416896,1,-24.80400748,-9.725549651,-23.54997534,-15.03315126,0.031382308,2,0,1,1.0744089,"{""geodesic"":false,""type"":""Point"",""coordinates"":[113.80662011405386,30.327168907639255]}"
3662,23,0,0,0,-23.63377529,-4.19138508,-19.36063535,-8.440218484,0.143211585,1,0,1,3.516582,"{""geodesic"":false,""type"":""Point"",""coordinates"":[114.00496812878745,30.713085153697]}"
3663,23,0,0,0,-21.46924664,-4.30465412,-19.44385465,-10.79154235,0.083338517,1,0,1,4.3010206,"{""geodesic"":false,""type"":""Point"",""coordinates"":[114.57441018739081,30.57591240981195]}"
3664,17,0,0,0,-28.14961174,-6.470680044,-18.31852204,-6.588364683,0.219363078,1,0,1,0,"{""geodesic"":false,""type"":""Point"",""coordinates"":[114.46580386954076,30.74623298768101]}"
3665,16,0,0,0,-31.49586805,-11.60964127,-20.87202599,-9.962813118,0.100859936,1,0,1,0,"{""geodesic"":false,""type"":""Point"",""coordinates"":[114.3623179488102,30.195116560873686]}"
3666,17,0.8251314,-0.3975535,1,-25.02759522,-11.0700005,-17.38357657,-10.57628681,0.08757322,2,0,1,0,"{""geodesic"":false,""type"":""Point"",""coordinates"":[113.78236560138264,30.33525374519633]}"
3667,25,0,0,0,-23.1584156,-7.979814324,-16.42726316,-7.782627646,0.166623877,1,0,1,3.7047918,"{""geodesic"":false,""type"":""Point"",""coordinates"":[114.22541469951038,30.430654828369825]}"
3668,22,0.666356,-0.36017898,1,-24.02844606,-5.585213358,-18.57224087,-10.9046855,0.081195405,2,0,1,1.4202495,"{""geodesic"":false,""type"":""Point"",""coordinates"":[113.79907426566726,30.457065297722938]}"
3669,21,0,0,0,-28.04795207,-6.58925508,-20.62170097,-6.421099896,0.227976462,1,0,1,2.8318133,"{""geodesic"":false,""type"":""Point"",""coordinates"":[114.33563798487185,30.036114755584528]}"
3670,19,0,0,0,-28.55171507,-6.143111123,-24.44552872,-10.64706249,0.086157631,1,0,1,4.6273675,"{""geodesic"":false,""type"":""Point"",""coordinates"":[114.10090820113142,30.76967901659653]}"
3671,25,0,0,0,-28.39822281,-11.22936845,-20.89954183,-7.227668828,0.189335965,1,0,1,2.1457736,"{""geodesic"":false,""type"":""Point"",""coordinates"":[114.23349953706746,30.872625948156628]}"
3672,21,0.67651635,-0.19327731,1,-30.27249456,-14.66274643,-20.43873723,-16.77382247,0.021019276,2,0,1,1.4192681,"{""geodesic"":false,""type"":""Point"",""coordinates"":[113.81470495161093,30.33929616397487]}"
3673,18,0,0,0,-25.51042439,-6.334879627,-21.87981773,-9.915373607,0.101967704,1,0,1,0,"{""geodesic"":false,""type"":""Point"",""coordinates"":[114.6644213788596,30.61471963008591]}"
3674,20,0.2830022,0.06935976,1,-28.59567531,-9.268734803,-23.42636841,-17.28799281,0.018672425,2,0,1,0,"{""geodesic"":false,""type"":""Point"",""coordinates"":[114.15211217232623,30.316119629644586]}"
3675,16,0,0,0,-38.11031356,-7.765184412,-24.13919382,-4.387548338,0.36412053,1,0,1,0,"{""geodesic"":false,""type"":""Point"",""coordinates"":[114.46661235329647,30.191882625850855]}"
3676,15,0,0,0,-29.02388407,-11.9057248,-19.97781998,-9.874882231,0.102922844,1,0,1,0,"{""geodesic"":false,""type"":""Point"",""coordinates"":[114.5488082017934,30.430924322955057]}"
3677,19,0,0,0,-30.12085873,-7.516854302,-19.2020998,-10.69827764,0.085147566,1,0,1,1.4222382,"{""geodesic"":false,""type"":""Point"",""coordinates"":[114.10629809283614,30.693412048974782]}"
3678,28,0,0,0,-30.07011203,-7.230683308,-22.48572321,-6.279591528,0.23552708,1,0,1,2.1452384,"{""geodesic"":false,""type"":""Point"",""coordinates"":[114.18930242508878,30.777763854153605]}"
3679,19,0,0,0,-25.84405109,-7.504543387,-19.29594909,-5.114995293,0.307964368,1,0,1,2.1422431,"{""geodesic"":false,""type"":""Point"",""coordinates"":[114.42160675756209,30.237966199926184]}"
3680,21,0.35708502,0.06342311,1,-30.90841329,-14.27573153,-14.50796339,-6.413168835,0.228393172,2,0,1,2.1427011,"{""geodesic"":false,""type"":""Point"",""coordinates"":[113.87426325494806,30.32177901593454]}"
3681,21,0,0,0,-25.35142184,-6.591286086,-18.29525444,-5.217305824,0.300794172,1,0,1,1.4167945,"{""geodesic"":false,""type"":""Point"",""coordinates"":[114.24481830964737,30.03880970143689]}"
3682,19,0,0,0,-30.03523655,-12.07323656,-17.31648124,-6.901318546,0.204111815,1,0,1,0.92740995,"{""geodesic"":false,""type"":""Point"",""coordinates"":[114.47388870709784,30.123161506615713]}"
3683,18,0,0,0,-26.91992383,-10.96874252,-21.25236105,-11.68597322,0.067827011,1,0,1,2.142895,"{""geodesic"":false,""type"":""Point"",""coordinates"":[114.44154935686954,30.3568133120152]}"
3684,18,0,0,0,-23.52559114,-3.884721811,-18.57934623,-7.76133279,0.167442894,1,0,1,1.0783775,"{""geodesic"":false,""type"":""Point"",""coordinates"":[114.74230531399276,30.68586620058818]}"
3685,19,0,0,0,-25.80813884,-7.872377071,-23.16489714,-11.85601067,0.065222724,1,0,1,3.710931,"{""geodesic"":false,""type"":""Point"",""coordinates"":[114.48547697426298,30.218562589789205]}"
3686,20,0.60757315,-0.3617021,1,-33.58453561,-7.762883708,-22.0025424,-4.069093172,0.391823683,2,0,1,3.3513267,"{""geodesic"":false,""type"":""Point"",""coordinates"":[114.01332246092977,30.351692914895718]}"
3687,22,0,0,0,-29.28425687,-10.23709161,-23.36112525,-9.640864767,0.108620932,1,0,1,1.4236987,"{""geodesic"":false,""type"":""Point"",""coordinates"":[114.17636668499746,30.865080099770022]}"
3688,24,0,0,0,-0.736127246,-7.159294619,4.06860634,-8.376068289,0.145342682,1,0,1,1.8543341,"{""geodesic"":false,""type"":""Point"",""coordinates"":[113.97963563777529,30.695298511071435]}"
3689,16,0,0,0,-29.21114138,-11.77676937,-24.22243327,-14.14072274,0.038541421,1,0,1,0,"{""geodesic"":false,""type"":""Point"",""coordinates"":[114.36662986217397,30.18649273414614]}"
3690,21,0,0,0,-23.52912027,-7.182011567,-17.88712829,-4.071914995,0.391569179,1,0,1,0.92740995,"{""geodesic"":false,""type"":""Point"",""coordinates"":[114.51781632449129,30.362203203719915]}"
3691,21,0.5879397,-1,1,-28.63747126,-13.39290021,-20.9068052,-10.15102612,0.096582265,2,0,1,2.1429362,"{""geodesic"":false,""type"":""Point"",""coordinates"":[113.76323148583089,30.364359160401804]}"
3692,19,0,0,0,-24.06892209,-4.466751437,-18.81729949,-6.097236311,0.24562715,1,0,1,1.8543341,"{""geodesic"":false,""type"":""Point"",""coordinates"":[114.47173275041595,30.067645622057125]}"
3693,21,0.6815847,-0.3438486,1,-27.70911143,-4.451343009,-21.26953322,-8.114081106,0.154380303,2,0,1,0.92740995,"{""geodesic"":false,""type"":""Point"",""coordinates"":[113.956459103445,30.53683569495275]}"
3694,25,0,0,0,-26.95223924,-9.53159606,-21.10851142,-8.890814088,0.129097726,1,0,1,0.92740995,"{""geodesic"":false,""type"":""Point"",""coordinates"":[113.93355206369995,30.776685875812664]}"
3695,29,0,0,0,-4.982909288,-5.281090077,-4.923992485,-5.333822339,0.292831482,1,0,1,1.4210666,"{""geodesic"":false,""type"":""Point"",""coordinates"":[114.3412973711618,30.55435284299308]}"
3696,22,0,0,0,-22.2878585,-4.494555628,-14.85491752,-6.248192502,0.237236086,1,0,1,4.2849064,"{""geodesic"":false,""type"":""Point"",""coordinates"":[114.54368780467394,30.815762590671863]}"
3697,16,0,0,0,-22.61950956,-6.317061397,-16.78000759,-8.646275693,0.136575384,1,0,1,0,"{""geodesic"":false,""type"":""Point"",""coordinates"":[114.45529358071657,30.288631181950528]}"
3698,21,0,0,0,-22.97415913,-6.546387765,-17.73386742,-8.108005707,0.154596419,1,0,1,3.5164378,"{""geodesic"":false,""type"":""Point"",""coordinates"":[114.6366634365803,30.7025748648728]}"
3699,24,0.75247526,-0.43163538,1,-28.57738377,-15.95914086,-25.07495024,-15.99946566,0.025121955,2,0,1,2.1475337,"{""geodesic"":false,""type"":""Point"",""coordinates"":[113.7783231826041,30.303183889553264]}"
3700,50,0,0,0,-19.39219057,-4.75734479,-12.81209768,-4.687948187,0.339785766,1,0,1,2.8470712,"{""geodesic"":false,""type"":""Point"",""coordinates"":[114.20250765976533,30.94862342119314]}"
3701,27,0.8552188,-0.43325526,1,-28.60933825,-7.069440068,-22.38126659,-17.42913061,0.018075359,2,0,1,3.5116222,"{""geodesic"":false,""type"":""Point"",""coordinates"":[113.8602495365158,30.346033528605766]}"
3702,18,0,0,0,-33.4977907,-9.888247478,-22.40622589,-5.949376659,0.254133744,1,0,1,0,"{""geodesic"":false,""type"":""Point"",""coordinates"":[114.32297173936577,30.424725947494636]}"
3703,36,0,0,0,-22.31150723,-9.675340339,-16.58585926,-5.420901902,0.287018447,1,0,1,0,"{""geodesic"":false,""type"":""Point"",""coordinates"":[114.95170260672101,30.85672576762771]}"
3704,27,0,0,0,-21.05474629,-3.93976746,-15.21491974,-6.106871784,0.245082793,1,0,1,2.982274,"{""geodesic"":false,""type"":""Point"",""coordinates"":[114.16450892324708,30.880441291128466]}"
3705,17,0,0,0,-20.34108054,-4.546187377,-18.03579351,-10.0628429,0.098563408,1,0,1,0.92740995,"{""geodesic"":false,""type"":""Point"",""coordinates"":[114.44478329189236,30.32501295095737]}"
3706,18,0,0,0,-22.59222674,-5.458083365,-18.38745834,-7.655914373,0.171557047,1,0,1,2.9802182,"{""geodesic"":false,""type"":""Point"",""coordinates"":[114.54746072886724,30.368132084595103]}"
3707,19,0,0,0,-25.37080696,-4.656902406,-20.119876,-8.526827537,0.140383882,1,0,1,2.1412318,"{""geodesic"":false,""type"":""Point"",""coordinates"":[114.44720874315949,30.052014936113444]}"
3708,22,0,0,0,-24.72568892,-9.309681537,-16.88054234,-10.26087664,0.094169949,1,0,1,2.3465874,"{""geodesic"":false,""type"":""Point"",""coordinates"":[114.45448509696087,30.682901760150585]}"
3709,25,0.93731344,-0.7353172,1,-27.00714415,-10.76052351,-22.4489548,-11.09752733,0.07766892,2,0,1,2.8354685,"{""geodesic"":false,""type"":""Point"",""coordinates"":[113.88342607084608,30.25898677757458]}"
3710,17,0,0,0,-26.78099645,-5.876971352,-18.27678965,-5.65416013,0.272009447,1,0,1,0,"{""geodesic"":false,""type"":""Point"",""coordinates"":[114.19307534928208,30.72090049666884]}"
3711,45,0,0,0,-33.708253,-16.07807275,-30.14837231,-19.49736638,0.011226991,1,0,1,3.8586311,"{""geodesic"":false,""type"":""Point"",""coordinates"":[114.28955441079651,30.98042378225097]}"
3712,20,0.6577805,-0.25925925,1,-29.70331865,-11.0562758,-22.25505152,-15.37468288,0.02900893,2,0,1,1.0742688,"{""geodesic"":false,""type"":""Point"",""coordinates"":[114.15615459110477,30.31450266213317]}"
3713,23,0,0,0,-26.17777046,-12.10080594,-20.59075097,-8.706314384,0.1347003,1,0,1,2.8458312,"{""geodesic"":false,""type"":""Point"",""coordinates"":[114.16801235285514,30.876129377764695]}"
3714,18,0,0,0,-24.0966598,-4.512666572,-16.0876107,-5.69425575,0.269509715,1,0,1,0,"{""geodesic"":false,""type"":""Point"",""coordinates"":[114.40462859869223,30.38484074887973]}"
3715,20,0.82061857,-0.40075853,1,-33.05869557,-18.35351933,-18.44717624,-13.71328844,0.042527628,2,0,1,2.14273,"{""geodesic"":false,""type"":""Point"",""coordinates"":[113.86995134158428,30.32689941305402]}"
3716,18,0,0,0,-24.51289854,-8.117884814,-18.42809694,-9.069313019,0.123899256,1,0,1,1.4193166,"{""geodesic"":false,""type"":""Point"",""coordinates"":[114.58734592748213,30.34495555026482]}"
3717,16,0,0,0,-28.02558294,-5.915878221,-18.25980599,-8.055431421,0.156479287,1,0,1,2.1431606,"{""geodesic"":false,""type"":""Point"",""coordinates"":[114.37740964558341,30.102140928967316]}"
3718,20,0,0,0,-21.00353804,-5.0432026,-13.56857075,-4.512059555,0.353829505,1,0,1,2.143034,"{""geodesic"":false,""type"":""Point"",""coordinates"":[114.5434183100887,30.38214580302737]}"
3719,22,0,0,0,-26.75013698,-14.1992215,-20.73237234,-20.20102718,0.009547667,1,0,1,0,"{""geodesic"":false,""type"":""Point"",""coordinates"":[114.18067859836123,30.76375013572134]}"
3720,24,0.7195122,-0.46062052,1,-27.13015718,-14.00966394,-28.35438294,-21.14289735,0.007686175,2,0,1,1.4190469,"{""geodesic"":false,""type"":""Point"",""coordinates"":[113.77994015011551,30.31261620003652]}"
3721,84,0,0,0,-27.41041434,-4.494995563,-19.62645269,-9.087461026,0.123382594,1,0,1,4.2700553,"{""geodesic"":false,""type"":""Point"",""coordinates"":[114.21328744317476,31.09738443224333]}"
3722,25,0.9452888,-0.7226891,1,-26.01440191,-10.8952841,-22.22345143,-19.68942529,0.010741315,2,0,1,0.92740995,"{""geodesic"":false,""type"":""Point"",""coordinates"":[113.84165441013452,30.19215212043609]}"
3723,14,0,0,0,-31.83396193,-6.627702166,-22.06704177,-7.669212043,0.17103256,1,0,1,0,"{""geodesic"":false,""type"":""Point"",""coordinates"":[114.17987011460552,30.83678316832026]}"
3724,21,0,0,0,-20.81002718,-3.764571048,-12.15642449,-5.580088511,0.276688525,1,0,1,2.1410654,"{""geodesic"":false,""type"":""Point"",""coordinates"":[114.27958311114278,30.02102305881132]}"
3725,16,0,0,0,-23.18480885,-7.044466985,-18.29739651,-5.447352694,0.285275668,1,0,1,1.0722808,"{""geodesic"":false,""type"":""Point"",""coordinates"":[114.39735224489085,30.132324322513732]}"
3726,27,0,0,0,-24.28108735,-5.318824262,-18.17818273,-6.061579216,0.247652136,1,0,1,1.8543341,"{""geodesic"":false,""type"":""Point"",""coordinates"":[114.63908888784742,30.772643457034125]}"
3727,16,0,0,0,-32.1588324,-15.28844261,-21.49468362,-8.712978716,0.134493758,1,0,1,0,"{""geodesic"":false,""type"":""Point"",""coordinates"":[114.39250134235661,30.123431001200945]}"
3728,23,0,0,0,-12.54060954,-4.854269109,-11.18344029,-4.134793189,0.38594079,1,0,1,4.2577357,"{""geodesic"":false,""type"":""Point"",""coordinates"":[114.34237534950275,30.61445013550068]}"
3729,21,0,0,0,-26.06700701,-11.12338367,-24.27140177,-12.99821942,0.050139276,1,0,1,2.1412709,"{""geodesic"":false,""type"":""Point"",""coordinates"":[114.44559177564808,30.059291289914814]}"
3730,21,0,0,0,-29.22157774,-6.360946664,-25.46565573,-8.699393735,0.134915121,1,0,1,3.3667164,"{""geodesic"":false,""type"":""Point"",""coordinates"":[114.184990511725,30.833279738712193]}"
3731,25,0.404814,-0.28552803,1,-26.75150413,-12.56693356,-23.12214247,-10.66996232,0.085704528,2,0,1,3.7135422,"{""geodesic"":false,""type"":""Point"",""coordinates"":[114.13567300262685,30.310729737939866]}"
3732,20,0,0,0,-19.36856293,-10.25724056,-13.59704619,-9.229327784,0.119417293,1,0,1,2.1507306,"{""geodesic"":false,""type"":""Point"",""coordinates"":[114.2984477321093,30.448710965580627]}"
3733,28,0,0,0,-21.92005684,-6.343018336,-16.87902682,-4.721975216,0.337133942,1,0,1,2.1457894,"{""geodesic"":false,""type"":""Point"",""coordinates"":[114.23565549374935,30.875320894008986]}"
3734,21,0.72473866,-0.53865033,1,-27.42811074,-6.752268577,-23.5467427,-4.195769763,0.3805599,2,0,1,1.4180686,"{""geodesic"":false,""type"":""Point"",""coordinates"":[114.19577029513444,30.19403858253274]}"
3735,18,0,0,0,-22.08643175,-4.313769757,-18.99079918,-8.771500811,0.132693582,1,0,1,3.215705,"{""geodesic"":false,""type"":""Point"",""coordinates"":[114.35827553003166,30.189457174583733]}"
3736,21,0.84777516,-0.74459726,1,-25.14060927,-6.671286281,-20.99072955,-12.42092872,0.057267355,2,0,1,2.341145,"{""geodesic"":false,""type"":""Point"",""coordinates"":[113.7241547709717,30.41529363701138]}"
3737,17,0,0,0,-29.61443007,-8.866665499,-24.48029237,-14.16233937,0.038350061,1,0,1,0,"{""geodesic"":false,""type"":""Point"",""coordinates"":[114.24239285838024,30.04581656065302]}"
3738,26,0,0,0,-22.87413545,-4.153099123,-17.23967411,-4.692008755,0.339468221,1,0,1,0,"{""geodesic"":false,""type"":""Point"",""coordinates"":[114.66226542217771,30.930836778567574]}"
3739,19,0,0,0,-26.31493988,-8.377242756,-21.62782429,-13.48559703,0.044816744,1,0,1,4.691513,"{""geodesic"":false,""type"":""Point"",""coordinates"":[114.17259376080416,30.833818727882665]}"
3740,23,0.6811989,-0.5535714,1,-25.15006033,-8.389600265,-23.8824273,-12.73321594,0.053294011,2,0,1,2.142927,"{""geodesic"":false,""type"":""Point"",""coordinates"":[113.79018094435447,30.362742192890387]}"
3741,23,0.5483871,-0.30751708,1,-26.46685612,-9.747402497,-21.19540241,-14.55206523,0.035058512,2,0,1,2.1492145,"{""geodesic"":false,""type"":""Point"",""coordinates"":[113.78344357972358,30.379720351760245]}"
3742,21,0.87262875,-0.45228216,1,-36.23845095,-22.39297617,-22.707268,-12.69442194,0.0537722,2,0,1,2.1426935,"{""geodesic"":false,""type"":""Point"",""coordinates"":[113.80365567361626,30.32016204842312]}"
3743,18,0.9254658,-0.665,1,-29.52935583,-8.007170651,-17.20784415,-6.098768121,0.245540529,2,0,1,1.0718619,"{""geodesic"":false,""type"":""Point"",""coordinates"":[114.18283455504312,30.093517102239765]}"
3744,24,0.73920554,-0.6761434,1,-27.2450763,-9.066937973,-20.33007613,-8.585392061,0.138503515,2,0,1,3.3522742,"{""geodesic"":false,""type"":""Point"",""coordinates"":[114.00038672083845,30.381606813856898]}"
3745,20,0,0,0,-26.28041764,-4.09384964,-20.01947354,-6.000626961,0.251152383,1,0,1,2.142421,"{""geodesic"":false,""type"":""Point"",""coordinates"":[114.5261706566336,30.270575044739726]}"
3746,21,0.9294991,-0.6927152,1,-34.47632074,-6.94248132,-24.28368762,-12.6072621,0.054862272,2,0,1,0.92740995,"{""geodesic"":false,""type"":""Point"",""coordinates"":[114.17987011460552,30.093517102239765]}"
3747,22,0.7394451,-0.685,1,-27.10918683,-9.920817399,-18.72937415,-8.418790503,0.143919934,2,0,1,1.4201242,"{""geodesic"":false,""type"":""Point"",""coordinates"":[114.14806975354769,30.44197360094973]}"
3748,20,0,0,0,-28.38226992,-13.29672278,-19.2661698,-10.58292126,0.087439542,1,0,1,1.0800118,"{""geodesic"":false,""type"":""Point"",""coordinates"":[114.17825314709411,30.83166277120078]}"
3749,24,0.62692845,-0.5282258,1,-26.77319775,-9.157245251,-20.67640693,-10.9585801,0.080194021,2,0,1,1.4203192,"{""geodesic"":false,""type"":""Point"",""coordinates"":[113.79287589020683,30.465150135280012]}"
3750,18,0,0,0,-14.31121565,-5.151519251,-7.391978507,-4.419834106,0.361423668,1,0,1,2.1448572,"{""geodesic"":false,""type"":""Point"",""coordinates"":[114.33159556609331,30.710120713259407]}"
3751,20,0,0,0,-20.26180246,-3.504095712,-17.03341717,-6.2580089,0.236700464,1,0,1,0,"{""geodesic"":false,""type"":""Point"",""coordinates"":[114.83069953795011,30.760785695283747]}"
3752,11,0,0,0,-27.95727589,-10.75280363,-19.25285467,-9.358102001,0.115928389,1,0,1,3.7047918,"{""geodesic"":false,""type"":""Point"",""coordinates"":[114.73448997102092,30.714163132037942]}"
3753,26,0,0,0,-24.65903536,-8.385624491,-24.12305926,-11.36032251,0.073108479,1,0,1,2.145802,"{""geodesic"":false,""type"":""Point"",""coordinates"":[114.18849394133306,30.877476850690872]}"
3754,25,0,0,0,-26.88375783,-5.140546774,-21.53991461,-11.19184002,0.076000421,1,0,1,3.517182,"{""geodesic"":false,""type"":""Point"",""coordinates"":[114.19846524098679,30.757012771090444]}"
3755,22,0,0,0,-23.23009881,-8.136652587,-17.26746137,-7.599576663,0.173797023,1,0,1,3.7131796,"{""geodesic"":false,""type"":""Point"",""coordinates"":[114.44747823774473,30.298063492433783]}"
3756,20,0,0,0,-24.93890607,-9.194766558,-18.61404156,-10.61942843,0.086707598,1,0,1,3.3558846,"{""geodesic"":false,""type"":""Point"",""coordinates"":[114.23026560204462,30.495603023411665]}"
3757,22,0,0,0,-26.50968295,-7.186794481,-21.81183125,-17.0051748,0.019928863,1,0,1,4.3959184,"{""geodesic"":false,""type"":""Point"",""coordinates"":[114.26368293061388,30.50099291511638]}"
3758,36,0,0,0,-27.98081546,-8.93115206,-19.62910562,-7.272237518,0.187402875,1,0,1,1.4264383,"{""geodesic"":false,""type"":""Point"",""coordinates"":[114.38765043982237,31.1828142157631]}"
3759,25,0.83952093,-0.78558874,1,-29.40507863,-14.12470991,-24.31955637,-15.72525159,0.026759306,2,0,1,1.4193674,"{""geodesic"":false,""type"":""Point"",""coordinates"":[113.77616722592221,30.351153925725246]}"
3760,22,0,0,0,-12.2005093,-7.098339741,-5.731810443,-4.081615349,0.39069555,1,0,1,1.4221748,"{""geodesic"":false,""type"":""Point"",""coordinates"":[114.16343094490614,30.68586620058818]}"
3761,17,0,0,0,-28.85741159,-7.976734629,-16.97834297,-16.90415932,0.020397835,1,0,1,2.7802885,"{""geodesic"":false,""type"":""Point"",""coordinates"":[114.42915260594869,30.697184973168085]}"
3762,22,0,0,0,-24.66228776,-8.528027255,-15.4077535,-6.613264322,0.218108991,1,0,1,4.4057384,"{""geodesic"":false,""type"":""Point"",""coordinates"":[114.19577029513444,30.72817685047021]}"
3763,23,0,0,0,-28.09127128,-13.55923014,-19.69231127,-10.56157352,0.087870409,1,0,1,3.3651998,"{""geodesic"":false,""type"":""Point"",""coordinates"":[114.20116018683916,30.786387680881155]}"
3764,26,0.83516484,-0.35114503,1,-27.89918944,-3.641670239,-21.71469138,-6.631310713,0.217204555,2,0,1,1.0740467,"{""geodesic"":false,""type"":""Point"",""coordinates"":[113.81793888663377,30.29429056824048]}"
3765,20,0.6988848,-0.3758213,1,-29.39487014,-15.47610165,-22.62895472,-15.48011263,0.028313186,2,0,1,4.289486,"{""geodesic"":false,""type"":""Point"",""coordinates"":[114.15588509651953,30.31315518920699]}"
3766,29,0.76747966,-0.34731084,1,-25.1759835,-8.061072942,-19.69300577,-10.66620689,0.08577867,2,0,1,4.2800827,"{""geodesic"":false,""type"":""Point"",""coordinates"":[114.21032300273717,30.381606813856898]}"
3767,20,0.7072386,-0.47797254,1,-27.224275,-7.213713136,-20.22840518,-8.076444435,0.155724002,2,0,1,0,"{""geodesic"":false,""type"":""Point"",""coordinates"":[114.16639538534373,30.308843275843216]}"
3768,20,0,0,0,-24.36536992,-8.49051715,-20.67085325,-12.67060192,0.054067938,1,0,1,4.2788916,"{""geodesic"":false,""type"":""Point"",""coordinates"":[114.55338960974242,30.27273100142161]}"
3769,20,0,0,0,-26.15959638,-10.36541446,-19.9854902,-9.595573926,0.109759623,1,0,1,2.142436,"{""geodesic"":false,""type"":""Point"",""coordinates"":[114.44936469984138,30.273269990592084]}"
3770,22,0.7837838,-0.93837535,1,-27.85263594,-4.547339791,-21.87606158,-7.221967051,0.189584704,2,0,1,1.0760111,"{""geodesic"":false,""type"":""Point"",""coordinates"":[113.86078852568627,30.47269598366662]}"
3771,19,0,0,0,-24.14142681,-8.427718993,-21.09480086,-9.50248266,0.112137723,1,0,1,0,"{""geodesic"":false,""type"":""Point"",""coordinates"":[114.26583888729576,30.137983708803684]}"
3772,31,0,0,0,-13.86566587,-9.907937461,-7.732352695,-4.001677727,0.397953407,1,0,1,4.2558937,"{""geodesic"":false,""type"":""Point"",""coordinates"":[114.34857372496317,30.541147608316525]}"
3773,26,0.93808496,-0.7228831,1,-28.59159086,-11.35461118,-15.0425194,-12.13417606,0.061176185,2,0,1,2.1419947,"{""geodesic"":false,""type"":""Point"",""coordinates"":[113.84273238847547,30.192421615021328]}"
3774,20,0,0,0,-29.36286125,-16.77800357,-19.20062009,-8.353165846,0.146111169,1,0,1,1.4233974,"{""geodesic"":false,""type"":""Point"",""coordinates"":[114.17690567416793,30.829776309104126]}"
3775,23,0.85996705,-0.63380283,1,-23.79098062,-4.356052953,-24.36561693,-7.75243039,0.167786479,2,0,1,1.4190906,"{""geodesic"":false,""type"":""Point"",""coordinates"":[114.12866614341071,30.317736597156]}"
3776,19,0,0,0,-25.56299105,-10.30773241,-21.12275905,-11.41660765,0.072167097,1,0,1,2.837253,"{""geodesic"":false,""type"":""Point"",""coordinates"":[114.52563166746313,30.366784611668926]}"
3777,26,0.85195154,-0.6652174,1,-29.07540436,-6.523749506,-23.0147855,-4.52186313,0.353031686,2,0,1,2.7802885,"{""geodesic"":false,""type"":""Point"",""coordinates"":[113.75918906705235,30.34441656109435]}"
3778,21,0.80728054,-0.5572289,1,-29.46992482,-9.266190727,-21.76232664,-6.484503571,0.224672358,2,0,1,0,"{""geodesic"":false,""type"":""Point"",""coordinates"":[113.96616090851349,30.639782626512847]}"
3779,15,0,0,0,-25.09781245,-10.36240821,-19.39591186,-12.30928765,0.058758572,1,0,1,0,"{""geodesic"":false,""type"":""Point"",""coordinates"":[114.55312011515718,30.757821254846153]}"
3780,29,0,0,0,-22.96873821,-6.533977013,-17.17186746,-6.428330169,0.227597236,1,0,1,2.1603818,"{""geodesic"":false,""type"":""Point"",""coordinates"":[114.21921632404995,30.881788764054647]}"
3781,25,0.84487534,-0.63106793,1,-27.87147312,-9.162881014,-21.94643119,-11.08075314,0.077969489,2,0,1,3.3462713,"{""geodesic"":false,""type"":""Point"",""coordinates"":[113.82764069170226,30.19080464750991]}"
3782,28,0,0,0,-26.02336462,-12.03031518,-18.47542009,-11.79113767,0.066204305,1,0,1,2.841199,"{""geodesic"":false,""type"":""Point"",""coordinates"":[114.48224303924016,30.602861868335534]}"
3783,22,0,0,0,-24.29742901,-11.90840966,-16.18628,-5.903207084,0.256849835,1,0,1,1.4226056,"{""geodesic"":false,""type"":""Point"",""coordinates"":[114.80024664981846,30.73653118261252]}"
3784,22,0.32938856,0.40443507,1,-22.2828334,-7.136986397,-18.85560608,-8.772039825,0.132677114,2,0,1,3.7147655,"{""geodesic"":false,""type"":""Point"",""coordinates"":[113.75137372408051,30.353848871577604]}"
3785,19,0,0,0,-22.84228119,-5.516143653,-16.07833061,-5.214546712,0.30098533,1,0,1,3.510684,"{""geodesic"":false,""type"":""Point"",""coordinates"":[114.37794863475388,30.275964936444442]}"
3786,25,0,0,0,-21.54285368,-4.582581286,-17.75803917,-6.520654006,0.222809959,1,0,1,1.4241551,"{""geodesic"":false,""type"":""Point"",""coordinates"":[114.36636036758874,30.918440027646724]}"
3787,17,0,0,0,-25.58109534,-7.62716951,-19.76894908,-9.022641138,0.125237932,1,0,1,2.1420007,"{""geodesic"":false,""type"":""Point"",""coordinates"":[114.3593535083726,30.19349959336227]}"
3788,25,0,0,0,-22.53678063,-6.460677561,-19.20804291,-9.579236893,0.110173288,1,0,1,1.4202379,"{""geodesic"":false,""type"":""Point"",""coordinates"":[114.22730116160703,30.45544833021152]}"
3789,26,0.7709544,-0.4980494,1,-28.4046665,-8.267302627,-22.06515425,-6.089751185,0.246050857,2,0,1,1.0743145,"{""geodesic"":false,""type"":""Point"",""coordinates"":[114.11114899537039,30.318545080911708]}"
3790,23,0,0,0,-24.90610103,-12.6163964,-20.72425626,-10.76388436,0.08387095,1,0,1,1.0789583,"{""geodesic"":false,""type"":""Point"",""coordinates"":[114.79728220938087,30.7378786555387]}"
3791,18,0,0,0,-24.09492943,-5.640131432,-17.14298724,-4.636296098,0.343851078,1,0,1,3.5184596,"{""geodesic"":false,""type"":""Point"",""coordinates"":[114.38684195606666,30.849988402996814]}"
3792,19,0.7133333,-0.26780626,1,-28.52624688,-6.429364625,-21.20459652,-9.527580715,0.111491544,2,0,1,0,"{""geodesic"":false,""type"":""Point"",""coordinates"":[113.80958455449145,30.306956813746567]}"
3793,22,0,0,0,-24.72401509,-5.506393916,-20.4872012,-6.650611707,0.216241392,1,0,1,2.9815135,"{""geodesic"":false,""type"":""Point"",""coordinates"":[114.14241036725774,30.692873059804313]}"
3794,20,0.8244048,-0.6,1,-22.14288649,-4.724128261,-24.83787445,-11.48552843,0.071030874,2,0,1,2.14151,"{""geodesic"":false,""type"":""Point"",""coordinates"":[114.16289195573566,30.103218907308257]}"
3795,20,0,0,0,-25.08605709,-4.99368707,-18.4991134,-6.38952211,0.229640133,1,0,1,1.419751,"{""geodesic"":false,""type"":""Point"",""coordinates"":[114.55150314764578,30.39723749980058]}"
3796,21,0.20525783,-0.17027216,1,-18.38125465,-5.314417412,-9.768565666,-4.43095287,0.360499538,2,0,1,0.92740995,"{""geodesic"":false,""type"":""Point"",""coordinates"":[114.12085080043887,30.257369810063167]}"
3797,24,0.7138927,-0.2825279,1,-30.59304189,-12.7804394,-22.78362559,-14.73591558,0.033605351,2,0,1,0,"{""geodesic"":false,""type"":""Point"",""coordinates"":[113.78371307430882,30.299949954530433]}"
3798,23,0,0,0,-23.28711581,-9.131608094,-15.12411594,-5.940952913,0.25462715,1,0,1,4.6273675,"{""geodesic"":false,""type"":""Point"",""coordinates"":[114.36824682968539,30.800670893898655]}"
3799,18,0,0,0,-28.85503461,-13.67931027,-19.39966769,-7.101645646,0.19491059,1,0,1,0,"{""geodesic"":false,""type"":""Point"",""coordinates"":[114.64016686618837,30.73060230173733]}"
3800,15,0,0,0,-26.83828361,-8.978589583,-22.38180027,-9.689815585,0.107403502,1,0,1,3.8575385,"{""geodesic"":false,""type"":""Point"",""coordinates"":[114.80940946571648,30.6311587997853]}"
3801,17,0,0,0,-28.41516529,-4.987446135,-26.61158862,-10.85105985,0.082204201,1,0,1,0,"{""geodesic"":false,""type"":""Point"",""coordinates"":[114.24185386920978,30.044199593141606]}"
3802,18,0,0,0,-21.46701434,-5.239292299,-19.06807638,-9.548259162,0.110961951,1,0,1,2.7802885,"{""geodesic"":false,""type"":""Point"",""coordinates"":[114.48655495260392,30.323126488860716]}"
3803,25,0,0,0,-30.37846649,-10.37727653,-22.91519007,-11.86762815,0.065048485,1,0,1,1.0735728,"{""geodesic"":false,""type"":""Point"",""coordinates"":[114.45286812944944,30.250901940017506]}"
3804,19,0.6607774,-0.6072309,1,-26.5339264,-7.09948345,-18.51694619,-8.442629928,0.143132088,2,0,1,4.7500687,"{""geodesic"":false,""type"":""Point"",""coordinates"":[114.02544971726537,30.593699052437515]}"
3805,20,0.91797554,-0.65346533,1,-27.97660489,-5.014805812,-23.52887734,-9.27680219,0.118119005,2,0,1,2.9791393,"{""geodesic"":false,""type"":""Point"",""coordinates"":[114.18364303879882,30.09270861848406]}"
3806,22,0.71820676,-0.4523008,1,-23.49057686,-7.871448905,-19.26363255,-12.48726518,0.05639927,2,0,1,2.9794586,"{""geodesic"":false,""type"":""Point"",""coordinates"":[114.21463491610095,30.174634972395758]}"
3807,23,0.78426397,-0.774359,1,-33.95177804,-11.70239688,-21.56803609,-11.06205293,0.07830594,2,0,1,0,"{""geodesic"":false,""type"":""Point"",""coordinates"":[113.80742859780958,30.470001037814257]}"
3808,21,0,0,0,-27.07589025,-11.82110688,-22.34962668,-12.21330678,0.060071617,1,0,1,3.517479,"{""geodesic"":false,""type"":""Point"",""coordinates"":[114.81237390615408,30.778572337909313]}"
3809,14,0,0,0,-23.72915629,-3.532578348,-16.95288539,-7.520081893,0.177007558,1,0,1,0,"{""geodesic"":false,""type"":""Point"",""coordinates"":[114.46472589119982,30.810911688137615]}"
3810,23,0,0,0,-26.79423413,-8.35524209,-20.23055858,-8.910442848,0.128515561,1,0,1,1.4237343,"{""geodesic"":false,""type"":""Point"",""coordinates"":[114.17906163084982,30.86912251854856]}"
3811,23,0.7085928,-0.248,1,-30.39687505,-8.13416923,-19.52752933,-4.158707209,0.383821483,2,0,1,1.0741501,"{""geodesic"":false,""type"":""Point"",""coordinates"":[113.8031166844458,30.303722878723736]}"
3812,20,0,0,0,-27.33760258,-11.10055604,-19.48435853,-5.946077669,0.254326862,1,0,1,2.9816256,"{""geodesic"":false,""type"":""Point"",""coordinates"":[114.20655007854387,30.720631002083604]}"
3813,17,0,0,0,-28.05579214,-12.90084426,-22.02962153,-13.75980533,0.042074549,1,0,1,0,"{""geodesic"":false,""type"":""Point"",""coordinates"":[114.24454881506213,30.01320771583948]}"
3814,22,0,0,0,-28.56210348,-11.29444506,-20.59189805,-10.36600787,0.091917714,1,0,1,1.4183848,"{""geodesic"":false,""type"":""Point"",""coordinates"":[114.22810964536274,30.232576308221468]}"
3815,26,0.67414635,-0.41573033,1,-25.72934187,-8.14279467,-22.97349092,-13.26628863,0.047137998,2,0,1,2.840872,"{""geodesic"":false,""type"":""Point"",""coordinates"":[114.13028311092212,30.583458258198554]}"
3816,22,0,0,0,-29.72566627,-10.62660895,-17.30597014,-4.863803226,0.326301956,1,0,1,4.2454367,"{""geodesic"":false,""type"":""Point"",""coordinates"":[114.38495549397001,30.119119087837174]}"
3817,20,0,0,0,-26.86786735,-7.657303173,-18.5655404,-8.424196505,0.143740897,1,0,1,2.8371747,"{""geodesic"":false,""type"":""Point"",""coordinates"":[114.47146325583073,30.36193370913468]}"
3818,22,0,0,0,-27.00768226,-9.640255584,-19.40328116,-9.271845516,0.118253893,1,0,1,2.1449616,"{""geodesic"":false,""type"":""Point"",""coordinates"":[114.78677192055667,30.72871583964068]}"
3819,25,0,0,0,-28.80455413,-11.96471015,-18.01839331,-7.938830051,0.160737421,1,0,1,2.350815,"{""geodesic"":false,""type"":""Point"",""coordinates"":[114.1631614503209,30.887987139515072]}"
3820,23,0,0,0,-22.14068794,-4.152231952,-15.15986189,-7.162285362,0.192208002,1,0,1,2.1416585,"{""geodesic"":false,""type"":""Point"",""coordinates"":[114.2345775154084,30.032880820561697]}"
3821,25,0.49755758,-0.61690646,1,-22.01258058,-7.072601429,-20.52676245,-10.84093024,0.082396161,2,0,1,4.7500668,"{""geodesic"":false,""type"":""Point"",""coordinates"":[114.0270666847768,30.59289056868181]}"
3822,18,0.6692015,-0.49199083,1,-27.23573251,-11.01869437,-20.82069292,-12.83141891,0.052102446,2,0,1,1.8543341,"{""geodesic"":false,""type"":""Point"",""coordinates"":[114.21813834570902,30.283241290245808]}"
3823,15,0,0,0,-26.84556335,-8.71339082,-20.16751119,-9.619913299,0.109146213,1,0,1,4.6719785,"{""geodesic"":false,""type"":""Point"",""coordinates"":[114.45691054822798,30.352501398651423]}"
3824,17,0,0,0,-28.82007602,-9.244323637,-24.94077238,-20.02502786,0.009942537,1,0,1,0,"{""geodesic"":false,""type"":""Point"",""coordinates"":[114.25910152266486,30.026682445101276]}"
3825,25,0,0,0,-22.15449175,-3.979677071,-10.89377068,-4.570279305,0.349117862,1,0,1,3.515171,"{""geodesic"":false,""type"":""Point"",""coordinates"":[114.34938220871888,30.609329738381195]}"
3826,23,0.8784119,-0.66533864,1,-27.6046401,-5.606273863,-23.71602481,-8.707913517,0.13465071,2,0,1,2.9802334,"{""geodesic"":false,""type"":""Point"",""coordinates"":[113.77805368801886,30.371905008788406]}"
3827,26,0,0,0,-24.7641713,-5.057658459,-18.11049034,-12.85831001,0.051780829,1,0,1,2.3458652,"{""geodesic"":false,""type"":""Point"",""coordinates"":[114.34264484408799,30.64759796948469]}"
3828,24,0,0,0,-26.58419984,-4.190916842,-18.38026344,-6.656341242,0.215956299,1,0,1,4.2883725,"{""geodesic"":false,""type"":""Point"",""coordinates"":[114.38360802104383,30.287553203609583]}"
3829,24,0.8021713,-0.37266186,1,-25.53729398,-4.698954144,-23.69013389,-8.598344742,0.138091048,2,0,1,2.1427026,"{""geodesic"":false,""type"":""Point"",""coordinates"":[113.84839177476542,30.322048510519775]}"
3830,23,0.7,-0.04,1,-29.12393257,-14.38204222,-19.2360997,-17.90236098,0.016209287,2,0,1,1.4193166,"{""geodesic"":false,""type"":""Point"",""coordinates"":[113.8489307639359,30.34495555026482]}"
3831,22,0.7426901,-0.26577437,1,-33.34965857,-5.419515532,-26.7624396,-5.926157297,0.255496097,2,0,1,0.92740995,"{""geodesic"":false,""type"":""Point"",""coordinates"":[113.79368437396253,30.298063492433783]}"
3832,22,0.63072777,-0.48323795,1,-32.22973046,-11.85803701,-22.95806291,-9.101768378,0.122976793,2,0,1,2.8368196,"{""geodesic"":false,""type"":""Point"",""coordinates"":[113.88773798420985,30.340643636901046]}"
3833,20,0.7081851,-0.40901214,1,-30.63769249,-10.27300832,-26.51066312,-14.93771085,0.032079598,2,0,1,1.8543341,"{""geodesic"":false,""type"":""Point"",""coordinates"":[114.16262246115043,30.298063492433783]}"
3834,23,0.83383685,-0.51129365,1,-29.32646925,-4.850815394,-24.16453336,-11.78649039,0.066275187,2,0,1,0,"{""geodesic"":false,""type"":""Point"",""coordinates"":[113.84273238847547,30.334175766855388]}"
3835,23,0,0,0,-23.37305823,-6.006093627,-17.31596583,-6.296319843,0.234621613,1,0,1,4.285474,"{""geodesic"":false,""type"":""Point"",""coordinates"":[114.42133726297685,30.22071854647109]}"
3836,21,0.5994513,-0.426506,1,-23.94056509,-7.508792852,-16.96811442,-7.656743965,0.171524279,2,0,1,1.0721118,"{""geodesic"":false,""type"":""Point"",""coordinates"":[114.20708906771435,30.11669363657005]}"
3837,18,0,0,0,-26.48109625,-9.688250157,-20.33458263,-10.9711494,0.07996226,1,0,1,1.4194667,"{""geodesic"":false,""type"":""Point"",""coordinates"":[114.44074087311384,30.363011687475623]}"
3838,16,0,0,0,-29.00305442,-14.56692796,-19.41030845,-9.121917913,0.122407551,1,0,1,0,"{""geodesic"":false,""type"":""Point"",""coordinates"":[114.47442769626832,30.203470893015997]}"
3839,21,0.9100529,-0.98324025,1,-26.55176556,-11.17625557,-22.5317661,-15.29028115,0.02957821,2,0,1,2.1429622,"{""geodesic"":false,""type"":""Point"",""coordinates"":[113.7820961067974,30.369210062936048]}"
3840,27,0,0,0,-32.51412778,-14.48304314,-25.37052871,-15.46259535,0.028427618,1,0,1,2.1457438,"{""geodesic"":false,""type"":""Point"",""coordinates"":[114.17367173914509,30.86723605645191]}"
3841,24,0,0,0,-17.35331319,-5.763854807,-9.028120606,-7.991694646,0.158792701,1,0,1,2.1454232,"{""geodesic"":false,""type"":""Point"",""coordinates"":[114.85252859935422,30.81064219355238]}"
3842,21,0,0,0,-24.09834488,-7.127267322,-19.47746187,-15.63552231,0.027317929,1,0,1,0,"{""geodesic"":false,""type"":""Point"",""coordinates"":[114.21598238902713,30.08219832965986]}"
3843,39,0,0,0,-19.69958327,-5.119194434,-11.39081388,-4.515437011,0.353554443,1,0,1,2.1583898,"{""geodesic"":false,""type"":""Point"",""coordinates"":[114.60836650513053,30.79312504551205]}"
3844,49,0,0,0,-21.44660149,-4.437838829,-12.34877316,-4.192480322,0.380848253,1,0,1,1.0760847,"{""geodesic"":false,""type"":""Point"",""coordinates"":[114.45637155905752,30.479433348297512]}"
3845,21,0.44557822,-0.05268935,1,-24.67594288,-7.606726372,-20.73167484,-10.77397237,0.083676357,2,0,1,2.8374376,"{""geodesic"":false,""type"":""Point"",""coordinates"":[113.75865007788188,30.377833889663595]}"
3846,23,0,0,0,-28.64852819,-13.93031503,-21.91434267,-10.41956756,0.090791093,1,0,1,2.1452901,"{""geodesic"":false,""type"":""Point"",""coordinates"":[114.8546845560361,30.786926670051624]}"
3847,24,0.46259543,-0.04080172,1,-25.18093012,-11.22950167,-22.05683582,-15.97628657,0.025256394,2,0,1,1.4196192,"{""geodesic"":false,""type"":""Point"",""coordinates"":[113.75487715368858,30.381337319271662]}"
3848,21,0,0,0,-27.67220907,-6.476867772,-19.78700744,-9.171262917,0.121024615,1,0,1,0.92740995,"{""geodesic"":false,""type"":""Point"",""coordinates"":[114.54746072886724,30.817649052768513]}"
3849,45,0,0,0,-18.38352738,-5.297000306,-10.53313139,-5.328884437,0.293164619,1,0,1,3.3527837,"{""geodesic"":false,""type"":""Point"",""coordinates"":[114.2677253493924,30.397776488971047]}"
3850,21,0,0,0,-33.01645759,-15.23292428,-21.04988793,-12.5000833,0.056233054,1,0,1,1.4233809,"{""geodesic"":false,""type"":""Point"",""coordinates"":[114.17232426621892,30.827889847007476]}"
3851,23,0,0,0,-25.64575494,-4.459202456,-19.27282765,-5.881843118,0.258116453,1,0,1,1.0786071,"{""geodesic"":false,""type"":""Point"",""coordinates"":[114.3480347357927,30.706347789066104]}"
3852,23,0.68850434,-0.55971897,1,-26.30077394,-7.458805574,-21.15915267,-10.58574891,0.087382629,2,0,1,4.2807484,"{""geodesic"":false,""type"":""Point"",""coordinates"":[114.14645278603628,30.442243095534966]}"
3853,20,0,0,0,-24.27060857,-6.552146003,-17.71162015,-6.19757506,0.240017271,1,0,1,2.8385983,"{""geodesic"":false,""type"":""Point"",""coordinates"":[114.28470350826227,30.447632987239682]}"
3854,25,0,0,0,-25.24313601,-8.707492377,-18.27807666,-8.629209467,0.137113133,1,0,1,0.92740995,"{""geodesic"":false,""type"":""Point"",""coordinates"":[114.22837913994798,30.869392013133798]}"
3855,22,0,0,0,-27.41747103,-9.980580614,-22.86730972,-10.05050229,0.098843877,1,0,1,1.4237913,"{""geodesic"":false,""type"":""Point"",""coordinates"":[114.77383618046535,30.87585988317946]}"
3856,26,0.85387456,-0.65405405,1,-27.6529616,-6.830993735,-18.68511098,-7.704921462,0.169632028,2,0,1,3.2189987,"{""geodesic"":false,""type"":""Point"",""coordinates"":[113.86779538490241,30.29024814946194]}"
3857,27,0,0,0,-28.65642334,-11.60759953,-22.30492956,-11.2158168,0.07558199,1,0,1,2.7802885,"{""geodesic"":false,""type"":""Point"",""coordinates"":[114.52805711873025,30.661611687916952]}"
3858,43,0,0,0,-18.73897006,-4.752394684,-7.929777768,-4.622115005,0.344975696,1,0,1,3.7298684,"{""geodesic"":false,""type"":""Point"",""coordinates"":[114.323241233951,30.877476850690872]}"
3859,26,0,0,0,-25.78043137,-8.708327039,-25.07306278,-12.54213361,0.055691208,1,0,1,0.92740995,"{""geodesic"":false,""type"":""Point"",""coordinates"":[114.38172155894718,30.674547428008275]}"
3860,21,0.63829786,-0.24829932,1,-19.84921249,-4.308576436,-14.55073989,-6.745491082,0.211568444,2,0,1,0,"{""geodesic"":false,""type"":""Point"",""coordinates"":[113.89339737049981,30.49075212087742]}"
3861,23,0.7798683,-0.31919643,1,-30.15414031,-11.21197574,-24.27045449,-14.20707952,0.037957015,2,0,1,2.340069,"{""geodesic"":false,""type"":""Point"",""coordinates"":[113.9106450239549,30.36193370913468]}"
3862,23,0.7166948,-0.50427353,1,-41.06477337,-23.28691967,-22.87157694,-14.82157758,0.032949,2,0,1,2.339644,"{""geodesic"":false,""type"":""Point"",""coordinates"":[113.81578292995188,30.340913131486282]}"
3863,23,0.6687898,-0.30898875,1,-33.3945657,-20.37387863,-23.43453852,-20.78408098,0.008348182,2,0,1,3.2159674,"{""geodesic"":false,""type"":""Point"",""coordinates"":[113.82198130541231,30.197542012140808]}"
3864,34,0.3419355,-0.23636363,1,-19.76060268,-4.663205881,-9.899607934,-4.22675875,0.377854088,2,0,1,1.4200523,"{""geodesic"":false,""type"":""Point"",""coordinates"":[114.03569051150434,30.433349774222183]}"
3865,26,0.91593695,-0.47856724,1,-23.19488113,-9.906894873,-19.95973284,-7.337086743,0.184625347,2,0,1,4.3934245,"{""geodesic"":false,""type"":""Point"",""coordinates"":[114.18175657670217,30.44305157929067]}"
3866,19,0.83972126,-0.37931034,1,-28.49512674,-8.625029887,-39.44772489,-23.98492323,0.003994916,2,0,1,1.4171376,"{""geodesic"":false,""type"":""Point"",""coordinates"":[114.2127484540043,30.080850856733683]}"
3867,27,0,0,0,-17.44182722,-5.399603225,-9.859324852,-4.00381858,0.397757284,1,0,1,2.144996,"{""geodesic"":false,""type"":""Point"",""coordinates"":[113.92519773155765,30.73464472051587]}"
3868,18,0,0,0,-25.32829968,-7.100385035,-17.58078143,-7.876226381,0.163071236,1,0,1,2.3497524,"{""geodesic"":false,""type"":""Point"",""coordinates"":[114.4644563966146,30.83678316832026]}"
3869,52,0,0,0,-23.90110362,-7.76589969,-13.80478882,-7.107400673,0.194652476,1,0,1,2.1483064,"{""geodesic"":false,""type"":""Point"",""coordinates"":[114.3458787791108,30.338218185633924]}"
3870,25,0.728022,-0.2616633,1,-29.72916765,-15.14825508,-21.86609251,-11.59133824,0.069321217,2,0,1,0,"{""geodesic"":false,""type"":""Point"",""coordinates"":[113.77778419343363,30.29429056824048]}"
3871,29,0,0,0,-15.23695821,-4.879939289,-7.013124802,-6.196184448,0.240094137,1,0,1,1.4214336,"{""geodesic"":false,""type"":""Point"",""coordinates"":[114.32431921229194,30.59801096580129]}"
3872,22,0.80497926,-0.62401265,1,-36.7580557,-16.23562994,-25.05982323,-12.84385178,0.051953501,2,0,1,3.7136369,"{""geodesic"":false,""type"":""Point"",""coordinates"":[113.86321397695339,30.314233167547933]}"
3873,19,0,0,0,-29.62215505,-5.39057252,-21.35905199,-8.146153312,0.15324442,1,0,1,0,"{""geodesic"":false,""type"":""Point"",""coordinates"":[114.25748455515345,30.212094719743543]}"
3874,20,0.68479776,-0.49425286,1,-31.53875119,-14.83239049,-20.71967256,-11.80244841,0.066032108,2,0,1,3.7153666,"{""geodesic"":false,""type"":""Point"",""coordinates"":[113.78182661221216,30.374869449226]}"
3875,23,0,0,0,-22.52255469,-7.740129821,-13.91375571,-4.830563939,0.328808932,1,0,1,1.4193074,"{""geodesic"":false,""type"":""Point"",""coordinates"":[114.56309141481091,30.343877571923876]}"
3876,27,0,0,0,-24.2789328,-11.0547832,-18.06327575,-10.31050361,0.093099991,1,0,1,1.4238768,"{""geodesic"":false,""type"":""Point"",""coordinates"":[114.16181397739471,30.885831182833186]}"
3877,24,0,0,0,-22.45385784,-7.750193944,-11.87057091,-4.353168551,0.367014434,1,0,1,3.8573892,"{""geodesic"":false,""type"":""Point"",""coordinates"":[114.62103275063662,30.582649774442846]}"
3878,17,0,0,0,-20.54725295,-6.738745946,-16.43318711,-7.771148974,0.167064857,1,0,1,2.8346581,"{""geodesic"":false,""type"":""Point"",""coordinates"":[114.4984127143543,30.20966926847642]}"
3879,24,0,0,0,-24.95691161,-7.896169128,-22.78436926,-11.50469105,0.070718151,1,0,1,2.9818826,"{""geodesic"":false,""type"":""Point"",""coordinates"":[114.05536361622656,30.784231724199266]}"
3880,45,0,0,0,-23.42373,-8.966407417,-13.61473771,-5.209517275,0.301334094,1,0,1,2.8453903,"{""geodesic"":false,""type"":""Point"",""coordinates"":[114.96895026017611,30.85025789758205]}"
3881,25,0.29108328,0.19366197,1,-20.66436485,-3.615771374,-15.21165575,-8.79871208,0.131864773,2,0,1,3.2210212,"{""geodesic"":false,""type"":""Point"",""coordinates"":[113.89420585425552,30.351962409480954]}"
3882,25,0.69871795,-0.092337914,1,-30.58448587,-12.89295204,-23.58174125,-20.45016955,0.009015359,2,0,1,2.980117,"{""geodesic"":false,""type"":""Point"",""coordinates"":[113.8316831104808,30.3425300989977]}"
3883,21,0,0,0,-29.70922943,-8.110151599,-21.22905157,-6.534372288,0.222107269,1,0,1,1.4228581,"{""geodesic"":false,""type"":""Point"",""coordinates"":[114.18094809294647,30.7664450815737]}"
3884,15,0,0,0,-23.77122176,-4.007770492,-18.34441831,-6.056200007,0.24795907,1,0,1,0,"{""geodesic"":false,""type"":""Point"",""coordinates"":[114.56740332817469,30.36759309542463]}"
3885,20,0,0,0,-29.53783938,-12.393574,-20.8873793,-9.793699722,0.104864871,1,0,1,1.4233477,"{""geodesic"":false,""type"":""Point"",""coordinates"":[114.18526000631024,30.823847428228937]}"
3886,20,0,0,0,-24.45735577,-7.610582563,-20.84303241,-10.17195843,0.096117874,1,0,1,0,"{""geodesic"":false,""type"":""Point"",""coordinates"":[114.31246145054156,30.683979738491526]}"
3887,21,0,0,0,-25.91810923,-7.623739682,-17.95717279,-5.919417177,0.255892927,1,0,1,2.7802885,"{""geodesic"":false,""type"":""Point"",""coordinates"":[114.51727733532081,30.315580640474113]}"
3888,26,0,0,0,-22.75673053,-10.15799666,-20.21214213,-13.52154491,0.044447313,1,0,1,1.4213213,"{""geodesic"":false,""type"":""Point"",""coordinates"":[114.62938708277893,30.58480573112473]}"
3889,25,0.8604651,-0.42307693,1,-39.7125594,-26.98505417,-24.78090713,-19.23246667,0.011933101,2,0,1,1.8543341,"{""geodesic"":false,""type"":""Point"",""coordinates"":[113.81901686497471,30.328516380565432]}"
3890,21,0,0,0,-27.13960263,-6.35343397,-20.93329725,-8.173211589,0.152292614,1,0,1,1.423234,"{""geodesic"":false,""type"":""Point"",""coordinates"":[114.5488082017934,30.81064219355238]}"
3891,23,0,0,0,-27.76439682,-9.599766484,-18.88683186,-8.445336823,0.143042904,1,0,1,3.7256846,"{""geodesic"":false,""type"":""Point"",""coordinates"":[114.63908888784742,30.733836236760162]}"
3892,21,0,0,0,-23.02026423,-7.841592052,-19.82143996,-9.135353672,0.122029444,1,0,1,4.3772097,"{""geodesic"":false,""type"":""Point"",""coordinates"":[114.44828672150044,30.0614472465967]}"
3893,21,0.21354167,0.11735537,1,-28.90080869,-7.318837894,-20.07312988,-8.618692394,0.137445574,2,0,1,2.8343656,"{""geodesic"":false,""type"":""Point"",""coordinates"":[114.19038040342973,30.191882625850855]}"
3894,22,0,0,0,-26.45515358,-7.675860558,-23.43030741,-10.29924855,0.093341579,1,0,1,2.9797108,"{""geodesic"":false,""type"":""Point"",""coordinates"":[114.24158437462454,30.23904417826713]}"
3895,22,0.23326571,0.2654321,1,-24.66617799,-7.179289786,-18.68879568,-14.65110349,0.03426807,2,0,1,3.7147815,"{""geodesic"":false,""type"":""Point"",""coordinates"":[113.80823708156528,30.354387860748076]}"
3896,25,1,-1,1,-25.56389791,-9.131528047,-26.96124337,-25.67733223,0.00270562,2,0,1,1.0757228,"{""geodesic"":false,""type"":""Point"",""coordinates"":[114.15076469940006,30.446555008898738]}"
3897,22,0,0,0,-27.96792367,-11.69764024,-20.00458838,-7.354113925,0.183902913,1,0,1,4.7505155,"{""geodesic"":false,""type"":""Point"",""coordinates"":[114.12165928419458,30.771295984107947]}"
3898,24,0,0,0,-23.70720939,-5.318237162,-20.48302993,-8.013449131,0.157999272,1,0,1,0.92740995,"{""geodesic"":false,""type"":""Point"",""coordinates"":[114.79216181226138,30.869392013133798]}"
3899,20,0,0,0,-26.6852405,-7.819543357,-19.32992196,-10.56360059,0.087829405,1,0,1,1.8543341,"{""geodesic"":false,""type"":""Point"",""coordinates"":[114.25236415803397,30.678320352201574]}"
3900,28,0.7947598,-0.45135567,1,-29.89307505,-15.11317577,-22.75431003,-16.54850238,0.02213858,2,0,1,0.92740995,"{""geodesic"":false,""type"":""Point"",""coordinates"":[114.11950332751269,30.323665478031188]}"
3901,26,0,0,0,-29.83722584,-11.77432658,-22.19052343,-12.4599226,0.056755472,1,0,1,1.4238055,"{""geodesic"":false,""type"":""Point"",""coordinates"":[114.18660747923641,30.877476850690872]}"
3902,16,0,0,0,-17.95084833,-6.102276943,-7.264174766,-5.249326682,0.29858455,1,0,1,2.1434467,"{""geodesic"":false,""type"":""Point"",""coordinates"":[114.33968040365039,30.457065297722938]}"
3903,20,0.7830803,-0.6599634,1,-27.00490105,-5.404447062,-22.87528412,-5.764314956,0.265196937,2,0,1,0,"{""geodesic"":false,""type"":""Point"",""coordinates"":[113.97559321899675,30.439009160512136]}"
3904,22,0.8521739,-0.34516767,1,-26.36844532,-13.35609122,-25.60370824,-17.34923824,0.018410949,2,0,1,1.4188994,"{""geodesic"":false,""type"":""Point"",""coordinates"":[113.81147101658811,30.294829557410953]}"
3905,22,0.82758623,-0.34153846,1,-36.24796359,-13.10240829,-24.30436154,-13.20363473,0.047822968,2,0,1,3.508027,"{""geodesic"":false,""type"":""Point"",""coordinates"":[114.20089069225392,30.075191470443727]}"
3906,23,0,0,0,-30.55994819,-5.179946114,-22.56492185,-12.18710905,0.060435079,1,0,1,2.3346393,"{""geodesic"":false,""type"":""Point"",""coordinates"":[114.27122877900048,30.09055266180217]}"
3907,25,0.85026735,-0.55060726,1,-31.47246347,-11.33948036,-24.01929324,-12.21097208,0.060103919,2,0,1,0.92740995,"{""geodesic"":false,""type"":""Point"",""coordinates"":[113.79368437396253,30.318814575496944]}"
3908,23,0,0,0,-22.62458466,-5.708394394,-19.25316696,-10.16303089,0.096315661,1,0,1,3.2316551,"{""geodesic"":false,""type"":""Point"",""coordinates"":[114.47334971792738,30.672930460496858]}"
3909,23,0,0,0,-33.02486935,-11.02826721,-20.0094308,-8.487114928,0.141673462,1,0,1,2.3452976,"{""geodesic"":false,""type"":""Point"",""coordinates"":[114.64771271457496,30.619840027205395]}"
3910,22,0,0,0,-26.30823142,-9.695770784,-19.71472252,-7.193898453,0.190813964,1,0,1,2.7802885,"{""geodesic"":false,""type"":""Point"",""coordinates"":[114.78488545846002,30.79770645346106]}"
3911,21,0.34421366,-0.037671234,1,-29.08169125,-10.4425303,-19.31594341,-6.968144583,0.200995133,2,0,1,1.4190469,"{""geodesic"":false,""type"":""Point"",""coordinates"":[114.1354035080416,30.31261620003652]}"
3912,31,0,0,0,-15.870699,-6.571480795,-7.877495049,-4.807918382,0.330527928,1,0,1,0,"{""geodesic"":false,""type"":""Point"",""coordinates"":[114.4119049524936,30.384301759709256]}"
3913,23,0.3759086,0.034548946,1,-19.41840089,-4.182153398,-16.3751938,-8.948530627,0.127393403,2,0,1,1.4206448,"{""geodesic"":false,""type"":""Point"",""coordinates"":[113.84003744262311,30.50422685013921]}"
3914,26,0.74651814,-0.35753176,1,-35.68485025,-22.7992316,-23.26037171,-17.55087402,0.017575699,2,0,1,1.8543341,"{""geodesic"":false,""type"":""Point"",""coordinates"":[113.81793888663377,30.335523239781566]}"
3915,24,0.78783596,-0.29482073,1,-30.26387835,-13.41816681,-19.7142332,-12.71879472,0.053471274,2,0,1,2.1425319,"{""geodesic"":false,""type"":""Point"",""coordinates"":[113.80096072776391,30.290787138632414]}"
3916,17,0,0,0,-28.59964567,-4.942574167,-23.09728765,-4.615779277,0.345479333,1,0,1,0.92740995,"{""geodesic"":false,""type"":""Point"",""coordinates"":[114.23592498833459,30.074382986688022]}"
3917,22,0,0,0,-24.89072974,-8.482106586,-20.01684891,-10.16999255,0.096161393,1,0,1,3.2365973,"{""geodesic"":false,""type"":""Point"",""coordinates"":[114.63262101780177,30.820613493206107]}"
3918,22,0.73364854,-0.5210356,1,-23.6095005,-4.649650892,-20.70905698,-6.227289993,0.238380651,2,0,1,2.7802885,"{""geodesic"":false,""type"":""Point"",""coordinates"":[113.99769177498608,30.602322879165065]}"
3919,23,0.32448378,0.19371727,1,-28.26941115,-12.65320245,-23.17841064,-12.86636594,0.051684867,2,0,1,1.074004,"{""geodesic"":false,""type"":""Point"",""coordinates"":[113.79341487937731,30.29024814946194]}"
3920,22,0,0,0,-30.59757033,-17.26103389,-21.70638725,-20.40033641,0.009119402,1,0,1,3.2163024,"{""geodesic"":false,""type"":""Point"",""coordinates"":[114.26179646851722,30.207782806379768]}"
3921,20,0,0,0,-23.27753553,-4.627808256,-21.29255392,-7.829386488,0.164839524,1,0,1,4.896765,"{""geodesic"":false,""type"":""Point"",""coordinates"":[114.27742715446091,30.04258262563019]}"
3922,25,0.83832335,-0.52463454,1,-28.12165709,-11.51040463,-20.45339715,-7.861148225,0.163638382,2,0,1,1.8543341,"{""geodesic"":false,""type"":""Point"",""coordinates"":[114.17232426621892,30.43927865509737]}"
3923,20,0,0,0,-24.3654133,-4.461023286,-20.34610962,-9.570477518,0.110395723,1,0,1,2.1443439,"{""geodesic"":false,""type"":""Point"",""coordinates"":[114.62184123439233,30.618223059693978]}"
3924,20,0.52427185,-0.26284438,1,-30.25625733,-8.827664228,-22.54527727,-11.45361806,0.071554705,2,0,1,0,"{""geodesic"":false,""type"":""Point"",""coordinates"":[114.21463491610095,30.28189381731963]}"
3925,16,0,0,0,-27.27995952,-4.80189032,-22.27114085,-9.571857037,0.110360662,1,0,1,0,"{""geodesic"":false,""type"":""Point"",""coordinates"":[114.36636036758874,30.188109701657552]}"
3926,28,0,0,0,-27.94952985,-11.53987487,-22.0545629,-14.48520771,0.035602396,1,0,1,2.3504357,"{""geodesic"":false,""type"":""Point"",""coordinates"":[114.2308045912151,30.869661507719034]}"
3927,26,0,0,0,-13.53595532,-4.056984271,-0.209163306,-4.074292759,0.391354853,1,0,1,3.8574922,"{""geodesic"":false,""type"":""Point"",""coordinates"":[114.25694556598297,30.616067103012092]}"
3928,25,0.86479366,-0.42408377,1,-32.28488949,-15.21026081,-19.01583025,-13.49218716,0.044748789,2,0,1,2.143025,"{""geodesic"":false,""type"":""Point"",""coordinates"":[113.76996885046178,30.380528835515953]}"
3929,25,0.81104034,-0.4212121,1,-29.11990961,-12.44404113,-25.00376557,-21.1839645,0.007613837,2,0,1,1.0739858,"{""geodesic"":false,""type"":""Point"",""coordinates"":[113.77293329089937,30.288631181950528]}"
3930,24,0.7823961,-0.46469623,1,-26.21267646,-10.41992188,-21.06029673,-13.5484875,0.044172426,2,0,1,2.3395767,"{""geodesic"":false,""type"":""Point"",""coordinates"":[113.75595513202953,30.337409701878215]}"
3931,20,0.87955,-0.5743829,1,-27.46490682,-8.978748999,-23.04141944,-13.37557471,0.045966616,2,0,1,4.2772813,"{""geodesic"":false,""type"":""Point"",""coordinates"":[114.20089069225392,30.12450897954189]}"
3932,22,0.9364341,-0.54844004,1,-32.6589826,-12.18909514,-23.63184085,-8.535177023,0.140114247,2,0,1,2.3346612,"{""geodesic"":false,""type"":""Point"",""coordinates"":[114.1707072987075,30.091630640143116]}"
3933,19,0,0,0,-22.77850893,-5.377869765,-16.5401409,-6.386318689,0.229809581,1,0,1,0,"{""geodesic"":false,""type"":""Point"",""coordinates"":[114.4202592846359,30.405861326528125]}"
3934,25,0,0,0,-25.7821248,-9.69130637,-15.03918209,-6.565326626,0.220529827,1,0,1,1.4184719,"{""geodesic"":false,""type"":""Point"",""coordinates"":[114.22083329156138,30.243086597045668]}"
3935,20,0.5730487,-0.117685735,1,-24.93457925,-4.25049516,-22.26328029,-13.31453146,0.046617272,2,0,1,0.92740995,"{""geodesic"":false,""type"":""Point"",""coordinates"":[114.15696307486047,30.309112770428452]}"
3936,34,0,0,0,-14.42425846,-4.597775494,-7.717958494,-6.001998994,0.251073051,1,0,1,2.3433402,"{""geodesic"":false,""type"":""Point"",""coordinates"":[114.30761054800732,30.523630460276195]}"
3937,19,0,0,0,-26.08267604,-4.821045878,-19.43220367,-12.72864534,0.053350128,1,0,1,4.247257,"{""geodesic"":false,""type"":""Point"",""coordinates"":[114.33994989823562,30.193230098777033]}"
3938,21,0,0,0,-20.36464281,-7.156337561,-13.23719167,-6.611256435,0.218209853,1,0,1,3.363124,"{""geodesic"":false,""type"":""Point"",""coordinates"":[114.19145838177067,30.721978475009784]}"
3939,23,0.62693155,-0.25915492,1,-27.43837461,-6.728939034,-26.51782119,-15.00279196,0.031602454,2,0,1,1.4189179,"{""geodesic"":false,""type"":""Point"",""coordinates"":[113.78667751474642,30.29698551409284]}"
3940,18,0,0,0,-24.1154072,-4.814665795,-20.15901031,-7.000432162,0.199506378,1,0,1,0,"{""geodesic"":false,""type"":""Point"",""coordinates"":[114.32404971770671,30.435775225489305]}"
3941,19,0.49635038,-0.22178218,1,-23.94786551,-9.402110739,-19.04492739,-8.812631328,0.13144282,2,0,1,2.1421916,"{""geodesic"":false,""type"":""Point"",""coordinates"":[114.16343094490614,30.228533889442932]}"
3942,20,0.7380156,-0.21003135,1,-24.72952401,-11.58240845,-19.25050012,-9.969561252,0.10070334,2,0,1,2.1429393,"{""geodesic"":false,""type"":""Point"",""coordinates"":[113.86941235241382,30.364898149572273]}"
3943,23,0.8168724,-0.44808742,1,-33.16299546,-6.79949369,-24.99931357,-4.57427397,0.348796889,2,0,1,3.3517914,"{""geodesic"":false,""type"":""Point"",""coordinates"":[113.89582282176693,30.36651511708369]}"
3944,23,0.7690583,-0.46317512,1,-28.44276478,-8.559640896,-22.10186002,-12.41897114,0.057293175,2,0,1,2.836631,"{""geodesic"":false,""type"":""Point"",""coordinates"":[113.88153960874943,30.329055369735904]}"
3945,25,0,0,0,-29.61966654,-15.08161379,-23.993447,-13.52273362,0.044435149,1,0,1,3.7292595,"{""geodesic"":false,""type"":""Point"",""coordinates"":[114.17151578246322,30.85672576762771]}"
3946,23,0,0,0,-24.19566115,-7.152533567,-21.63611145,-12.26277419,0.059391266,1,0,1,0.92740995,"{""geodesic"":false,""type"":""Point"",""coordinates"":[114.5118874436161,30.378372878834067]}"
3947,23,0.6043636,-0.11676647,1,-27.97765398,-15.39460842,-19.92238227,-13.36218856,0.046108516,2,0,1,4.7494016,"{""geodesic"":false,""type"":""Point"",""coordinates"":[113.86644791197622,30.324473961786897]}"
3948,22,0.26928896,-0.06741573,1,-24.77323202,-5.391983125,-17.46651465,-8.225213473,0.150479955,2,0,1,1.4195313,"{""geodesic"":false,""type"":""Point"",""coordinates"":[114.04754827325472,30.37082703044746]}"
3949,20,0.50952774,-0.08790252,1,-24.64422309,-5.109693824,-19.74323149,-6.144851728,0.242948839,2,0,1,2.143034,"{""geodesic"":false,""type"":""Point"",""coordinates"":[114.02841415770297,30.38214580302737]}"
3950,28,0,0,0,-26.48807823,-9.395095319,-19.16793487,-10.35486124,0.092153933,1,0,1,1.4237152,"{""geodesic"":false,""type"":""Point"",""coordinates"":[114.17367173914509,30.866966561866676]}"
3951,16,0,0,0,-24.60735731,-8.384209223,-16.79925443,-8.411565451,0.144159562,1,0,1,0,"{""geodesic"":false,""type"":""Point"",""coordinates"":[114.45987498866558,30.691256092292896]}"
3952,24,0,0,0,-24.77621151,-7.464811765,-19.91596976,-11.50519533,0.07070994,1,0,1,2.1552732,"{""geodesic"":false,""type"":""Point"",""coordinates"":[114.8358199350696,30.653526850359878]}"
3953,22,0.6978417,-0.6089386,1,-29.23423171,-11.24751072,-19.4535022,-12.2085568,0.060137355,2,0,1,3.22481,"{""geodesic"":false,""type"":""Point"",""coordinates"":[113.7963793198149,30.467036597376662]}"
3954,18,0,0,0,-27.67938132,-8.415444082,-17.78846434,-5.034810963,0.313703167,1,0,1,1.8543341,"{""geodesic"":false,""type"":""Point"",""coordinates"":[114.62884809360845,30.727907355884973]}"
3955,82,0,0,0,-28.19251672,-7.301049608,-23.04530144,-10.90358612,0.081215961,1,0,1,2.8496242,"{""geodesic"":false,""type"":""Point"",""coordinates"":[114.20035170308346,31.096845443072862]}"
3956,24,0,0,0,-20.05749682,-6.952645214,-8.260602065,-13.30665986,0.046701842,1,0,1,2.8385565,"{""geodesic"":false,""type"":""Point"",""coordinates"":[114.29979520503548,30.444938041387324]}"
3957,18,0,0,0,-28.140099,-7.722996274,-19.44859007,-13.27004018,0.047097297,1,0,1,4.3899403,"{""geodesic"":false,""type"":""Point"",""coordinates"":[114.43346451931247,30.361664214549442]}"
3958,24,0,0,0,-21.91289198,-5.083801916,-13.36797867,-5.377734063,0.289885568,1,0,1,3.7313404,"{""geodesic"":false,""type"":""Point"",""coordinates"":[114.36285693798067,30.92787233812998]}"
3959,23,0.74666667,-0.47005987,1,-29.95117236,-12.63324616,-22.37442456,-13.47846637,0.044890388,2,0,1,2.836548,"{""geodesic"":false,""type"":""Point"",""coordinates"":[113.87345477119236,30.32420446720166]}"
3960,18,0,0,0,-26.93723991,-5.939052533,-23.10567545,-9.594569941,0.109785,1,0,1,0,"{""geodesic"":false,""type"":""Point"",""coordinates"":[114.39896921240228,30.439548149682608]}"
3961,22,0,0,0,-25.46871086,-11.08892828,-19.14246707,-8.123309634,0.154052601,1,0,1,2.8453999,"{""geodesic"":false,""type"":""Point"",""coordinates"":[114.63854989867696,30.850796886752523]}"
3962,16,0,0,0,-26.8062151,-6.207075661,-19.57385044,-8.786745982,0.132228601,1,0,1,0,"{""geodesic"":false,""type"":""Point"",""coordinates"":[114.3946572990385,30.68182378180964]}"
3963,19,0,0,0,-28.46575083,-8.674307351,-21.73501691,-10.39865097,0.091229418,1,0,1,3.5181196,"{""geodesic"":false,""type"":""Point"",""coordinates"":[114.17394123373033,30.82519490115512]}"
3964,17,0,0,0,-26.69186668,-4.347216679,-22.53322883,-10.26213775,0.094142608,1,0,1,2.3393588,"{""geodesic"":false,""type"":""Point"",""coordinates"":[114.4488257106709,30.326629918468782]}"
3965,22,0,0,0,-21.35973427,-3.994478962,-13.678832,-6.057119381,0.247906584,1,0,1,2.155564,"{""geodesic"":false,""type"":""Point"",""coordinates"":[114.52266722702554,30.666732085036433]}"
3966,17,0,0,0,-26.52824812,-6.833059749,-23.54179106,-8.479812174,0.14191189,1,0,1,0,"{""geodesic"":false,""type"":""Point"",""coordinates"":[114.242123363795,30.048511506505378]}"
3967,21,0.59304166,-0.20942642,1,-19.87839541,-3.630740483,-16.24804396,-10.20842338,0.095314212,2,0,1,3.8566296,"{""geodesic"":false,""type"":""Point"",""coordinates"":[113.77940116094504,30.334714756025857]}"
3968,18,0,0,0,-32.18335216,-11.94341963,-26.55956502,-11.3904752,0.072602651,1,0,1,4.6273675,"{""geodesic"":false,""type"":""Point"",""coordinates"":[114.45340711861992,30.12774291456472]}"
3969,27,0.8508914,-0.51932365,1,-29.20135761,-10.86914219,-19.70651058,-9.211435335,0.119910294,2,0,1,3.3474987,"{""geodesic"":false,""type"":""Point"",""coordinates"":[114.04081090862383,30.22988136236911]}"
3970,27,0.8901569,-0.6986667,1,-21.776868,-3.808739072,-19.84724203,-13.25163495,0.047297317,2,0,1,1.4201821,"{""geodesic"":false,""type"":""Point"",""coordinates"":[114.16531740700279,30.44898046016586]}"
3971,20,0,0,0,-28.77213065,-11.54089573,-21.47882264,-12.928904,0.050945942,1,0,1,2.1455238,"{""geodesic"":false,""type"":""Point"",""coordinates"":[114.1871464684069,30.82842883617795]}"
3972,19,0,0,0,-23.42991891,-3.562936942,-21.14300654,-8.54128265,0.139917403,1,0,1,1.4181694,"{""geodesic"":false,""type"":""Point"",""coordinates"":[114.49787372518384,30.20643533345359]}"
3973,19,0.6249051,-0.3152985,1,-24.15393172,-7.013339236,-20.81687668,-8.111585548,0.154469039,2,0,1,0,"{""geodesic"":false,""type"":""Point"",""coordinates"":[114.18633798465119,30.267880098887368]}"
3974,43,0,0,0,-11.73663122,-4.16093083,-4.014098298,-5.820543281,0.261785551,1,0,1,4.7500286,"{""geodesic"":false,""type"":""Point"",""coordinates"":[114.27958311114278,30.577529377323366]}"
3975,20,0,0,0,-24.90236605,-8.260794721,-14.33768404,-5.163087547,0.304572891,1,0,1,2.3388007,"{""geodesic"":false,""type"":""Point"",""coordinates"":[114.58303401411837,30.29887197618949]}"
3976,26,0,0,0,-20.27436925,-4.767201628,-13.86602562,-4.621359039,0.34503575,1,0,1,1.077202,"{""geodesic"":false,""type"":""Point"",""coordinates"":[114.64097534994407,30.580224323175724]}"
3977,26,0,0,0,-27.20139799,-7.489662295,-18.08003347,-5.332097896,0.292947779,1,0,1,2.144611,"{""geodesic"":false,""type"":""Point"",""coordinates"":[114.52212823785506,30.66619309586596]}"
3978,31,0,0,0,-19.40912144,-4.754161368,-13.19960511,-4.903632801,0.323323089,1,0,1,1.0826201,"{""geodesic"":false,""type"":""Point"",""coordinates"":[114.31892932058723,31.06235013616267]}"
3979,18,0,0,0,-30.32509522,-13.38945256,-16.57251406,-7.542294417,0.176104542,1,0,1,4.40759,"{""geodesic"":false,""type"":""Point"",""coordinates"":[114.2555980930568,30.77048750035224]}"
3980,25,0,0,0,-29.59600733,-7.031222002,-19.27066638,-6.8107663,0.208412311,1,0,1,1.8543341,"{""geodesic"":false,""type"":""Point"",""coordinates"":[114.20466361644722,30.859959702650542]}"
3981,37,0,0,0,-24.21146391,-9.294385925,-15.51069154,-8.904786697,0.128683045,1,0,1,3.3597114,"{""geodesic"":false,""type"":""Point"",""coordinates"":[114.51970278658794,30.61552811384162]}"
3982,22,0.21253072,-0.15177065,1,-23.66933786,-6.13660043,-15.98495337,-5.129181595,0.306960038,2,0,1,1.4190952,"{""geodesic"":false,""type"":""Point"",""coordinates"":[113.87075982534,30.31827558632647]}"
3983,21,0,0,0,-26.2473002,-7.472787112,-21.20881766,-7.574879699,0.174788168,1,0,1,2.7802885,"{""geodesic"":false,""type"":""Point"",""coordinates"":[114.20789755147005,30.707695261992285]}"
3984,18,0,0,0,-22.00509534,-4.437727393,-17.43197681,-6.157790108,0.242226129,1,0,1,1.4189271,"{""geodesic"":false,""type"":""Point"",""coordinates"":[114.4450527864776,30.298063492433783]}"
3985,22,0,0,0,-23.7857074,-4.672552604,-21.54973803,-8.02286068,0.157657245,1,0,1,2.8339775,"{""geodesic"":false,""type"":""Point"",""coordinates"":[114.23861993418694,30.168436596935337]}"
3986,20,0,0,0,-25.30369515,-8.593197304,-20.00407379,-9.126133009,0.122288804,1,0,1,2.1415312,"{""geodesic"":false,""type"":""Point"",""coordinates"":[114.48412950133681,30.107261326086796]}"
3987,20,0,0,0,-32.1510424,-12.38277592,-21.81045274,-11.93387053,0.064063837,1,0,1,1.4174678,"{""geodesic"":false,""type"":""Point"",""coordinates"":[114.25290314720444,30.121005549933823]}"
3988,26,0,0,0,-8.789849591,-6.175420109,-5.573055643,-5.911926404,0.256334676,1,0,1,4.9112315,"{""geodesic"":false,""type"":""Point"",""coordinates"":[114.27015080065954,30.715510604964123]}"
3989,27,0.77744806,-0.4939759,1,-25.9104113,-8.41200866,-19.36013303,-10.93162521,0.0806933,2,0,1,0.92740995,"{""geodesic"":false,""type"":""Point"",""coordinates"":[113.87992264123801,30.303992373308972]}"
3990,24,0,0,0,-26.09950675,-9.559355595,-17.63713681,-8.307734367,0.147647658,1,0,1,0,"{""geodesic"":false,""type"":""Point"",""coordinates"":[114.77626163173248,30.87828533444658]}"
3991,26,0,0,0,-25.78866241,-7.786602181,-20.274698,-12.16657916,0.060721443,1,0,1,2.3463655,"{""geodesic"":false,""type"":""Point"",""coordinates"":[114.51619935697987,30.671852482155916]}"
3992,21,0,0,0,-27.0292192,-11.63678683,-21.45666752,-13.1184268,0.048770513,1,0,1,2.834014,"{""geodesic"":false,""type"":""Point"",""coordinates"":[114.25074719052256,30.170592553617222]}"
3993,25,0,0,0,-23.81751282,-8.732551875,-17.50902905,-8.616145307,0.137526208,1,0,1,1.422149,"{""geodesic"":false,""type"":""Point"",""coordinates"":[114.31704285849058,30.682901760150585]}"
3994,16,0,0,0,-26.23850756,-9.27724103,-16.73693572,-5.121354367,0.307513767,1,0,1,3.7167845,"{""geodesic"":false,""type"":""Point"",""coordinates"":[114.53021307541214,30.424725947494636]}"
3995,26,0.67315173,-0.48549536,1,-27.3983256,-10.65028144,-19.09661286,-7.779196673,0.166755564,2,0,1,2.3415942,"{""geodesic"":false,""type"":""Point"",""coordinates"":[114.19657877889014,30.43739219300072]}"
3996,24,0.2534413,-0.3560844,1,-20.15140546,-5.872118165,-11.29832579,-5.110380681,0.308291771,2,0,1,1.4202472,"{""geodesic"":false,""type"":""Point"",""coordinates"":[113.91765188317103,30.4567958031377]}"
3997,23,0.6754808,-0.26860842,1,-30.65636887,-13.59558281,-25.16849849,-16.83038048,0.020747317,2,0,1,1.8543341,"{""geodesic"":false,""type"":""Point"",""coordinates"":[113.79610982522966,30.30021944911567]}"
3998,25,0,0,0,-25.85209128,-10.16019325,-15.87986838,-5.124821268,0.307268382,1,0,1,2.1613214,"{""geodesic"":false,""type"":""Point"",""coordinates"":[114.36447390549209,30.92329093018097]}"
3999,25,0.7055703,-0.540856,1,-27.16073755,-4.512202901,-21.36754179,-4.691898321,0.339476853,2,0,1,1.4192935,"{""geodesic"":false,""type"":""Point"",""coordinates"":[113.75191271325099,30.342260604412463]}"
